"adjusted_odds","away_team","away_team_color","away_team_market","away_team_name","board_time","custom_image","description","duration","end_time","event_type","flash_line","game_end","game_is_live","game_start","game_status","home_team","home_team_color","home_team_market","home_team_name","hot","in_game","is_live","is_live_scored","is_promo","league","league_id","line","odds_tier","player_combo","player_id","player_image","player_jersey","player_market","player_name","player_position","player_team","player_team_name","projection_id","projection_type","projection_type_name","rank","refundable","start_time","stat","stat_rank","stat_short","status","today","tv_channel","updated_at"
,"CLE","860038","Cleveland","Cavaliers","2026-05-12T01:19:12.421-04:00",,"CLE","Full",,"team",,,"false","2026-05-13T20:00:00.000-04:00","scheduled","DET","006cb6","Detroit","Pistons","true","false","false","true","false","NBA","7","11.5","standard","false","279579","https://static.prizepicks.com/images/players/NBA/Daniss_Jenkins_NBA_player_gomI5shGs9qQrrpbBB8lXZ43.webp","24","Detroit","Daniss Jenkins","G","DET","Pistons","12041965","Single Stat","Single Stat","1","true","2026-05-13T13:10:00.000-04:00","Pts+Rebs","12","Pts+Rebs","pre_game","true",,"2026-05-13T09:58:31.934-04:00"
"false","CLE","860038","Cleveland","Cavaliers","2026-05-10T23:44:00.000-04:00",,"CLE/DET","Full",,"combo",,,"false","2026-05-13T20:00:00.000-04:00","scheduled","DET","006cb6","Detroit","Pistons","true","false","false","true","false","NBA","7","27.5","standard","true","316535","https://static.prizepicks.com/images/players/CMBO_group_w6HvIEywbZHHcSmoxEsFgau4.webp","0 + 4",,"Jalen Duren + Evan Mobley","C","DET/CLE","Pistons/Cavaliers","12060550","Single Stat","Single Stat","5","true","2026-05-13T20:10:00.000-04:00","Points (Combo)","34","Points","pre_game","true",,"2026-05-13T10:14:19.231-04:00"
"false","CLE","860038","Cleveland","Cavaliers","2026-05-10T23:44:00.000-04:00",,"CLE/DET","Full",,"combo",,,"false","2026-05-13T20:00:00.000-04:00","scheduled","DET","006cb6","Detroit","Pistons","true","false","false","true","false","NBA","7","24.5","standard","true","316532","https://static.prizepicks.com/images/players/CMBO_group_fi4HPhsB8NmHkOeH18wixNGC.webp","0 + 31",,"Jalen Duren + Jarrett Allen","C","DET/CLE","Pistons/Cavaliers","12060562","Single Stat","Single Stat","6","true","2026-05-13T20:10:00.000-04:00","Points (Combo)","34","Points","pre_game","true",,"2026-05-13T08:53:52.104-04:00"
"false","CLE","860038","Cleveland","Cavaliers","2026-05-10T23:44:00.000-04:00",,"CLE/DET","Full",,"combo",,,"false","2026-05-13T20:00:00.000-04:00","scheduled","DET","006cb6","Detroit","Pistons","true","false","false","true","false","NBA","7","6.5","standard","true","316541","https://static.prizepicks.com/images/players/CMBO_group_tDaeDLnCW6RBiXFDUIBCaYH1.webp","9 + 4",,"Ausar Thompson + Evan Mobley","G-F","DET/CLE","Pistons/Cavaliers","12060569","Single Stat","Single Stat","7","true","2026-05-13T20:10:00.000-04:00","Assists (Combo)","36","Assists","pre_game","true",,"2026-05-13T08:53:52.104-04:00"
"false","CLE","860038","Cleveland","Cavaliers","2026-05-10T23:44:00.000-04:00",,"CLE/DET","Full",,"combo",,,"false","2026-05-13T20:00:00.000-04:00","scheduled","DET","006cb6","Detroit","Pistons","true","false","false","true","false","NBA","7","54.5","standard","true","316537","https://static.prizepicks.com/images/players/CMBO_group_P2BfS0hCfWpj5rNOvFHkfUMH.webp","2 + 45",,"Cade Cunningham + Donovan Mitchell","G","DET/CLE","Pistons/Cavaliers","12041589","Single Stat","Single Stat","10","true","2026-05-13T20:10:00.000-04:00","Points (Combo)","34","Points","pre_game","true",,"2026-05-13T12:44:42.786-04:00"
"false","CLE","860038","Cleveland","Cavaliers","2026-05-11T14:39:00.000-04:00",,"CLE","Full",,"team",,,"false","2026-05-13T20:00:00.000-04:00","scheduled","DET","006cb6","Detroit","Pistons","true","false","false","true","false","NBA","7","48.5","standard","false","59107","https://static.prizepicks.com/images/players/NBA/Cade_Cunningham_NBA_player_mq8YRxGgt7Csv81PJK3QsXJu.webp","2","Detroit","Cade Cunningham","G","DET","Pistons","12053092","Fantasy Score","Fantasy Score","13","true","2026-05-13T20:10:00.000-04:00","Fantasy Score","6","Fantasy Score","pre_game","true",,"2026-05-13T09:03:48.467-04:00"
,"CLE","860038","Cleveland","Cavaliers","2026-05-11T22:45:28.587-04:00",,"CLE","Full",,"team",,,"false","2026-05-13T20:00:00.000-04:00","scheduled","DET","006cb6","Detroit","Pistons","true","false","false","true","false","NBA","7","41.5","standard","false","59107","https://static.prizepicks.com/images/players/NBA/Cade_Cunningham_NBA_player_mq8YRxGgt7Csv81PJK3QsXJu.webp","2","Detroit","Cade Cunningham","G","DET","Pistons","12039478","Single Stat","Single Stat","23","true","2026-05-13T20:10:00.000-04:00","Pts+Rebs+Asts","3","PRA","pre_game","true",,"2026-05-13T08:53:52.104-04:00"
"false","CLE","860038","Cleveland","Cavaliers","2026-05-11T14:39:00.000-04:00",,"DET","Full",,"team",,,"false","2026-05-13T20:00:00.000-04:00","scheduled","DET","006cb6","Detroit","Pistons","true","false","false","true","false","NBA","7","40","standard","false","188006","https://static.prizepicks.com/images/players/NBA/Donovan_Mitchell_NBA_player_0rXe2XnXarwUqJPvhfPBDUy2.webp","45","Cleveland","Donovan Mitchell","G","CLE","Cavaliers","12053093","Fantasy Score","Fantasy Score","26","true","2026-05-13T20:10:00.000-04:00","Fantasy Score","6","Fantasy Score","pre_game","true",,"2026-05-13T08:53:52.104-04:00"
"false","CLE","860038","Cleveland","Cavaliers","2026-05-10T23:44:00.000-04:00",,"CLE/DET","Full",,"combo",,,"false","2026-05-13T20:00:00.000-04:00","scheduled","DET","006cb6","Detroit","Pistons","true","false","false","true","false","NBA","7","37.5","standard","true","316538","https://static.prizepicks.com/images/players/CMBO_group_1MAcCCpO7rkZfhe6LrsIH6nG.webp","12 + 1",,"Tobias Harris + James Harden","F","DET/CLE","Pistons/Cavaliers","12041591","Single Stat","Single Stat","34","true","2026-05-13T20:10:00.000-04:00","Points (Combo)","34","Points","pre_game","true",,"2026-05-13T08:53:52.104-04:00"
"false","CLE","860038","Cleveland","Cavaliers","2026-05-11T14:39:00.000-04:00",,"DET","Full",,"team",,,"false","2026-05-13T20:00:00.000-04:00","scheduled","DET","006cb6","Detroit","Pistons","true","false","false","true","false","NBA","7","37.5","standard","false","53979","https://static.prizepicks.com/images/players/NBA/Evan_Mobley_NBA_player_V3d2qMMdbw05huQpocNNRwVe.webp","4","Cleveland","Evan Mobley","C","CLE","Cavaliers","12053095","Fantasy Score","Fantasy Score","35","true","2026-05-13T20:10:00.000-04:00","Fantasy Score","6","Fantasy Score","pre_game","true",,"2026-05-13T08:53:52.104-04:00"
,"CLE","860038","Cleveland","Cavaliers","2026-05-11T22:45:27.524-04:00",,"CLE","Full",,"team",,,"false","2026-05-13T20:00:00.000-04:00","scheduled","DET","006cb6","Detroit","Pistons","true","false","false","true","false","NBA","7","36.5","standard","false","59107","https://static.prizepicks.com/images/players/NBA/Cade_Cunningham_NBA_player_mq8YRxGgt7Csv81PJK3QsXJu.webp","2","Detroit","Cade Cunningham","G","DET","Pistons","12039471","Single Stat","Single Stat","37","true","2026-05-13T20:10:00.000-04:00","Pts+Asts","11","Pts+Asts","pre_game","true",,"2026-05-13T08:53:52.104-04:00"
"false","CLE","860038","Cleveland","Cavaliers","2026-05-11T14:39:00.000-04:00",,"DET","Full",,"team",,,"false","2026-05-13T20:00:00.000-04:00","scheduled","DET","006cb6","Detroit","Pistons","true","false","false","true","false","NBA","7","36.5","standard","false","299373","https://static.prizepicks.com/images/manual/James Harden CLE.png","1","Cleveland","James Harden","G","CLE","Cavaliers","12053099","Fantasy Score","Fantasy Score","39","true","2026-05-13T20:10:00.000-04:00","Fantasy Score","6","Fantasy Score","pre_game","true",,"2026-05-13T08:53:52.104-04:00"
,"CLE","860038","Cleveland","Cavaliers","2026-05-11T22:45:36.830-04:00",,"DET","Full",,"team",,,"false","2026-05-13T20:00:00.000-04:00","scheduled","DET","006cb6","Detroit","Pistons","true","false","false","true","false","NBA","7","35.5","standard","false","188006","https://static.prizepicks.com/images/players/NBA/Donovan_Mitchell_NBA_player_0rXe2XnXarwUqJPvhfPBDUy2.webp","45","Cleveland","Donovan Mitchell","G","CLE","Cavaliers","12039529","Single Stat","Single Stat","40","true","2026-05-13T20:10:00.000-04:00","Pts+Rebs+Asts","3","PRA","pre_game","true",,"2026-05-13T08:53:52.104-04:00"
"false","CLE","860038","Cleveland","Cavaliers","2026-05-11T14:39:00.000-04:00",,"CLE","Full",,"team",,,"false","2026-05-13T20:00:00.000-04:00","scheduled","DET","006cb6","Detroit","Pistons","true","false","false","true","false","NBA","7","35","standard","false","216580","https://static.prizepicks.com/images/players/NBA/Tobias_Harris_NBA_player_tGwMomg94AAFiXYjH5vFThKq.webp","12","Detroit","Tobias Harris","F","DET","Pistons","12053104","Fantasy Score","Fantasy Score","43","true","2026-05-13T20:10:00.000-04:00","Fantasy Score","6","Fantasy Score","pre_game","true",,"2026-05-13T08:53:52.104-04:00"
"false","CLE","860038","Cleveland","Cavaliers","2026-05-10T23:44:00.000-04:00",,"CLE/DET","Full",,"combo",,,"false","2026-05-13T20:00:00.000-04:00","scheduled","DET","006cb6","Detroit","Pistons","true","false","false","true","false","NBA","7","33","standard","true","316536","https://static.prizepicks.com/images/players/CMBO_group_7ApAYremHmRF0VfwG8Pka0j.webp","12 + 4",,"Tobias Harris + Evan Mobley","F","DET/CLE","Pistons/Cavaliers","12041590","Single Stat","Single Stat","62","true","2026-05-13T20:10:00.000-04:00","Points (Combo)","34","Points","pre_game","true",,"2026-05-13T08:53:52.104-04:00"
"true","CLE","860038","Cleveland","Cavaliers","2026-05-11T22:45:28.119-04:00",,"CLE","Full",,"team",,,"false","2026-05-13T20:00:00.000-04:00","scheduled","DET","006cb6","Detroit","Pistons","true","false","false","true","false","NBA","7","32.5","standard","false","59107","https://static.prizepicks.com/images/players/NBA/Cade_Cunningham_NBA_player_mq8YRxGgt7Csv81PJK3QsXJu.webp","2","Detroit","Cade Cunningham","G","DET","Pistons","12039474","Single Stat","Single Stat","63","true","2026-05-13T20:10:00.000-04:00","Pts+Rebs","12","Pts+Rebs","pre_game","true",,"2026-05-13T08:53:52.104-04:00"
,"CLE","860038","Cleveland","Cavaliers","2026-05-11T22:45:36.209-04:00",,"DET","Full",,"team",,,"false","2026-05-13T20:00:00.000-04:00","scheduled","DET","006cb6","Detroit","Pistons","true","false","false","true","false","NBA","7","31.5","standard","false","188006","https://static.prizepicks.com/images/players/NBA/Donovan_Mitchell_NBA_player_0rXe2XnXarwUqJPvhfPBDUy2.webp","45","Cleveland","Donovan Mitchell","G","CLE","Cavaliers","12039524","Single Stat","Single Stat","66","true","2026-05-13T20:10:00.000-04:00","Pts+Rebs","12","Pts+Rebs","pre_game","true",,"2026-05-13T08:53:52.104-04:00"
,"CLE","860038","Cleveland","Cavaliers","2026-05-11T22:45:52.457-04:00",,"DET","Full",,"team",,,"false","2026-05-13T20:00:00.000-04:00","scheduled","DET","006cb6","Detroit","Pistons","true","false","false","true","false","NBA","7","31.5","standard","false","299373","https://static.prizepicks.com/images/manual/James Harden CLE.png","1","Cleveland","James Harden","G","CLE","Cavaliers","12039622","Single Stat","Single Stat","67","true","2026-05-13T20:10:00.000-04:00","Pts+Rebs+Asts","3","PRA","pre_game","true",,"2026-05-13T11:06:10.865-04:00"
"false","CLE","860038","Cleveland","Cavaliers","2026-05-10T23:44:00.000-04:00",,"CLE/DET","Full",,"combo",,,"false","2026-05-13T20:00:00.000-04:00","scheduled","DET","006cb6","Detroit","Pistons","true","false","false","true","false","NBA","7","31.5","standard","true","316534","https://static.prizepicks.com/images/manual/Jalen Duren + James Harden.png","0 + 1",,"Jalen Duren + James Harden","C","DET/CLE","Pistons/Cavaliers","12041592","Single Stat","Single Stat","71","true","2026-05-13T20:10:00.000-04:00","Points (Combo)","34","Points","pre_game","true",,"2026-05-13T08:53:52.104-04:00"
,"CLE","860038","Cleveland","Cavaliers","2026-05-11T22:45:35.498-04:00",,"DET","Full",,"team",,,"false","2026-05-13T20:00:00.000-04:00","scheduled","DET","006cb6","Detroit","Pistons","true","false","false","true","false","NBA","7","30.5","standard","false","188006","https://static.prizepicks.com/images/players/NBA/Donovan_Mitchell_NBA_player_0rXe2XnXarwUqJPvhfPBDUy2.webp","45","Cleveland","Donovan Mitchell","G","CLE","Cavaliers","12039520","Single Stat","Single Stat","75","true","2026-05-13T20:10:00.000-04:00","Pts+Asts","11","Pts+Asts","pre_game","true",,"2026-05-13T08:53:52.104-04:00"
"false","CLE","860038","Cleveland","Cavaliers","2026-05-10T23:44:00.000-04:00",,"CLE/DET","Full",,"combo",,,"false","2026-05-13T20:00:00.000-04:00","scheduled","DET","006cb6","Detroit","Pistons","true","false","false","true","false","NBA","7","30.5","standard","true","316533","https://static.prizepicks.com/images/players/CMBO_group_fmNS8NBKwMrakT8xDa7sIICY.webp","12 + 31",,"Tobias Harris + Jarrett Allen","F","DET/CLE","Pistons/Cavaliers","12041594","Single Stat","Single Stat","78","true","2026-05-13T20:10:00.000-04:00","Points (Combo)","34","Points","pre_game","true",,"2026-05-13T10:01:37.479-04:00"
"false","CLE","860038","Cleveland","Cavaliers","2026-05-10T23:44:00.000-04:00",,"CLE/DET","Full",,"combo",,,"false","2026-05-13T20:00:00.000-04:00","scheduled","DET","006cb6","Detroit","Pistons","true","false","false","true","false","NBA","7","30.5","standard","true","316546","https://static.prizepicks.com/images/players/CMBO_group_JUVtWxUSR767GdKqUCtrDXjj.webp","55 + 1",,"Duncan Robinson + James Harden","F","DET/CLE","Pistons/Cavaliers","12041598","Single Stat","Single Stat","79","true","2026-05-13T20:10:00.000-04:00","Points (Combo)","34","Points","pre_game","true",,"2026-05-13T08:53:52.104-04:00"
"false","CLE","860038","Cleveland","Cavaliers","2026-05-11T14:39:00.000-04:00",,"DET","Full",,"team",,,"false","2026-05-13T20:00:00.000-04:00","scheduled","DET","006cb6","Detroit","Pistons","true","false","false","true","false","NBA","7","30.5","standard","false","26792","https://static.prizepicks.com/images/players/NBA/Jarrett_Allen_NBA_player_IBSK04adajN6nXaTEpotn53R.webp","31","Cleveland","Jarrett Allen","C","CLE","Cavaliers","12053100","Fantasy Score","Fantasy Score","81","true","2026-05-13T20:10:00.000-04:00","Fantasy Score","6","Fantasy Score","pre_game","true",,"2026-05-13T08:53:52.104-04:00"
"false","CLE","860038","Cleveland","Cavaliers","2026-05-11T14:39:00.000-04:00",,"CLE","Full",,"team",,,"false","2026-05-13T20:00:00.000-04:00","scheduled","DET","006cb6","Detroit","Pistons","true","false","false","true","false","NBA","7","29","standard","false","173789","https://static.prizepicks.com/images/players/NBA/Ausar_Thompson_NBA_player_7Obr7GoiKRNtF8Nj1LYUn3gX.webp","9","Detroit","Ausar Thompson","G-F","DET","Pistons","12053091","Fantasy Score","Fantasy Score","103","true","2026-05-13T20:10:00.000-04:00","Fantasy Score","6","Fantasy Score","pre_game","true",,"2026-05-13T08:53:52.104-04:00"
"false","CLE","860038","Cleveland","Cavaliers","2026-05-11T14:39:00.000-04:00",,"CLE","Full",,"team",,,"false","2026-05-13T20:00:00.000-04:00","scheduled","DET","006cb6","Detroit","Pistons","true","false","false","true","false","NBA","7","28.5","standard","false","87848","https://static.prizepicks.com/images/players/NBA/Jalen_Duren_NBA_player_BGtA2SxfIEpqaOA2zn9FJZhp.webp","0","Detroit","Jalen Duren","C","DET","Pistons","12053096","Fantasy Score","Fantasy Score","105","true","2026-05-13T20:10:00.000-04:00","Fantasy Score","6","Fantasy Score","pre_game","true",,"2026-05-13T08:53:52.104-04:00"
,"CLE","860038","Cleveland","Cavaliers","2026-05-11T22:45:34.888-04:00",,"DET","Full",,"team",,,"false","2026-05-13T20:00:00.000-04:00","scheduled","DET","006cb6","Detroit","Pistons","true","false","false","true","false","NBA","7","27.5","standard","false","188006","https://static.prizepicks.com/images/players/NBA/Donovan_Mitchell_NBA_player_0rXe2XnXarwUqJPvhfPBDUy2.webp","45","Cleveland","Donovan Mitchell","G","CLE","Cavaliers","12039515","Single Stat","Single Stat","108","true","2026-05-13T20:10:00.000-04:00","Points","2","Points","pre_game","true",,"2026-05-13T12:41:25.532-04:00"
,"CLE","860038","Cleveland","Cavaliers","2026-05-11T22:46:02.939-04:00",,"CLE","Full",,"team",,,"false","2026-05-13T20:00:00.000-04:00","scheduled","DET","006cb6","Detroit","Pistons","true","false","false","true","false","NBA","7","27.5","standard","false","216580","https://static.prizepicks.com/images/players/NBA/Tobias_Harris_NBA_player_tGwMomg94AAFiXYjH5vFThKq.webp","12","Detroit","Tobias Harris","F","DET","Pistons","12039679","Single Stat","Single Stat","109","true","2026-05-13T20:10:00.000-04:00","Pts+Rebs+Asts","3","PRA","pre_game","true",,"2026-05-13T08:53:52.104-04:00"
,"CLE","860038","Cleveland","Cavaliers","2026-05-11T22:45:26.894-04:00",,"CLE","Full",,"team",,,"false","2026-05-13T20:00:00.000-04:00","scheduled","DET","006cb6","Detroit","Pistons","true","false","false","true","false","NBA","7","26.5","standard","false","59107","https://static.prizepicks.com/images/players/NBA/Cade_Cunningham_NBA_player_mq8YRxGgt7Csv81PJK3QsXJu.webp","2","Detroit","Cade Cunningham","G","DET","Pistons","12039467","Single Stat","Single Stat","111","true","2026-05-13T20:10:00.000-04:00","Points","2","Points","pre_game","true",,"2026-05-13T08:53:52.104-04:00"
,"CLE","860038","Cleveland","Cavaliers","2026-05-11T22:45:44.203-04:00",,"DET","Full",,"team",,,"false","2026-05-13T20:00:00.000-04:00","scheduled","DET","006cb6","Detroit","Pistons","true","false","false","true","false","NBA","7","26.5","standard","false","53979","https://static.prizepicks.com/images/players/NBA/Evan_Mobley_NBA_player_V3d2qMMdbw05huQpocNNRwVe.webp","4","Cleveland","Evan Mobley","C","CLE","Cavaliers","12039572","Single Stat","Single Stat","112","true","2026-05-13T20:10:00.000-04:00","Pts+Rebs+Asts","3","PRA","pre_game","true",,"2026-05-13T08:53:52.104-04:00"
,"CLE","860038","Cleveland","Cavaliers","2026-05-11T22:45:51.200-04:00",,"DET","Full",,"team",,,"false","2026-05-13T20:00:00.000-04:00","scheduled","DET","006cb6","Detroit","Pistons","true","false","false","true","false","NBA","7","26.5","standard","false","299373","https://static.prizepicks.com/images/manual/James Harden CLE.png","1","Cleveland","James Harden","G","CLE","Cavaliers","12039614","Single Stat","Single Stat","113","true","2026-05-13T20:10:00.000-04:00","Pts+Asts","11","Pts+Asts","pre_game","true",,"2026-05-13T10:49:42.380-04:00"
"false","CLE","860038","Cleveland","Cavaliers","2026-05-10T23:44:00.000-04:00",,"CLE/DET","Full",,"combo",,,"false","2026-05-13T20:00:00.000-04:00","scheduled","DET","006cb6","Detroit","Pistons","true","false","false","true","false","NBA","7","26.5","standard","true","316539","https://static.prizepicks.com/images/players/CMBO_group_eByneFyQm1SQR5QZ3HQVFHup.webp","55 + 4",,"Duncan Robinson + Evan Mobley","F","DET/CLE","Pistons/Cavaliers","12041595","Single Stat","Single Stat","115","true","2026-05-13T20:10:00.000-04:00","Points (Combo)","34","Points","pre_game","true",,"2026-05-13T08:53:52.104-04:00"
,"CLE","860038","Cleveland","Cavaliers","2026-05-11T22:46:02.228-04:00",,"CLE","Full",,"team",,,"false","2026-05-13T20:00:00.000-04:00","scheduled","DET","006cb6","Detroit","Pistons","true","false","false","true","false","NBA","7","25.5","standard","false","216580","https://static.prizepicks.com/images/players/NBA/Tobias_Harris_NBA_player_tGwMomg94AAFiXYjH5vFThKq.webp","12","Detroit","Tobias Harris","F","DET","Pistons","12039675","Single Stat","Single Stat","118","true","2026-05-13T20:10:00.000-04:00","Pts+Rebs","12","Pts+Rebs","pre_game","true",,"2026-05-13T08:53:52.104-04:00"
,"CLE","860038","Cleveland","Cavaliers","2026-05-11T22:45:51.815-04:00",,"DET","Full",,"team",,,"false","2026-05-13T20:00:00.000-04:00","scheduled","DET","006cb6","Detroit","Pistons","true","false","false","true","false","NBA","7","23.5","standard","false","299373","https://static.prizepicks.com/images/manual/James Harden CLE.png","1","Cleveland","James Harden","G","CLE","Cavaliers","12039618","Single Stat","Single Stat","142","true","2026-05-13T20:10:00.000-04:00","Pts+Rebs","12","Pts+Rebs","pre_game","true",,"2026-05-13T08:53:52.104-04:00"
,"CLE","860038","Cleveland","Cavaliers","2026-05-11T22:54:32.712-04:00",,"CLE","Full",,"team",,,"false","2026-05-13T20:00:00.000-04:00","scheduled","DET","006cb6","Detroit","Pistons","true","false","false","true","false","NBA","7","23.5","standard","false","87848","https://static.prizepicks.com/images/players/NBA/Jalen_Duren_NBA_player_BGtA2SxfIEpqaOA2zn9FJZhp.webp","0","Detroit","Jalen Duren","C","DET","Pistons","12040050","Single Stat","Single Stat","143","true","2026-05-13T20:10:00.000-04:00","Pts+Rebs+Asts","3","PRA","pre_game","true",,"2026-05-13T08:53:52.104-04:00"
"false","CLE","860038","Cleveland","Cavaliers","2026-05-10T23:44:00.000-04:00",,"CLE/DET","Full",,"combo",,,"false","2026-05-13T20:00:00.000-04:00","scheduled","DET","006cb6","Detroit","Pistons","true","false","false","true","false","NBA","7","23.5","standard","true","317603","https://static.prizepicks.com/images/players/CMBO_group_d9bE9w0aE8Itm8eVnudFr9q5.webp","55 + 31",,"Duncan Robinson + Jarrett Allen","F","DET/CLE","Pistons/Cavaliers","12041599","Single Stat","Single Stat","147","true","2026-05-13T20:10:00.000-04:00","Points (Combo)","34","Points","pre_game","true",,"2026-05-13T08:53:52.104-04:00"
,"CLE","860038","Cleveland","Cavaliers","2026-05-11T22:45:43.601-04:00",,"DET","Full",,"team",,,"false","2026-05-13T20:00:00.000-04:00","scheduled","DET","006cb6","Detroit","Pistons","true","false","false","true","false","NBA","7","22.5","standard","false","53979","https://static.prizepicks.com/images/players/NBA/Evan_Mobley_NBA_player_V3d2qMMdbw05huQpocNNRwVe.webp","4","Cleveland","Evan Mobley","C","CLE","Cavaliers","12039568","Single Stat","Single Stat","153","true","2026-05-13T20:10:00.000-04:00","Pts+Rebs","12","Pts+Rebs","pre_game","true",,"2026-05-13T08:53:52.104-04:00"
,"CLE","860038","Cleveland","Cavaliers","2026-05-11T22:45:47.418-04:00",,"CLE","Full",,"team",,,"false","2026-05-13T20:00:00.000-04:00","scheduled","DET","006cb6","Detroit","Pistons","true","false","false","true","false","NBA","7","21.5","standard","false","87848","https://static.prizepicks.com/images/players/NBA/Jalen_Duren_NBA_player_BGtA2SxfIEpqaOA2zn9FJZhp.webp","0","Detroit","Jalen Duren","C","DET","Pistons","12039591","Single Stat","Single Stat","161","true","2026-05-13T20:10:00.000-04:00","Pts+Rebs","12","Pts+Rebs","pre_game","true",,"2026-05-13T08:53:52.104-04:00"
"false","CLE","860038","Cleveland","Cavaliers","2026-05-11T14:39:00.000-04:00",,"CLE","Full",,"team",,,"false","2026-05-13T20:00:00.000-04:00","scheduled","DET","006cb6","Detroit","Pistons","true","false","false","true","false","NBA","7","21","standard","false","272048","https://static.prizepicks.com/images/players/NBA/Duncan_Robinson_NBA_player_xpPTHBlF6nW6owrrx6sg4Hes.webp","55","Detroit","Duncan Robinson","F","DET","Pistons","12053094","Fantasy Score","Fantasy Score","172","true","2026-05-13T20:10:00.000-04:00","Fantasy Score","6","Fantasy Score","pre_game","true",,"2026-05-13T08:53:52.104-04:00"
,"CLE","860038","Cleveland","Cavaliers","2026-05-11T22:46:01.787-04:00",,"CLE","Full",,"team",,,"false","2026-05-13T20:00:00.000-04:00","scheduled","DET","006cb6","Detroit","Pistons","true","false","false","true","false","NBA","7","20.5","standard","false","216580","https://static.prizepicks.com/images/players/NBA/Tobias_Harris_NBA_player_tGwMomg94AAFiXYjH5vFThKq.webp","12","Detroit","Tobias Harris","F","DET","Pistons","12039671","Single Stat","Single Stat","173","true","2026-05-13T20:10:00.000-04:00","Pts+Asts","11","Pts+Asts","pre_game","true",,"2026-05-13T08:53:52.104-04:00"
,"CLE","860038","Cleveland","Cavaliers","2026-05-11T22:50:29.676-04:00",,"DET","Full",,"team",,,"false","2026-05-13T20:00:00.000-04:00","scheduled","DET","006cb6","Detroit","Pistons","true","false","false","true","false","NBA","7","20.5","standard","false","26792","https://static.prizepicks.com/images/players/NBA/Jarrett_Allen_NBA_player_IBSK04adajN6nXaTEpotn53R.webp","31","Cleveland","Jarrett Allen","C","CLE","Cavaliers","12039965","Single Stat","Single Stat","174","true","2026-05-13T20:10:00.000-04:00","Pts+Rebs+Asts","3","PRA","pre_game","true",,"2026-05-13T08:53:52.104-04:00"
"true","CLE","860038","Cleveland","Cavaliers","2026-05-01T08:35:00.000-04:00",,"DET","Full",,"team",,,"false","2026-05-13T20:00:00.000-04:00","scheduled","DET","006cb6","Detroit","Pistons","true","false","false","true","false","NBA","7","20.5","standard","false","188006","https://static.prizepicks.com/images/players/NBA/Donovan_Mitchell_NBA_player_0rXe2XnXarwUqJPvhfPBDUy2.webp","45","Cleveland","Donovan Mitchell","G","CLE","Cavaliers","12041856","Single Stat","Single Stat","177","true","2026-05-13T20:10:00.000-04:00","FG Attempted","9","FG Attempted","pre_game","true",,"2026-05-13T08:53:52.104-04:00"
"false","CLE","860038","Cleveland","Cavaliers","2026-05-01T08:35:00.000-04:00",,"CLE","Full",,"team",,,"false","2026-05-13T20:00:00.000-04:00","scheduled","DET","006cb6","Detroit","Pistons","true","false","false","true","false","NBA","7","20.5","standard","false","59107","https://static.prizepicks.com/images/players/NBA/Cade_Cunningham_NBA_player_mq8YRxGgt7Csv81PJK3QsXJu.webp","2","Detroit","Cade Cunningham","G","DET","Pistons","12074471","Single Stat","Single Stat","180","true","2026-05-13T20:10:00.000-04:00","FG Attempted","9","FG Attempted","pre_game","true",,"2026-05-13T10:22:17.056-04:00"
,"CLE","860038","Cleveland","Cavaliers","2026-05-11T22:45:54.840-04:00",,"DET","Full",,"team",,,"false","2026-05-13T20:00:00.000-04:00","scheduled","DET","006cb6","Detroit","Pistons","true","false","false","true","false","NBA","7","19.5","standard","false","26792","https://static.prizepicks.com/images/players/NBA/Jarrett_Allen_NBA_player_IBSK04adajN6nXaTEpotn53R.webp","31","Cleveland","Jarrett Allen","C","CLE","Cavaliers","12039636","Single Stat","Single Stat","190","true","2026-05-13T20:10:00.000-04:00","Pts+Rebs","12","Pts+Rebs","pre_game","true",,"2026-05-13T12:44:30.282-04:00"
,"CLE","860038","Cleveland","Cavaliers","2026-05-11T22:50:02.252-04:00",,"CLE","Full",,"team",,,"false","2026-05-13T20:00:00.000-04:00","scheduled","DET","006cb6","Detroit","Pistons","true","false","false","true","false","NBA","7","19.5","standard","false","173789","https://static.prizepicks.com/images/players/NBA/Ausar_Thompson_NBA_player_7Obr7GoiKRNtF8Nj1LYUn3gX.webp","9","Detroit","Ausar Thompson","G-F","DET","Pistons","12039786","Single Stat","Single Stat","194","true","2026-05-13T20:10:00.000-04:00","Pts+Rebs+Asts","3","PRA","pre_game","true",,"2026-05-13T08:53:52.104-04:00"
,"CLE","860038","Cleveland","Cavaliers","2026-05-11T22:50:25.710-04:00",,"DET","Full",,"team",,,"false","2026-05-13T20:00:00.000-04:00","scheduled","DET","006cb6","Detroit","Pistons","true","false","false","true","false","NBA","7","19.5","standard","false","299373","https://static.prizepicks.com/images/manual/James Harden CLE.png","1","Cleveland","James Harden","G","CLE","Cavaliers","12039939","Single Stat","Single Stat","200","true","2026-05-13T20:10:00.000-04:00","Points","2","Points","pre_game","true",,"2026-05-13T12:40:29.334-04:00"
,"CLE","860038","Cleveland","Cavaliers","2026-05-11T22:45:43.096-04:00",,"DET","Full",,"team",,,"false","2026-05-13T20:00:00.000-04:00","scheduled","DET","006cb6","Detroit","Pistons","true","false","false","true","false","NBA","7","18.5","standard","false","53979","https://static.prizepicks.com/images/players/NBA/Evan_Mobley_NBA_player_V3d2qMMdbw05huQpocNNRwVe.webp","4","Cleveland","Evan Mobley","C","CLE","Cavaliers","12039564","Single Stat","Single Stat","214","true","2026-05-13T20:10:00.000-04:00","Pts+Asts","11","Pts+Asts","pre_game","true",,"2026-05-13T12:39:34.483-04:00"
,"CLE","860038","Cleveland","Cavaliers","2026-05-11T22:46:01.232-04:00",,"CLE","Full",,"team",,,"false","2026-05-13T20:00:00.000-04:00","scheduled","DET","006cb6","Detroit","Pistons","true","false","false","true","false","NBA","7","18.5","standard","false","216580","https://static.prizepicks.com/images/players/NBA/Tobias_Harris_NBA_player_tGwMomg94AAFiXYjH5vFThKq.webp","12","Detroit","Tobias Harris","F","DET","Pistons","12039669","Single Stat","Single Stat","215","true","2026-05-13T20:10:00.000-04:00","Points","2","Points","pre_game","true",,"2026-05-13T08:53:52.104-04:00"
"false","CLE","860038","Cleveland","Cavaliers","2026-05-10T23:44:00.000-04:00",,"CLE/DET","Full",,"combo",,,"false","2026-05-13T20:00:00.000-04:00","scheduled","DET","006cb6","Detroit","Pistons","true","false","false","true","false","NBA","7","17.5","standard","true","316532","https://static.prizepicks.com/images/players/CMBO_group_fi4HPhsB8NmHkOeH18wixNGC.webp","0 + 31",,"Jalen Duren + Jarrett Allen","C","DET/CLE","Pistons/Cavaliers","12041620","Single Stat","Single Stat","234","true","2026-05-13T20:10:00.000-04:00","Rebounds (Combo)","35","Rebounds","pre_game","true",,"2026-05-13T12:43:44.545-04:00"
"false","CLE","860038","Cleveland","Cavaliers","2026-05-11T14:39:00.000-04:00",,"DET","Full",,"team",,,"false","2026-05-13T20:00:00.000-04:00","scheduled","DET","006cb6","Detroit","Pistons","true","false","false","true","false","NBA","7","17.5","standard","false","173778","https://static.prizepicks.com/images/players/NBA/Max_Strus_NBA_player_1w4QyUAxm1OzfHDFdDAodyRe.webp","2","Cleveland","Max Strus","G-F","CLE","Cavaliers","12053102","Fantasy Score","Fantasy Score","236","true","2026-05-13T20:10:00.000-04:00","Fantasy Score","6","Fantasy Score","pre_game","true",,"2026-05-13T08:53:52.104-04:00"
"false","CLE","860038","Cleveland","Cavaliers","2026-05-10T23:44:00.000-04:00",,"CLE/DET","Full",,"combo",,,"false","2026-05-13T20:00:00.000-04:00","scheduled","DET","006cb6","Detroit","Pistons","true","false","false","true","false","NBA","7","17","standard","true","316535","https://static.prizepicks.com/images/players/CMBO_group_w6HvIEywbZHHcSmoxEsFgau4.webp","0 + 4",,"Jalen Duren + Evan Mobley","C","DET/CLE","Pistons/Cavaliers","12041622","Single Stat","Single Stat","241","true","2026-05-13T20:10:00.000-04:00","Rebounds (Combo)","35","Rebounds","pre_game","true",,"2026-05-13T08:53:52.104-04:00"
,"CLE","860038","Cleveland","Cavaliers","2026-05-11T22:45:24.233-04:00",,"CLE","Full",,"team",,,"false","2026-05-13T20:00:00.000-04:00","scheduled","DET","006cb6","Detroit","Pistons","true","false","false","true","false","NBA","7","16.5","standard","false","173789","https://static.prizepicks.com/images/players/NBA/Ausar_Thompson_NBA_player_7Obr7GoiKRNtF8Nj1LYUn3gX.webp","9","Detroit","Ausar Thompson","G-F","DET","Pistons","12039451","Single Stat","Single Stat","242","true","2026-05-13T20:10:00.000-04:00","Pts+Rebs","12","Pts+Rebs","pre_game","true",,"2026-05-13T08:53:52.104-04:00"
,"CLE","860038","Cleveland","Cavaliers","2026-05-11T22:45:40.689-04:00",,"CLE","Full",,"team",,,"false","2026-05-13T20:00:00.000-04:00","scheduled","DET","006cb6","Detroit","Pistons","true","false","false","true","false","NBA","7","16.5","standard","false","272048","https://static.prizepicks.com/images/players/NBA/Duncan_Robinson_NBA_player_xpPTHBlF6nW6owrrx6sg4Hes.webp","55","Detroit","Duncan Robinson","F","DET","Pistons","12039551","Single Stat","Single Stat","243","true","2026-05-13T20:10:00.000-04:00","Pts+Rebs+Asts","3","PRA","pre_game","true",,"2026-05-13T08:53:52.104-04:00"
"false","CLE","860038","Cleveland","Cavaliers","2026-05-01T08:35:00.000-04:00",,"CLE","Full",,"team",,,"false","2026-05-13T20:00:00.000-04:00","scheduled","DET","006cb6","Detroit","Pistons","true","false","false","true","false","NBA","7","15.5","standard","false","216580","https://static.prizepicks.com/images/players/NBA/Tobias_Harris_NBA_player_tGwMomg94AAFiXYjH5vFThKq.webp","12","Detroit","Tobias Harris","F","DET","Pistons","12074473","Single Stat","Single Stat","264","true","2026-05-13T20:10:00.000-04:00","FG Attempted","9","FG Attempted","pre_game","true",,"2026-05-13T08:53:52.104-04:00"
,"CLE","860038","Cleveland","Cavaliers","2026-05-11T22:45:29.527-04:00",,"CLE","Full",,"team",,,"false","2026-05-13T20:00:00.000-04:00","scheduled","DET","006cb6","Detroit","Pistons","true","false","false","true","false","NBA","7","14.5","standard","false","59107","https://static.prizepicks.com/images/players/NBA/Cade_Cunningham_NBA_player_mq8YRxGgt7Csv81PJK3QsXJu.webp","2","Detroit","Cade Cunningham","G","DET","Pistons","12039481","Single Stat","Single Stat","269","true","2026-05-13T20:10:00.000-04:00","Rebs+Asts","6","Rebs+Asts","pre_game","true",,"2026-05-13T08:53:52.104-04:00"
,"CLE","860038","Cleveland","Cavaliers","2026-05-11T22:45:40.350-04:00",,"CLE","Full",,"team",,,"false","2026-05-13T20:00:00.000-04:00","scheduled","DET","006cb6","Detroit","Pistons","true","false","false","true","false","NBA","7","14.5","standard","false","272048","https://static.prizepicks.com/images/players/NBA/Duncan_Robinson_NBA_player_xpPTHBlF6nW6owrrx6sg4Hes.webp","55","Detroit","Duncan Robinson","F","DET","Pistons","12039548","Single Stat","Single Stat","274","true","2026-05-13T20:10:00.000-04:00","Pts+Rebs","12","Pts+Rebs","pre_game","true",,"2026-05-13T08:53:52.104-04:00"
,"CLE","860038","Cleveland","Cavaliers","2026-05-11T22:45:42.857-04:00",,"DET","Full",,"team",,,"false","2026-05-13T20:00:00.000-04:00","scheduled","DET","006cb6","Detroit","Pistons","true","false","false","true","false","NBA","7","14.5","standard","false","53979","https://static.prizepicks.com/images/players/NBA/Evan_Mobley_NBA_player_V3d2qMMdbw05huQpocNNRwVe.webp","4","Cleveland","Evan Mobley","C","CLE","Cavaliers","12039561","Single Stat","Single Stat","275","true","2026-05-13T20:10:00.000-04:00","Points","2","Points","pre_game","true",,"2026-05-13T08:53:52.104-04:00"
,"CLE","860038","Cleveland","Cavaliers","2026-05-11T22:50:32.216-04:00",,"DET","Full",,"team",,,"false","2026-05-13T20:00:00.000-04:00","scheduled","DET","006cb6","Detroit","Pistons","true","false","false","true","false","NBA","7","14.5","standard","false","173778","https://static.prizepicks.com/images/players/NBA/Max_Strus_NBA_player_1w4QyUAxm1OzfHDFdDAodyRe.webp","2","Cleveland","Max Strus","G-F","CLE","Cavaliers","12039981","Single Stat","Single Stat","289","true","2026-05-13T20:10:00.000-04:00","Pts+Rebs+Asts","3","PRA","pre_game","true",,"2026-05-13T08:53:52.104-04:00"
"false","CLE","860038","Cleveland","Cavaliers","2026-05-10T23:44:00.000-04:00",,"CLE/DET","Full",,"combo",,,"false","2026-05-13T20:00:00.000-04:00","scheduled","DET","006cb6","Detroit","Pistons","true","false","false","true","false","NBA","7","14.5","standard","true","316540","https://static.prizepicks.com/images/players/CMBO_group_PaC3qhM2C0So5x3YVPeifjeh.webp","9 + 31",,"Ausar Thompson + Jarrett Allen","G-F","DET/CLE","Pistons/Cavaliers","12041619","Single Stat","Single Stat","291","true","2026-05-13T20:10:00.000-04:00","Rebounds (Combo)","35","Rebounds","pre_game","true",,"2026-05-13T08:53:52.104-04:00"
"false","CLE","860038","Cleveland","Cavaliers","2026-05-10T23:44:00.000-04:00",,"CLE/DET","Full",,"combo",,,"false","2026-05-13T20:00:00.000-04:00","scheduled","DET","006cb6","Detroit","Pistons","true","false","false","true","false","NBA","7","14.5","standard","true","316541","https://static.prizepicks.com/images/players/CMBO_group_tDaeDLnCW6RBiXFDUIBCaYH1.webp","9 + 4",,"Ausar Thompson + Evan Mobley","G-F","DET/CLE","Pistons/Cavaliers","12041625","Single Stat","Single Stat","292","true","2026-05-13T20:10:00.000-04:00","Rebounds (Combo)","35","Rebounds","pre_game","true",,"2026-05-13T08:53:52.104-04:00"
,"CLE","860038","Cleveland","Cavaliers","2026-05-01T08:35:00.000-04:00",,"CLE","Full",,"team",,,"false","2026-05-13T20:00:00.000-04:00","scheduled","DET","006cb6","Detroit","Pistons","true","false","false","true","false","NBA","7","14.5","standard","false","59107","https://static.prizepicks.com/images/players/NBA/Cade_Cunningham_NBA_player_mq8YRxGgt7Csv81PJK3QsXJu.webp","2","Detroit","Cade Cunningham","G","DET","Pistons","12041942","Single Stat","Single Stat","293","true","2026-05-13T20:10:00.000-04:00","Two Pointers Attempted","12","2-PT Att","pre_game","true",,"2026-05-13T08:53:52.104-04:00"
,"CLE","860038","Cleveland","Cavaliers","2026-05-12T01:19:12.611-04:00",,"CLE","Full",,"team",,,"false","2026-05-13T20:00:00.000-04:00","scheduled","DET","006cb6","Detroit","Pistons","true","false","false","true","false","NBA","7","14.5","standard","false","279579","https://static.prizepicks.com/images/players/NBA/Daniss_Jenkins_NBA_player_gomI5shGs9qQrrpbBB8lXZ43.webp","24","Detroit","Daniss Jenkins","G","DET","Pistons","12041966","Single Stat","Single Stat","294","true","2026-05-13T20:10:00.000-04:00","Pts+Rebs+Asts","3","PRA","pre_game","true",,"2026-05-13T08:53:52.104-04:00"
,"CLE","860038","Cleveland","Cavaliers","2026-05-11T22:45:46.926-04:00",,"CLE","Full",,"team",,,"false","2026-05-13T20:00:00.000-04:00","scheduled","DET","006cb6","Detroit","Pistons","true","false","false","true","false","NBA","7","14","standard","false","87848","https://static.prizepicks.com/images/players/NBA/Jalen_Duren_NBA_player_BGtA2SxfIEpqaOA2zn9FJZhp.webp","0","Detroit","Jalen Duren","C","DET","Pistons","12039587","Single Stat","Single Stat","306","true","2026-05-13T20:10:00.000-04:00","Pts+Asts","11","Pts+Asts","pre_game","true",,"2026-05-13T08:53:52.104-04:00"
,"CLE","860038","Cleveland","Cavaliers","2026-05-11T22:50:17.176-04:00",,"CLE","Full",,"team",,,"false","2026-05-13T20:00:00.000-04:00","scheduled","DET","006cb6","Detroit","Pistons","true","false","false","true","false","NBA","7","13.5","standard","false","272048","https://static.prizepicks.com/images/players/NBA/Duncan_Robinson_NBA_player_xpPTHBlF6nW6owrrx6sg4Hes.webp","55","Detroit","Duncan Robinson","F","DET","Pistons","12039881","Single Stat","Single Stat","308","true","2026-05-13T20:10:00.000-04:00","Pts+Asts","11","Pts+Asts","pre_game","true",,"2026-05-13T08:53:52.104-04:00"
,"CLE","860038","Cleveland","Cavaliers","2026-05-11T22:54:33.553-04:00",,"DET","Full",,"team",,,"false","2026-05-13T20:00:00.000-04:00","scheduled","DET","006cb6","Detroit","Pistons","true","false","false","true","false","NBA","7","13.5","standard","false","26792","https://static.prizepicks.com/images/players/NBA/Jarrett_Allen_NBA_player_IBSK04adajN6nXaTEpotn53R.webp","31","Cleveland","Jarrett Allen","C","CLE","Cavaliers","12040052","Single Stat","Single Stat","310","true","2026-05-13T20:10:00.000-04:00","Pts+Asts","11","Pts+Asts","pre_game","true",,"2026-05-13T12:40:29.657-04:00"
"true","CLE","860038","Cleveland","Cavaliers","2026-05-01T08:35:00.000-04:00",,"DET","Full",,"team",,,"false","2026-05-13T20:00:00.000-04:00","scheduled","DET","006cb6","Detroit","Pistons","true","false","false","true","false","NBA","7","13.5","standard","false","299373","https://static.prizepicks.com/images/manual/James Harden CLE.png","1","Cleveland","James Harden","G","CLE","Cavaliers","12041883","Single Stat","Single Stat","314","true","2026-05-13T20:10:00.000-04:00","FG Attempted","9","FG Attempted","pre_game","true",,"2026-05-13T08:53:52.104-04:00"
,"CLE","860038","Cleveland","Cavaliers","2026-05-11T22:45:46.466-04:00",,"CLE","Full",,"team",,,"false","2026-05-13T20:00:00.000-04:00","scheduled","DET","006cb6","Detroit","Pistons","true","false","false","true","false","NBA","7","12.5","standard","false","87848","https://static.prizepicks.com/images/players/NBA/Jalen_Duren_NBA_player_BGtA2SxfIEpqaOA2zn9FJZhp.webp","0","Detroit","Jalen Duren","C","DET","Pistons","12039584","Single Stat","Single Stat","322","true","2026-05-13T20:10:00.000-04:00","Points","2","Points","pre_game","true",,"2026-05-13T12:46:10.188-04:00"
,"CLE","860038","Cleveland","Cavaliers","2026-05-11T22:45:57.963-04:00",,"DET","Full",,"team",,,"false","2026-05-13T20:00:00.000-04:00","scheduled","DET","006cb6","Detroit","Pistons","true","false","false","true","false","NBA","7","12.5","standard","false","173778","https://static.prizepicks.com/images/players/NBA/Max_Strus_NBA_player_1w4QyUAxm1OzfHDFdDAodyRe.webp","2","Cleveland","Max Strus","G-F","CLE","Cavaliers","12039655","Single Stat","Single Stat","323","true","2026-05-13T20:10:00.000-04:00","Pts+Rebs","12","Pts+Rebs","pre_game","true",,"2026-05-13T08:53:52.104-04:00"
,"CLE","860038","Cleveland","Cavaliers","2026-05-12T09:46:23.693-04:00",,"CLE","Full",,"team",,,"false","2026-05-13T20:00:00.000-04:00","scheduled","DET","006cb6","Detroit","Pistons","true","false","false","true","false","NBA","7","12.5","standard","false","272053","https://static.prizepicks.com/images/players/NBA/Caris_LeVert_NBA_player_g3Phb187vtZZrs8UuHynqHzG.webp","8","Detroit","Caris LeVert","G","DET","Pistons","12050518","Single Stat","Single Stat","333","true","2026-05-13T20:10:00.000-04:00","Pts+Rebs+Asts","3","PRA","pre_game","true",,"2026-05-13T11:51:52.798-04:00"
,"CLE","860038","Cleveland","Cavaliers","2026-05-11T22:45:31.200-04:00",,"CLE","Full",,"team",,,"false","2026-05-13T20:00:00.000-04:00","scheduled","DET","006cb6","Detroit","Pistons","true","false","false","true","false","NBA","7","11.5","standard","false","279579","https://static.prizepicks.com/images/players/NBA/Daniss_Jenkins_NBA_player_gomI5shGs9qQrrpbBB8lXZ43.webp","24","Detroit","Daniss Jenkins","G","DET","Pistons","12039493","Single Stat","Single Stat","340","true","2026-05-13T20:10:00.000-04:00","Pts+Asts","11","Pts+Asts","pre_game","true",,"2026-05-13T08:53:52.104-04:00"
,"CLE","860038","Cleveland","Cavaliers","2026-05-11T22:45:39.500-04:00",,"CLE","Full",,"team",,,"false","2026-05-13T20:00:00.000-04:00","scheduled","DET","006cb6","Detroit","Pistons","true","false","false","true","false","NBA","7","11.5","standard","false","272048","https://static.prizepicks.com/images/players/NBA/Duncan_Robinson_NBA_player_xpPTHBlF6nW6owrrx6sg4Hes.webp","55","Detroit","Duncan Robinson","F","DET","Pistons","12039544","Single Stat","Single Stat","341","true","2026-05-13T20:10:00.000-04:00","Points","2","Points","pre_game","true",,"2026-05-13T08:53:52.104-04:00"
,"CLE","860038","Cleveland","Cavaliers","2026-05-11T22:45:54.334-04:00",,"DET","Full",,"team",,,"false","2026-05-13T20:00:00.000-04:00","scheduled","DET","006cb6","Detroit","Pistons","true","false","false","true","false","NBA","7","11.5","standard","false","26792","https://static.prizepicks.com/images/players/NBA/Jarrett_Allen_NBA_player_IBSK04adajN6nXaTEpotn53R.webp","31","Cleveland","Jarrett Allen","C","CLE","Cavaliers","12039632","Single Stat","Single Stat","344","true","2026-05-13T20:10:00.000-04:00","Points","2","Points","pre_game","true",,"2026-05-13T12:42:24.148-04:00"
,"CLE","860038","Cleveland","Cavaliers","2026-05-11T22:50:27.458-04:00",,"DET","Full",,"team",,,"false","2026-05-13T20:00:00.000-04:00","scheduled","DET","006cb6","Detroit","Pistons","true","false","false","true","false","NBA","7","11.5","standard","false","299373","https://static.prizepicks.com/images/manual/James Harden CLE.png","1","Cleveland","James Harden","G","CLE","Cavaliers","12039948","Single Stat","Single Stat","352","true","2026-05-13T20:10:00.000-04:00","Rebs+Asts","6","Rebs+Asts","pre_game","true",,"2026-05-13T08:53:52.104-04:00"
,"CLE","860038","Cleveland","Cavaliers","2026-05-01T08:35:00.000-04:00",,"DET","Full",,"team",,,"false","2026-05-13T20:00:00.000-04:00","scheduled","DET","006cb6","Detroit","Pistons","true","false","false","true","false","NBA","7","11.5","standard","false","53979","https://static.prizepicks.com/images/players/NBA/Evan_Mobley_NBA_player_V3d2qMMdbw05huQpocNNRwVe.webp","4","Cleveland","Evan Mobley","C","CLE","Cavaliers","12041871","Single Stat","Single Stat","361","true","2026-05-13T20:10:00.000-04:00","FG Attempted","9","FG Attempted","pre_game","true",,"2026-05-13T08:53:52.104-04:00"
,"CLE","860038","Cleveland","Cavaliers","2026-05-01T08:35:00.000-04:00",,"DET","Full",,"team",,,"false","2026-05-13T20:00:00.000-04:00","scheduled","DET","006cb6","Detroit","Pistons","true","false","false","true","false","NBA","7","11.5","standard","false","188006","https://static.prizepicks.com/images/players/NBA/Donovan_Mitchell_NBA_player_0rXe2XnXarwUqJPvhfPBDUy2.webp","45","Cleveland","Donovan Mitchell","G","CLE","Cavaliers","12046955","Single Stat","Single Stat","368","true","2026-05-13T20:10:00.000-04:00","Two Pointers Attempted","12","2-PT Att","pre_game","true",,"2026-05-13T12:16:48.471-04:00"
,"CLE","860038","Cleveland","Cavaliers","2026-05-12T08:56:07.570-04:00",,"DET","Full",,"team",,,"false","2026-05-13T20:00:00.000-04:00","scheduled","DET","006cb6","Detroit","Pistons","true","false","false","true","false","NBA","7","11.5","standard","false","298750","https://static.prizepicks.com/images/manual/DennisSchröder.png","8","Cleveland","Dennis Schröder","G","CLE","Cavaliers","12047000","Single Stat","Single Stat","369","true","2026-05-13T20:10:00.000-04:00","Pts+Rebs+Asts","3","PRA","pre_game","true",,"2026-05-13T08:53:52.104-04:00"
"false","CLE","860038","Cleveland","Cavaliers","2026-05-11T20:10:00.000-04:00",,"DET","Full",,"team",,,"false","2026-05-13T20:00:00.000-04:00","scheduled","DET","006cb6","Detroit","Pistons","true","false","false","true","false","NBA","7","11.5","standard","false","53979","https://static.prizepicks.com/images/players/NBA/Evan_Mobley_NBA_player_V3d2qMMdbw05huQpocNNRwVe.webp","4","Cleveland","Evan Mobley","C","CLE","Cavaliers","12053225","Single Stat","Single Stat","371","true","2026-05-13T20:10:00.000-04:00","Rebs+Asts","6","Rebs+Asts","pre_game","true",,"2026-05-13T12:35:06.077-04:00"
"false","CLE","860038","Cleveland","Cavaliers","2026-05-11T20:10:00.000-04:00",,"CLE","Full",,"team",,,"false","2026-05-13T20:00:00.000-04:00","scheduled","DET","006cb6","Detroit","Pistons","true","false","false","true","false","NBA","7","11","standard","false","87848","https://static.prizepicks.com/images/players/NBA/Jalen_Duren_NBA_player_BGtA2SxfIEpqaOA2zn9FJZhp.webp","0","Detroit","Jalen Duren","C","DET","Pistons","12053226","Single Stat","Single Stat","374","true","2026-05-13T20:10:00.000-04:00","Rebs+Asts","6","Rebs+Asts","pre_game","true",,"2026-05-13T08:53:52.104-04:00"
"true","CLE","860038","Cleveland","Cavaliers","2026-05-11T22:45:25.528-04:00",,"CLE","Full",,"team",,,"false","2026-05-13T20:00:00.000-04:00","scheduled","DET","006cb6","Detroit","Pistons","true","false","false","true","false","NBA","7","10.5","standard","false","173789","https://static.prizepicks.com/images/players/NBA/Ausar_Thompson_NBA_player_7Obr7GoiKRNtF8Nj1LYUn3gX.webp","9","Detroit","Ausar Thompson","G-F","DET","Pistons","12039457","Single Stat","Single Stat","375","true","2026-05-13T20:10:00.000-04:00","Rebs+Asts","6","Rebs+Asts","pre_game","true",,"2026-05-13T08:53:52.104-04:00"
"true","CLE","860038","Cleveland","Cavaliers","2026-05-11T22:45:57.468-04:00",,"DET","Full",,"team",,,"false","2026-05-13T20:00:00.000-04:00","scheduled","DET","006cb6","Detroit","Pistons","true","false","false","true","false","NBA","7","10.5","standard","false","173778","https://static.prizepicks.com/images/players/NBA/Max_Strus_NBA_player_1w4QyUAxm1OzfHDFdDAodyRe.webp","2","Cleveland","Max Strus","G-F","CLE","Cavaliers","12039651","Single Stat","Single Stat","376","true","2026-05-13T20:10:00.000-04:00","Pts+Asts","11","Pts+Asts","pre_game","true",,"2026-05-13T08:53:52.104-04:00"
"false","CLE","860038","Cleveland","Cavaliers","2026-05-01T08:35:00.000-04:00",,"CLE","Full",,"team",,,"false","2026-05-13T20:00:00.000-04:00","scheduled","DET","006cb6","Detroit","Pistons","true","false","false","true","false","NBA","7","10.5","standard","false","216580","https://static.prizepicks.com/images/players/NBA/Tobias_Harris_NBA_player_tGwMomg94AAFiXYjH5vFThKq.webp","12","Detroit","Tobias Harris","F","DET","Pistons","12042050","Single Stat","Single Stat","392","true","2026-05-13T20:10:00.000-04:00","Two Pointers Attempted","12","2-PT Att","pre_game","true",,"2026-05-13T12:41:47.233-04:00"
"false","CLE","860038","Cleveland","Cavaliers","2026-05-01T08:35:00.000-04:00",,"CLE","Full",,"team",,,"false","2026-05-13T20:00:00.000-04:00","scheduled","DET","006cb6","Detroit","Pistons","true","false","false","true","false","NBA","7","10","standard","false","59107","https://static.prizepicks.com/images/players/NBA/Cade_Cunningham_NBA_player_mq8YRxGgt7Csv81PJK3QsXJu.webp","2","Detroit","Cade Cunningham","G","DET","Pistons","12074458","Single Stat","Single Stat","402","true","2026-05-13T20:10:00.000-04:00","FG Made","10","FG Made","pre_game","true",,"2026-05-13T08:53:52.104-04:00"
,"CLE","860038","Cleveland","Cavaliers","2026-05-11T22:45:33.758-04:00",,"DET","Full",,"team",,,"false","2026-05-13T20:00:00.000-04:00","scheduled","DET","006cb6","Detroit","Pistons","true","false","false","true","false","NBA","7","9.5","standard","false","298750","https://static.prizepicks.com/images/manual/DennisSchröder.png","8","Cleveland","Dennis Schröder","G","CLE","Cavaliers","12039507","Single Stat","Single Stat","412","true","2026-05-13T20:10:00.000-04:00","Pts+Asts","11","Pts+Asts","pre_game","true",,"2026-05-13T08:53:52.104-04:00"
"true","CLE","860038","Cleveland","Cavaliers","2026-05-12T01:19:09.632-04:00",,"CLE","Full",,"team",,,"false","2026-05-13T20:00:00.000-04:00","scheduled","DET","006cb6","Detroit","Pistons","true","false","false","true","false","NBA","7","9.5","standard","false","272053","https://static.prizepicks.com/images/players/NBA/Caris_LeVert_NBA_player_g3Phb187vtZZrs8UuHynqHzG.webp","8","Detroit","Caris LeVert","G","DET","Pistons","12041952","Single Stat","Single Stat","437","true","2026-05-13T20:10:00.000-04:00","Pts+Rebs","12","Pts+Rebs","pre_game","true",,"2026-05-13T08:53:52.104-04:00"
,"CLE","860038","Cleveland","Cavaliers","2026-05-01T08:35:00.000-04:00",,"CLE","Full",,"team",,,"false","2026-05-13T20:00:00.000-04:00","scheduled","DET","006cb6","Detroit","Pistons","true","false","false","true","false","NBA","7","9.5","standard","false","272048","https://static.prizepicks.com/images/players/NBA/Duncan_Robinson_NBA_player_xpPTHBlF6nW6owrrx6sg4Hes.webp","55","Detroit","Duncan Robinson","F","DET","Pistons","12050818","Single Stat","Single Stat","439","true","2026-05-13T20:10:00.000-04:00","FG Attempted","9","FG Attempted","pre_game","true",,"2026-05-13T08:53:52.104-04:00"
"true","CLE","860038","Cleveland","Cavaliers","2026-05-01T08:35:00.000-04:00",,"CLE","Full",,"team",,,"false","2026-05-13T20:00:00.000-04:00","scheduled","DET","006cb6","Detroit","Pistons","true","false","false","true","false","NBA","7","9.5","standard","false","87848","https://static.prizepicks.com/images/players/NBA/Jalen_Duren_NBA_player_BGtA2SxfIEpqaOA2zn9FJZhp.webp","0","Detroit","Jalen Duren","C","DET","Pistons","12053517","Single Stat","Single Stat","443","true","2026-05-13T20:10:00.000-04:00","Rebounds","4","Rebounds","pre_game","true",,"2026-05-13T08:53:52.104-04:00"
"false","CLE","860038","Cleveland","Cavaliers","2026-05-11T22:46:04.270-04:00",,"CLE","Full",,"team",,,"false","2026-05-13T20:00:00.000-04:00","scheduled","DET","006cb6","Detroit","Pistons","true","false","false","true","false","NBA","7","9","standard","false","216580","https://static.prizepicks.com/images/players/NBA/Tobias_Harris_NBA_player_tGwMomg94AAFiXYjH5vFThKq.webp","12","Detroit","Tobias Harris","F","DET","Pistons","12039685","Single Stat","Single Stat","452","true","2026-05-13T20:10:00.000-04:00","Rebs+Asts","6","Rebs+Asts","pre_game","true",,"2026-05-13T08:53:52.104-04:00"
"false","CLE","860038","Cleveland","Cavaliers","2026-05-01T08:35:00.000-04:00",,"CLE","Full",,"team",,,"false","2026-05-13T20:00:00.000-04:00","scheduled","DET","006cb6","Detroit","Pistons","true","false","false","true","false","NBA","7","9","standard","false","59107","https://static.prizepicks.com/images/players/NBA/Cade_Cunningham_NBA_player_mq8YRxGgt7Csv81PJK3QsXJu.webp","2","Detroit","Cade Cunningham","G","DET","Pistons","12052223","Single Stat","Single Stat","453","true","2026-05-13T20:10:00.000-04:00","Assists","5","Assists","pre_game","true",,"2026-05-13T08:53:52.104-04:00"
,"CLE","860038","Cleveland","Cavaliers","2026-05-11T22:45:23.333-04:00",,"CLE","Full",,"team",,,"false","2026-05-13T20:00:00.000-04:00","scheduled","DET","006cb6","Detroit","Pistons","true","false","false","true","false","NBA","7","8.5","standard","false","173789","https://static.prizepicks.com/images/players/NBA/Ausar_Thompson_NBA_player_7Obr7GoiKRNtF8Nj1LYUn3gX.webp","9","Detroit","Ausar Thompson","G-F","DET","Pistons","12039446","Single Stat","Single Stat","454","true","2026-05-13T20:10:00.000-04:00","Points","2","Points","pre_game","true",,"2026-05-13T08:53:52.104-04:00"
"true","CLE","860038","Cleveland","Cavaliers","2026-05-11T22:45:38.127-04:00",,"DET","Full",,"team",,,"false","2026-05-13T20:00:00.000-04:00","scheduled","DET","006cb6","Detroit","Pistons","true","false","false","true","false","NBA","7","8.5","standard","false","188006","https://static.prizepicks.com/images/players/NBA/Donovan_Mitchell_NBA_player_0rXe2XnXarwUqJPvhfPBDUy2.webp","45","Cleveland","Donovan Mitchell","G","CLE","Cavaliers","12039535","Single Stat","Single Stat","456","true","2026-05-13T20:10:00.000-04:00","Rebs+Asts","6","Rebs+Asts","pre_game","true",,"2026-05-13T08:53:52.104-04:00"
,"CLE","860038","Cleveland","Cavaliers","2026-05-11T22:54:29.822-04:00",,"CLE","Full",,"team",,,"false","2026-05-13T20:00:00.000-04:00","scheduled","DET","006cb6","Detroit","Pistons","true","false","false","true","false","NBA","7","8.5","standard","false","279579","https://static.prizepicks.com/images/players/NBA/Daniss_Jenkins_NBA_player_gomI5shGs9qQrrpbBB8lXZ43.webp","24","Detroit","Daniss Jenkins","G","DET","Pistons","12040040","Single Stat","Single Stat","464","true","2026-05-13T20:10:00.000-04:00","Points","2","Points","pre_game","true",,"2026-05-13T08:53:52.104-04:00"
,"CLE","860038","Cleveland","Cavaliers","2026-05-01T08:35:00.000-04:00",,"DET","Full",,"team",,,"false","2026-05-13T20:00:00.000-04:00","scheduled","DET","006cb6","Detroit","Pistons","true","false","false","true","false","NBA","7","8.5","standard","false","188006","https://static.prizepicks.com/images/players/NBA/Donovan_Mitchell_NBA_player_0rXe2XnXarwUqJPvhfPBDUy2.webp","45","Cleveland","Donovan Mitchell","G","CLE","Cavaliers","12041854","Single Stat","Single Stat","470","true","2026-05-13T20:10:00.000-04:00","3-PT Attempted","13","3PTA","pre_game","true",,"2026-05-13T08:53:52.104-04:00"
"true","CLE","860038","Cleveland","Cavaliers","2026-05-01T08:35:00.000-04:00",,"DET","Full",,"team",,,"false","2026-05-13T20:00:00.000-04:00","scheduled","DET","006cb6","Detroit","Pistons","true","false","false","true","false","NBA","7","8.5","standard","false","26792","https://static.prizepicks.com/images/players/NBA/Jarrett_Allen_NBA_player_IBSK04adajN6nXaTEpotn53R.webp","31","Cleveland","Jarrett Allen","C","CLE","Cavaliers","12041896","Single Stat","Single Stat","471","true","2026-05-13T20:10:00.000-04:00","FG Attempted","9","FG Attempted","pre_game","true",,"2026-05-13T08:53:52.104-04:00"
"true","CLE","860038","Cleveland","Cavaliers","2026-05-12T02:53:42.223-04:00",,"DET","Full",,"team",,,"false","2026-05-13T20:00:00.000-04:00","scheduled","DET","006cb6","Detroit","Pistons","true","false","false","true","false","NBA","7","8.5","standard","false","26792","https://static.prizepicks.com/images/players/NBA/Jarrett_Allen_NBA_player_IBSK04adajN6nXaTEpotn53R.webp","31","Cleveland","Jarrett Allen","C","CLE","Cavaliers","12042736","Single Stat","Single Stat","476","true","2026-05-13T20:10:00.000-04:00","Rebs+Asts","6","Rebs+Asts","pre_game","true",,"2026-05-13T08:53:52.104-04:00"
,"CLE","860038","Cleveland","Cavaliers","2026-05-01T08:35:00.000-04:00",,"CLE","Full",,"team",,,"false","2026-05-13T20:00:00.000-04:00","scheduled","DET","006cb6","Detroit","Pistons","true","false","false","true","false","NBA","7","8.5","standard","false","87848","https://static.prizepicks.com/images/players/NBA/Jalen_Duren_NBA_player_BGtA2SxfIEpqaOA2zn9FJZhp.webp","0","Detroit","Jalen Duren","C","DET","Pistons","12050819","Single Stat","Single Stat","481","true","2026-05-13T20:10:00.000-04:00","FG Attempted","9","FG Attempted","pre_game","true",,"2026-05-13T08:53:52.104-04:00"
"false","CLE","860038","Cleveland","Cavaliers","2026-05-01T08:35:00.000-04:00",,"CLE","Full",,"team",,,"false","2026-05-13T20:00:00.000-04:00","scheduled","DET","006cb6","Detroit","Pistons","true","false","false","true","false","NBA","7","8.5","standard","false","87848","https://static.prizepicks.com/images/players/NBA/Jalen_Duren_NBA_player_BGtA2SxfIEpqaOA2zn9FJZhp.webp","0","Detroit","Jalen Duren","C","DET","Pistons","12051028","Single Stat","Single Stat","482","true","2026-05-13T20:10:00.000-04:00","Two Pointers Attempted","12","2-PT Att","pre_game","true",,"2026-05-13T08:53:52.104-04:00"
,"CLE","860038","Cleveland","Cavaliers","2026-05-13T00:18:45.579-04:00",,"DET","Full",,"team",,,"false","2026-05-13T20:00:00.000-04:00","scheduled","DET","006cb6","Detroit","Pistons","true","false","false","true","false","NBA","7","8.5","standard","false","173778","https://static.prizepicks.com/images/players/NBA/Max_Strus_NBA_player_1w4QyUAxm1OzfHDFdDAodyRe.webp","2","Cleveland","Max Strus","G-F","CLE","Cavaliers","12065060","Single Stat","Single Stat","488","true","2026-05-13T20:10:00.000-04:00","Points","2","Points","pre_game","true",,"2026-05-13T08:53:52.104-04:00"
"false","CLE","860038","Cleveland","Cavaliers","2026-05-01T08:35:00.000-04:00",,"DET","Full",,"team",,,"false","2026-05-13T20:00:00.000-04:00","scheduled","DET","006cb6","Detroit","Pistons","true","false","false","true","false","NBA","7","8","standard","false","53979","https://static.prizepicks.com/images/players/NBA/Evan_Mobley_NBA_player_V3d2qMMdbw05huQpocNNRwVe.webp","4","Cleveland","Evan Mobley","C","CLE","Cavaliers","12074488","Single Stat","Single Stat","493","true","2026-05-13T20:10:00.000-04:00","Two Pointers Attempted","12","2-PT Att","pre_game","true",,"2026-05-13T08:53:52.104-04:00"
"false","CLE","860038","Cleveland","Cavaliers","2026-05-01T08:35:00.000-04:00",,"DET","Full",,"team",,,"false","2026-05-13T20:00:00.000-04:00","scheduled","DET","006cb6","Detroit","Pistons","true","false","false","true","false","NBA","7","8","standard","false","26792","https://static.prizepicks.com/images/players/NBA/Jarrett_Allen_NBA_player_IBSK04adajN6nXaTEpotn53R.webp","31","Cleveland","Jarrett Allen","C","CLE","Cavaliers","12074489","Single Stat","Single Stat","494","true","2026-05-13T20:10:00.000-04:00","Two Pointers Attempted","12","2-PT Att","pre_game","true",,"2026-05-13T08:58:34.534-04:00"
"false","CLE","860038","Cleveland","Cavaliers","2026-05-01T08:11:00.000-04:00",,"DET","Full",,"team",,,"false","2026-05-13T20:00:00.000-04:00","scheduled","DET","006cb6","Detroit","Pistons","true","false","false","true","false","NBA","7","8","standard","false","53979","https://static.prizepicks.com/images/players/NBA/Evan_Mobley_NBA_player_V3d2qMMdbw05huQpocNNRwVe.webp","4","Cleveland","Evan Mobley","C","CLE","Cavaliers","12078399","Single Stat","Single Stat","495","true","2026-05-13T20:10:00.000-04:00","Rebounds","4","Rebounds","pre_game","true",,"2026-05-13T12:51:03.443-04:00"
,"CLE","860038","Cleveland","Cavaliers","2026-05-11T22:45:29.761-04:00",,"CLE","Full",,"team",,,"false","2026-05-13T20:00:00.000-04:00","scheduled","DET","006cb6","Detroit","Pistons","true","false","false","true","false","NBA","7","7.5","standard","false","272053","https://static.prizepicks.com/images/players/NBA/Caris_LeVert_NBA_player_g3Phb187vtZZrs8UuHynqHzG.webp","8","Detroit","Caris LeVert","G","DET","Pistons","12039484","Single Stat","Single Stat","498","true","2026-05-13T20:10:00.000-04:00","Points","2","Points","pre_game","true",,"2026-05-13T11:20:47.013-04:00"
,"CLE","860038","Cleveland","Cavaliers","2026-05-11T22:54:30.629-04:00",,"DET","Full",,"team",,,"false","2026-05-13T20:00:00.000-04:00","scheduled","DET","006cb6","Detroit","Pistons","true","false","false","true","false","NBA","7","7.5","standard","false","10740","https://static.prizepicks.com/images/players/NBA/Dean_Wade_NBA_player_EhvdBRkE23hJZocoUd1EiCTz.webp","32","Cleveland","Dean Wade","F-C","CLE","Cavaliers","12040044","Single Stat","Single Stat","513","true","2026-05-13T20:10:00.000-04:00","Pts+Rebs+Asts","3","PRA","pre_game","true",,"2026-05-13T08:53:52.104-04:00"
,"CLE","860038","Cleveland","Cavaliers","2026-05-01T08:35:00.000-04:00",,"CLE","Full",,"team",,,"false","2026-05-13T20:00:00.000-04:00","scheduled","DET","006cb6","Detroit","Pistons","true","false","false","true","false","NBA","7","7.5","standard","false","59107","https://static.prizepicks.com/images/players/NBA/Cade_Cunningham_NBA_player_mq8YRxGgt7Csv81PJK3QsXJu.webp","2","Detroit","Cade Cunningham","G","DET","Pistons","12041943","Single Stat","Single Stat","520","true","2026-05-13T20:10:00.000-04:00","Two Pointers Made","8","2-PT Made","pre_game","true",,"2026-05-13T12:39:33.601-04:00"
,"CLE","860038","Cleveland","Cavaliers","2026-05-12T08:56:11.875-04:00",,"DET","Full",,"team",,,"false","2026-05-13T20:00:00.000-04:00","scheduled","DET","006cb6","Detroit","Pistons","true","false","false","true","false","NBA","7","7.5","standard","false","125464","https://static.prizepicks.com/images/players/NBA/Sam_Merrill_NBA_player_2dFXT8dkmznuwBwNkkn0SZSv.webp","5","Cleveland","Sam Merrill","G","CLE","Cavaliers","12047005","Single Stat","Single Stat","527","true","2026-05-13T20:10:00.000-04:00","Pts+Rebs+Asts","3","PRA","pre_game","true",,"2026-05-13T12:41:48.950-04:00"
"false","CLE","860038","Cleveland","Cavaliers","2026-05-01T08:35:00.000-04:00",,"DET","Full",,"team",,,"false","2026-05-13T20:00:00.000-04:00","scheduled","DET","006cb6","Detroit","Pistons","true","false","false","true","false","NBA","7","7.5","standard","false","26792","https://static.prizepicks.com/images/players/NBA/Jarrett_Allen_NBA_player_IBSK04adajN6nXaTEpotn53R.webp","31","Cleveland","Jarrett Allen","C","CLE","Cavaliers","12074450","Single Stat","Single Stat","539","true","2026-05-13T20:10:00.000-04:00","Rebounds","4","Rebounds","pre_game","true",,"2026-05-13T12:44:11.611-04:00"
"false","CLE","860038","Cleveland","Cavaliers","2026-05-01T08:35:00.000-04:00",,"CLE","Full",,"team",,,"false","2026-05-13T20:00:00.000-04:00","scheduled","DET","006cb6","Detroit","Pistons","true","false","false","true","false","NBA","7","7","standard","false","216580","https://static.prizepicks.com/images/players/NBA/Tobias_Harris_NBA_player_tGwMomg94AAFiXYjH5vFThKq.webp","12","Detroit","Tobias Harris","F","DET","Pistons","12039683","Single Stat","Single Stat","540","true","2026-05-13T20:10:00.000-04:00","Rebounds","4","Rebounds","pre_game","true",,"2026-05-13T11:39:39.673-04:00"
"false","CLE","860038","Cleveland","Cavaliers","2026-05-01T08:35:00.000-04:00",,"CLE","Full",,"team",,,"false","2026-05-13T20:00:00.000-04:00","scheduled","DET","006cb6","Detroit","Pistons","true","false","false","true","false","NBA","7","7","standard","false","173789","https://static.prizepicks.com/images/players/NBA/Ausar_Thompson_NBA_player_7Obr7GoiKRNtF8Nj1LYUn3gX.webp","9","Detroit","Ausar Thompson","G-F","DET","Pistons","12053185","Single Stat","Single Stat","541","true","2026-05-13T20:10:00.000-04:00","Rebounds","4","Rebounds","pre_game","true",,"2026-05-13T08:53:52.104-04:00"
"false","CLE","860038","Cleveland","Cavaliers","2026-05-01T08:35:00.000-04:00",,"DET","Full",,"team",,,"false","2026-05-13T20:00:00.000-04:00","scheduled","DET","006cb6","Detroit","Pistons","true","false","false","true","false","NBA","7","7","standard","false","299373","https://static.prizepicks.com/images/manual/James Harden CLE.png","1","Cleveland","James Harden","G","CLE","Cavaliers","12053207","Single Stat","Single Stat","542","true","2026-05-13T20:10:00.000-04:00","Assists","5","Assists","pre_game","true",,"2026-05-13T08:53:52.104-04:00"
"false","CLE","860038","Cleveland","Cavaliers","2026-05-01T08:35:00.000-04:00",,"DET","Full",,"team",,,"false","2026-05-13T20:00:00.000-04:00","scheduled","DET","006cb6","Detroit","Pistons","true","false","false","true","false","NBA","7","7","standard","false","299373","https://static.prizepicks.com/images/manual/James Harden CLE.png","1","Cleveland","James Harden","G","CLE","Cavaliers","12053280","Single Stat","Single Stat","543","true","2026-05-13T20:10:00.000-04:00","3-PT Attempted","13","3PTA","pre_game","true",,"2026-05-13T08:53:52.104-04:00"
"false","CLE","860038","Cleveland","Cavaliers","2026-05-01T08:35:00.000-04:00",,"CLE","Full",,"team",,,"false","2026-05-13T20:00:00.000-04:00","scheduled","DET","006cb6","Detroit","Pistons","true","false","false","true","false","NBA","7","7","standard","false","272048","https://static.prizepicks.com/images/players/NBA/Duncan_Robinson_NBA_player_xpPTHBlF6nW6owrrx6sg4Hes.webp","55","Detroit","Duncan Robinson","F","DET","Pistons","12053282","Single Stat","Single Stat","544","true","2026-05-13T20:10:00.000-04:00","3-PT Attempted","13","3PTA","pre_game","true",,"2026-05-13T08:53:52.104-04:00"
"false","CLE","860038","Cleveland","Cavaliers","2026-05-01T08:35:00.000-04:00",,"CLE","Full",,"team",,,"false","2026-05-13T20:00:00.000-04:00","scheduled","DET","006cb6","Detroit","Pistons","true","false","false","true","false","NBA","7","7","standard","false","216580","https://static.prizepicks.com/images/players/NBA/Tobias_Harris_NBA_player_tGwMomg94AAFiXYjH5vFThKq.webp","12","Detroit","Tobias Harris","F","DET","Pistons","12053294","Single Stat","Single Stat","545","true","2026-05-13T20:10:00.000-04:00","FG Made","10","FG Made","pre_game","true",,"2026-05-13T08:53:52.104-04:00"
"false","CLE","860038","Cleveland","Cavaliers","2026-05-01T08:35:00.000-04:00",,"DET","Full",,"team",,,"false","2026-05-13T20:00:00.000-04:00","scheduled","DET","006cb6","Detroit","Pistons","true","false","false","true","false","NBA","7","7","standard","false","173778","https://static.prizepicks.com/images/players/NBA/Max_Strus_NBA_player_1w4QyUAxm1OzfHDFdDAodyRe.webp","2","Cleveland","Max Strus","G-F","CLE","Cavaliers","12053298","Single Stat","Single Stat","546","true","2026-05-13T20:10:00.000-04:00","FG Attempted","9","FG Attempted","pre_game","true",,"2026-05-13T08:53:52.104-04:00"
"false","CLE","860038","Cleveland","Cavaliers","2026-05-01T08:35:00.000-04:00",,"CLE","Full",,"team",,,"false","2026-05-13T20:00:00.000-04:00","scheduled","DET","006cb6","Detroit","Pistons","true","false","false","true","false","NBA","7","7","standard","false","173789","https://static.prizepicks.com/images/players/NBA/Ausar_Thompson_NBA_player_7Obr7GoiKRNtF8Nj1LYUn3gX.webp","9","Detroit","Ausar Thompson","G-F","DET","Pistons","12053299","Single Stat","Single Stat","547","true","2026-05-13T20:10:00.000-04:00","FG Attempted","9","FG Attempted","pre_game","true",,"2026-05-13T08:53:52.104-04:00"
"false","CLE","860038","Cleveland","Cavaliers","2026-05-01T08:35:00.000-04:00",,"CLE","Full",,"team",,,"false","2026-05-13T20:00:00.000-04:00","scheduled","DET","006cb6","Detroit","Pistons","true","false","false","true","false","NBA","7","7","standard","false","279579","https://static.prizepicks.com/images/players/NBA/Daniss_Jenkins_NBA_player_gomI5shGs9qQrrpbBB8lXZ43.webp","24","Detroit","Daniss Jenkins","G","DET","Pistons","12053300","Single Stat","Single Stat","548","true","2026-05-13T20:10:00.000-04:00","FG Attempted","9","FG Attempted","pre_game","true",,"2026-05-13T08:53:52.104-04:00"
"false","CLE","860038","Cleveland","Cavaliers","2026-05-01T08:35:00.000-04:00",,"CLE","Full",,"team",,,"false","2026-05-13T20:00:00.000-04:00","scheduled","DET","006cb6","Detroit","Pistons","true","false","false","true","false","NBA","7","7","standard","false","173789","https://static.prizepicks.com/images/players/NBA/Ausar_Thompson_NBA_player_7Obr7GoiKRNtF8Nj1LYUn3gX.webp","9","Detroit","Ausar Thompson","G-F","DET","Pistons","12054228","Single Stat","Single Stat","549","true","2026-05-13T20:10:00.000-04:00","Two Pointers Attempted","12","2-PT Att","pre_game","true",,"2026-05-13T08:53:52.104-04:00"
"false","CLE","860038","Cleveland","Cavaliers","2026-05-01T20:10:00.000-04:00",,"CLE/DET","Full",,"combo",,,"false","2026-05-13T20:00:00.000-04:00","scheduled","DET","006cb6","Detroit","Pistons","true","false","false","true","false","NBA","7","7","standard","true","316542","https://static.prizepicks.com/images/players/CMBO_group_M0jgqd6VJtEeTrWHTvfJohiF.webp","9 + 45",,"Ausar Thompson + Donovan Mitchell","G-F","DET/CLE","Pistons/Cavaliers","12060570","Single Stat","Single Stat","550","true","2026-05-13T20:10:00.000-04:00","Assists (Combo)","36","Assists","pre_game","true",,"2026-05-13T08:53:52.104-04:00"
,"CLE","860038","Cleveland","Cavaliers","2026-05-11T22:45:31.914-04:00",,"DET","Full",,"team",,,"false","2026-05-13T20:00:00.000-04:00","scheduled","DET","006cb6","Detroit","Pistons","true","false","false","true","false","NBA","7","6.5","standard","false","10740","https://static.prizepicks.com/images/players/NBA/Dean_Wade_NBA_player_EhvdBRkE23hJZocoUd1EiCTz.webp","32","Cleveland","Dean Wade","F-C","CLE","Cavaliers","12039496","Single Stat","Single Stat","551","true","2026-05-13T20:10:00.000-04:00","Pts+Rebs","12","Pts+Rebs","pre_game","true",,"2026-05-13T08:53:52.104-04:00"
,"CLE","860038","Cleveland","Cavaliers","2026-05-11T22:45:33.237-04:00",,"DET","Full",,"team",,,"false","2026-05-13T20:00:00.000-04:00","scheduled","DET","006cb6","Detroit","Pistons","true","false","false","true","false","NBA","7","6.5","standard","false","298750","https://static.prizepicks.com/images/manual/DennisSchröder.png","8","Cleveland","Dennis Schröder","G","CLE","Cavaliers","12039505","Single Stat","Single Stat","552","true","2026-05-13T20:10:00.000-04:00","Points","2","Points","pre_game","true",,"2026-05-13T08:53:52.104-04:00"
,"CLE","860038","Cleveland","Cavaliers","2026-05-01T08:35:00.000-04:00",,"DET","Full",,"team",,,"false","2026-05-13T20:00:00.000-04:00","scheduled","DET","006cb6","Detroit","Pistons","true","false","false","true","false","NBA","7","6.5","standard","false","188006","https://static.prizepicks.com/images/players/NBA/Donovan_Mitchell_NBA_player_0rXe2XnXarwUqJPvhfPBDUy2.webp","45","Cleveland","Donovan Mitchell","G","CLE","Cavaliers","12041858","Single Stat","Single Stat","568","true","2026-05-13T20:10:00.000-04:00","Free Throws Made","14","FTM","pre_game","true",,"2026-05-13T10:07:16.987-04:00"
,"CLE","860038","Cleveland","Cavaliers","2026-05-01T08:35:00.000-04:00",,"DET","Full",,"team",,,"false","2026-05-13T20:00:00.000-04:00","scheduled","DET","006cb6","Detroit","Pistons","true","false","false","true","false","NBA","7","6.5","standard","false","299373","https://static.prizepicks.com/images/manual/James Harden CLE.png","1","Cleveland","James Harden","G","CLE","Cavaliers","12050520","Single Stat","Single Stat","574","true","2026-05-13T20:10:00.000-04:00","Two Pointers Attempted","12","2-PT Att","pre_game","true",,"2026-05-13T08:53:52.104-04:00"
,"CLE","860038","Cleveland","Cavaliers","2026-05-13T04:34:21.862-04:00",,"DET","Full",,"team",,,"false","2026-05-13T20:00:00.000-04:00","scheduled","DET","006cb6","Detroit","Pistons","true","false","false","true","false","NBA","7","6.5","standard","false","125464","https://static.prizepicks.com/images/players/NBA/Sam_Merrill_NBA_player_2dFXT8dkmznuwBwNkkn0SZSv.webp","5","Cleveland","Sam Merrill","G","CLE","Cavaliers","12069616","Single Stat","Single Stat","587","true","2026-05-13T20:10:00.000-04:00","Pts+Rebs","12","Pts+Rebs","pre_game","true",,"2026-05-13T12:41:48.406-04:00"
"false","CLE","860038","Cleveland","Cavaliers","2026-05-01T08:35:00.000-04:00",,"CLE","Full",,"team",,,"false","2026-05-13T20:00:00.000-04:00","scheduled","DET","006cb6","Detroit","Pistons","true","false","false","true","false","NBA","7","6.5","standard","false","272053","https://static.prizepicks.com/images/players/NBA/Caris_LeVert_NBA_player_g3Phb187vtZZrs8UuHynqHzG.webp","8","Detroit","Caris LeVert","G","DET","Pistons","12074472","Single Stat","Single Stat","591","true","2026-05-13T20:10:00.000-04:00","FG Attempted","9","FG Attempted","pre_game","true",,"2026-05-13T11:16:32.006-04:00"
,"CLE","860038","Cleveland","Cavaliers","2026-05-13T10:13:08.733-04:00",,"DET","Full",,"team",,,"false","2026-05-13T20:00:00.000-04:00","scheduled","DET","006cb6","Detroit","Pistons","true","false","false","true","false","NBA","7","6.5","standard","false","125464","https://static.prizepicks.com/images/players/NBA/Sam_Merrill_NBA_player_2dFXT8dkmznuwBwNkkn0SZSv.webp","5","Cleveland","Sam Merrill","G","CLE","Cavaliers","12076496","Single Stat","Single Stat","592","true","2026-05-13T20:10:00.000-04:00","Pts+Asts","11","Pts+Asts","pre_game","true",,"2026-05-13T10:26:05.058-04:00"
"false","CLE","860038","Cleveland","Cavaliers","2026-05-01T08:35:00.000-04:00",,"CLE","Full",,"team",,,"false","2026-05-13T20:00:00.000-04:00","scheduled","DET","006cb6","Detroit","Pistons","true","false","false","true","false","NBA","7","6","standard","false","59107","https://static.prizepicks.com/images/players/NBA/Cade_Cunningham_NBA_player_mq8YRxGgt7Csv81PJK3QsXJu.webp","2","Detroit","Cade Cunningham","G","DET","Pistons","12053281","Single Stat","Single Stat","593","true","2026-05-13T20:10:00.000-04:00","3-PT Attempted","13","3PTA","pre_game","true",,"2026-05-13T08:53:52.104-04:00"
"false","CLE","860038","Cleveland","Cavaliers","2026-05-05T11:22:00.000-04:00",,"CLE","Full",,"team",,,"false","2026-05-13T20:00:00.000-04:00","scheduled","DET","006cb6","Detroit","Pistons","true","false","false","true","false","NBA","7","6","standard","false","87848","https://static.prizepicks.com/images/players/NBA/Jalen_Duren_NBA_player_BGtA2SxfIEpqaOA2zn9FJZhp.webp","0","Detroit","Jalen Duren","C","DET","Pistons","12053510","Single Stat","Single Stat","594","true","2026-05-13T20:10:00.000-04:00","Defensive Rebounds","18","Defensive Rebounds","pre_game","true",,"2026-05-13T11:33:37.478-04:00"
"false","CLE","860038","Cleveland","Cavaliers","2026-05-01T08:35:00.000-04:00",,"DET","Full",,"team",,,"false","2026-05-13T20:00:00.000-04:00","scheduled","DET","006cb6","Detroit","Pistons","true","false","false","true","false","NBA","7","6","standard","false","188006","https://static.prizepicks.com/images/players/NBA/Donovan_Mitchell_NBA_player_0rXe2XnXarwUqJPvhfPBDUy2.webp","45","Cleveland","Donovan Mitchell","G","CLE","Cavaliers","12074478","Single Stat","Single Stat","595","true","2026-05-13T20:10:00.000-04:00","Two Pointers Made","8","2-PT Made","pre_game","true",,"2026-05-13T08:53:52.104-04:00"
"false","CLE","860038","Cleveland","Cavaliers","2026-05-11T22:45:59.223-04:00",,"DET","Full",,"team",,,"false","2026-05-13T20:00:00.000-04:00","scheduled","DET","006cb6","Detroit","Pistons","true","false","false","true","false","NBA","7","5.5","standard","false","173778","https://static.prizepicks.com/images/players/NBA/Max_Strus_NBA_player_1w4QyUAxm1OzfHDFdDAodyRe.webp","2","Cleveland","Max Strus","G-F","CLE","Cavaliers","12039661","Single Stat","Single Stat","609","true","2026-05-13T20:10:00.000-04:00","Rebs+Asts","6","Rebs+Asts","pre_game","true",,"2026-05-13T08:53:52.104-04:00"
"false","CLE","860038","Cleveland","Cavaliers","2026-05-10T23:44:00.000-04:00",,"CLE/DET","Full",,"combo",,,"false","2026-05-13T20:00:00.000-04:00","scheduled","DET","006cb6","Detroit","Pistons","true","false","false","true","false","NBA","7","5.5","standard","true","316545","https://static.prizepicks.com/images/players/CMBO_group_csBpTwfAAGxPXc7w4KVezzAZ.webp","55 + 45",,"Duncan Robinson + Donovan Mitchell","F","DET/CLE","Pistons/Cavaliers","12041649","Single Stat","Single Stat","622","true","2026-05-13T20:10:00.000-04:00","3-PT Made (Combo)","33","3PTM","pre_game","true",,"2026-05-13T08:53:52.104-04:00"
,"CLE","860038","Cleveland","Cavaliers","2026-05-01T08:35:00.000-04:00",,"DET","Full",,"team",,,"false","2026-05-13T20:00:00.000-04:00","scheduled","DET","006cb6","Detroit","Pistons","true","false","false","true","false","NBA","7","5.5","standard","false","299373","https://static.prizepicks.com/images/manual/James Harden CLE.png","1","Cleveland","James Harden","G","CLE","Cavaliers","12041884","Single Stat","Single Stat","623","true","2026-05-13T20:10:00.000-04:00","FG Made","10","FG Made","pre_game","true",,"2026-05-13T08:53:52.104-04:00"
,"CLE","860038","Cleveland","Cavaliers","2026-05-04T14:39:00.000-04:00",,"DET","Full",,"team",,,"false","2026-05-13T20:00:00.000-04:00","scheduled","DET","006cb6","Detroit","Pistons","true","false","false","true","false","NBA","7","5.5","standard","false","299373","https://static.prizepicks.com/images/manual/James Harden CLE.png","1","Cleveland","James Harden","G","CLE","Cavaliers","12041885","Single Stat","Single Stat","624","true","2026-05-13T20:10:00.000-04:00","Free Throws Attempted","15","FTA","pre_game","true",,"2026-05-13T11:19:42.825-04:00"
"true","CLE","860038","Cleveland","Cavaliers","2026-05-12T01:19:13.040-04:00",,"CLE","Full",,"team",,,"false","2026-05-13T20:00:00.000-04:00","scheduled","DET","006cb6","Detroit","Pistons","true","false","false","true","false","NBA","7","5.5","standard","false","279579","https://static.prizepicks.com/images/players/NBA/Daniss_Jenkins_NBA_player_gomI5shGs9qQrrpbBB8lXZ43.webp","24","Detroit","Daniss Jenkins","G","DET","Pistons","12041968","Single Stat","Single Stat","625","true","2026-05-13T20:10:00.000-04:00","Rebs+Asts","6","Rebs+Asts","pre_game","true",,"2026-05-13T08:53:52.104-04:00"
"true","CLE","860038","Cleveland","Cavaliers","2026-05-01T08:35:00.000-04:00",,"DET","Full",,"team",,,"false","2026-05-13T20:00:00.000-04:00","scheduled","DET","006cb6","Detroit","Pistons","true","false","false","true","false","NBA","7","5.5","standard","false","53979","https://static.prizepicks.com/images/players/NBA/Evan_Mobley_NBA_player_V3d2qMMdbw05huQpocNNRwVe.webp","4","Cleveland","Evan Mobley","C","CLE","Cavaliers","12043186","Single Stat","Single Stat","628","true","2026-05-13T20:10:00.000-04:00","FG Made","10","FG Made","pre_game","true",,"2026-05-13T08:53:52.104-04:00"
"false","CLE","860038","Cleveland","Cavaliers","2026-05-05T11:22:00.000-04:00",,"DET","Full",,"team",,,"false","2026-05-13T20:00:00.000-04:00","scheduled","DET","006cb6","Detroit","Pistons","true","false","false","true","false","NBA","7","5.5","standard","false","26792","https://static.prizepicks.com/images/players/NBA/Jarrett_Allen_NBA_player_IBSK04adajN6nXaTEpotn53R.webp","31","Cleveland","Jarrett Allen","C","CLE","Cavaliers","12053668","Single Stat","Single Stat","633","true","2026-05-13T20:10:00.000-04:00","Defensive Rebounds","18","Defensive Rebounds","pre_game","true",,"2026-05-13T12:44:17.430-04:00"
"false","CLE","860038","Cleveland","Cavaliers","2026-05-05T11:22:00.000-04:00",,"DET","Full",,"team",,,"false","2026-05-13T20:00:00.000-04:00","scheduled","DET","006cb6","Detroit","Pistons","true","false","false","true","false","NBA","7","5.5","standard","false","53979","https://static.prizepicks.com/images/players/NBA/Evan_Mobley_NBA_player_V3d2qMMdbw05huQpocNNRwVe.webp","4","Cleveland","Evan Mobley","C","CLE","Cavaliers","12053669","Single Stat","Single Stat","634","true","2026-05-13T20:10:00.000-04:00","Defensive Rebounds","18","Defensive Rebounds","pre_game","true",,"2026-05-13T11:33:37.478-04:00"
,"CLE","860038","Cleveland","Cavaliers","2026-05-13T00:24:36.140-04:00",,"DET","Full",,"team",,,"false","2026-05-13T20:00:00.000-04:00","scheduled","DET","006cb6","Detroit","Pistons","true","false","false","true","false","NBA","7","5.5","standard","false","125464","https://static.prizepicks.com/images/players/NBA/Sam_Merrill_NBA_player_2dFXT8dkmznuwBwNkkn0SZSv.webp","5","Cleveland","Sam Merrill","G","CLE","Cavaliers","12065464","Single Stat","Single Stat","640","true","2026-05-13T20:10:00.000-04:00","Points","2","Points","pre_game","true",,"2026-05-13T08:53:52.104-04:00"
"false","CLE","860038","Cleveland","Cavaliers","2026-05-01T08:35:00.000-04:00",,"DET","Full",,"team",,,"false","2026-05-13T20:00:00.000-04:00","scheduled","DET","006cb6","Detroit","Pistons","true","false","false","true","false","NBA","7","5.5","standard","false","173778","https://static.prizepicks.com/images/players/NBA/Max_Strus_NBA_player_1w4QyUAxm1OzfHDFdDAodyRe.webp","2","Cleveland","Max Strus","G-F","CLE","Cavaliers","12074467","Single Stat","Single Stat","641","true","2026-05-13T20:10:00.000-04:00","3-PT Attempted","13","3PTA","pre_game","true",,"2026-05-13T10:02:23.582-04:00"
,"CLE","860038","Cleveland","Cavaliers","2026-05-13T10:46:16.247-04:00",,"DET","Full",,"team",,,"false","2026-05-13T20:00:00.000-04:00","scheduled","DET","006cb6","Detroit","Pistons","true","false","false","true","false","NBA","7","5.5","standard","false","226579","https://static.prizepicks.com/images/players/NBA/Jaylon_Tyson_NBA_player_vLYgk6879JDBN7gQAsxXixXG.webp","20","Cleveland","Jaylon Tyson","G-F","CLE","Cavaliers","12076807","Single Stat","Single Stat","642","true","2026-05-13T20:10:00.000-04:00","Pts+Rebs","12","Pts+Rebs","pre_game","true",,"2026-05-13T11:00:52.161-04:00"
"false","CLE","860038","Cleveland","Cavaliers","2026-05-05T11:22:00.000-04:00",,"CLE","Full",,"team",,,"false","2026-05-13T20:00:00.000-04:00","scheduled","DET","006cb6","Detroit","Pistons","true","false","false","true","false","NBA","7","5.5","standard","false","216580","https://static.prizepicks.com/images/players/NBA/Tobias_Harris_NBA_player_tGwMomg94AAFiXYjH5vFThKq.webp","12","Detroit","Tobias Harris","F","DET","Pistons","12077281","Single Stat","Single Stat","643","true","2026-05-13T20:10:00.000-04:00","Defensive Rebounds","18","Defensive Rebounds","pre_game","true",,"2026-05-13T11:35:58.085-04:00"
"false","CLE","860038","Cleveland","Cavaliers","2026-05-10T23:44:00.000-04:00",,"CLE/DET","Full",,"combo",,,"false","2026-05-13T20:00:00.000-04:00","scheduled","DET","006cb6","Detroit","Pistons","true","false","false","true","false","NBA","7","5","standard","true","316546","https://static.prizepicks.com/images/players/CMBO_group_JUVtWxUSR767GdKqUCtrDXjj.webp","55 + 1",,"Duncan Robinson + James Harden","F","DET/CLE","Pistons/Cavaliers","12041647","Single Stat","Single Stat","644","true","2026-05-13T20:10:00.000-04:00","3-PT Made (Combo)","33","3PTM","pre_game","true",,"2026-05-13T08:53:52.104-04:00"
"false","CLE","860038","Cleveland","Cavaliers","2026-05-10T23:44:00.000-04:00",,"CLE/DET","Full",,"combo",,,"false","2026-05-13T20:00:00.000-04:00","scheduled","DET","006cb6","Detroit","Pistons","true","false","false","true","false","NBA","7","5","standard","true","316537","https://static.prizepicks.com/images/players/CMBO_group_P2BfS0hCfWpj5rNOvFHkfUMH.webp","2 + 45",,"Cade Cunningham + Donovan Mitchell","G","DET/CLE","Pistons/Cavaliers","12041648","Single Stat","Single Stat","645","true","2026-05-13T20:10:00.000-04:00","3-PT Made (Combo)","33","3PTM","pre_game","true",,"2026-05-13T08:53:52.104-04:00"
"false","CLE","860038","Cleveland","Cavaliers","2026-05-01T08:35:00.000-04:00",,"CLE","Full",,"team",,,"false","2026-05-13T20:00:00.000-04:00","scheduled","DET","006cb6","Detroit","Pistons","true","false","false","true","false","NBA","7","5","standard","false","279579","https://static.prizepicks.com/images/players/NBA/Daniss_Jenkins_NBA_player_gomI5shGs9qQrrpbBB8lXZ43.webp","24","Detroit","Daniss Jenkins","G","DET","Pistons","12041970","Single Stat","Single Stat","646","true","2026-05-13T20:10:00.000-04:00","Two Pointers Attempted","12","2-PT Att","pre_game","true",,"2026-05-13T08:53:52.104-04:00"
"false","CLE","860038","Cleveland","Cavaliers","2026-05-01T08:35:00.000-04:00",,"DET","Full",,"team",,,"false","2026-05-13T20:00:00.000-04:00","scheduled","DET","006cb6","Detroit","Pistons","true","false","false","true","false","NBA","7","5","standard","false","26792","https://static.prizepicks.com/images/players/NBA/Jarrett_Allen_NBA_player_IBSK04adajN6nXaTEpotn53R.webp","31","Cleveland","Jarrett Allen","C","CLE","Cavaliers","12053290","Single Stat","Single Stat","647","true","2026-05-13T20:10:00.000-04:00","FG Made","10","FG Made","pre_game","true",,"2026-05-13T08:53:52.104-04:00"
"false","CLE","860038","Cleveland","Cavaliers","2026-05-01T08:35:00.000-04:00",,"CLE","Full",,"team",,,"false","2026-05-13T20:00:00.000-04:00","scheduled","DET","006cb6","Detroit","Pistons","true","false","false","true","false","NBA","7","5","standard","false","87848","https://static.prizepicks.com/images/players/NBA/Jalen_Duren_NBA_player_BGtA2SxfIEpqaOA2zn9FJZhp.webp","0","Detroit","Jalen Duren","C","DET","Pistons","12053293","Single Stat","Single Stat","648","true","2026-05-13T20:10:00.000-04:00","FG Made","10","FG Made","pre_game","true",,"2026-05-13T08:53:52.104-04:00"
"false","CLE","860038","Cleveland","Cavaliers","2026-05-01T08:35:00.000-04:00",,"DET","Full",,"team",,,"false","2026-05-13T20:00:00.000-04:00","scheduled","DET","006cb6","Detroit","Pistons","true","false","false","true","false","NBA","7","5","standard","false","298750","https://static.prizepicks.com/images/manual/DennisSchröder.png","8","Cleveland","Dennis Schröder","G","CLE","Cavaliers","12053297","Single Stat","Single Stat","649","true","2026-05-13T20:10:00.000-04:00","FG Attempted","9","FG Attempted","pre_game","true",,"2026-05-13T08:53:52.104-04:00"
"false","CLE","860038","Cleveland","Cavaliers","2026-05-01T08:35:00.000-04:00",,"CLE","Full",,"team",,,"false","2026-05-13T20:00:00.000-04:00","scheduled","DET","006cb6","Detroit","Pistons","true","false","false","true","false","NBA","7","5","standard","false","59107","https://static.prizepicks.com/images/players/NBA/Cade_Cunningham_NBA_player_mq8YRxGgt7Csv81PJK3QsXJu.webp","2","Detroit","Cade Cunningham","G","DET","Pistons","12074452","Single Stat","Single Stat","650","true","2026-05-13T20:10:00.000-04:00","Rebounds","4","Rebounds","pre_game","true",,"2026-05-13T08:53:52.104-04:00"
"false","CLE","860038","Cleveland","Cavaliers","2026-05-01T08:35:00.000-04:00",,"CLE","Full",,"team",,,"false","2026-05-13T20:00:00.000-04:00","scheduled","DET","006cb6","Detroit","Pistons","true","false","false","true","false","NBA","7","5","standard","false","216580","https://static.prizepicks.com/images/players/NBA/Tobias_Harris_NBA_player_tGwMomg94AAFiXYjH5vFThKq.webp","12","Detroit","Tobias Harris","F","DET","Pistons","12074469","Single Stat","Single Stat","651","true","2026-05-13T20:10:00.000-04:00","3-PT Attempted","13","3PTA","pre_game","true",,"2026-05-13T08:53:52.104-04:00"
"false","CLE","860038","Cleveland","Cavaliers","2026-05-01T08:35:00.000-04:00",,"DET","Full",,"team",,,"false","2026-05-13T20:00:00.000-04:00","scheduled","DET","006cb6","Detroit","Pistons","true","false","false","true","false","NBA","7","5","standard","false","26792","https://static.prizepicks.com/images/players/NBA/Jarrett_Allen_NBA_player_IBSK04adajN6nXaTEpotn53R.webp","31","Cleveland","Jarrett Allen","C","CLE","Cavaliers","12074481","Single Stat","Single Stat","652","true","2026-05-13T20:10:00.000-04:00","Two Pointers Made","8","2-PT Made","pre_game","true",,"2026-05-13T09:03:40.816-04:00"
"false","CLE","860038","Cleveland","Cavaliers","2026-05-01T08:35:00.000-04:00",,"CLE","Full",,"team",,,"false","2026-05-13T20:00:00.000-04:00","scheduled","DET","006cb6","Detroit","Pistons","true","false","false","true","false","NBA","7","5","standard","false","87848","https://static.prizepicks.com/images/players/NBA/Jalen_Duren_NBA_player_BGtA2SxfIEpqaOA2zn9FJZhp.webp","0","Detroit","Jalen Duren","C","DET","Pistons","12074483","Single Stat","Single Stat","653","true","2026-05-13T20:10:00.000-04:00","Two Pointers Made","8","2-PT Made","pre_game","true",,"2026-05-13T08:56:21.750-04:00"
"false","CLE","860038","Cleveland","Cavaliers","2026-05-01T08:35:00.000-04:00",,"CLE","Full",,"team",,,"false","2026-05-13T20:00:00.000-04:00","scheduled","DET","006cb6","Detroit","Pistons","true","false","false","true","false","NBA","7","5","standard","false","216580","https://static.prizepicks.com/images/players/NBA/Tobias_Harris_NBA_player_tGwMomg94AAFiXYjH5vFThKq.webp","12","Detroit","Tobias Harris","F","DET","Pistons","12074484","Single Stat","Single Stat","654","true","2026-05-13T20:10:00.000-04:00","Two Pointers Made","8","2-PT Made","pre_game","true",,"2026-05-13T08:53:52.104-04:00"
"false","CLE","860038","Cleveland","Cavaliers","2026-04-27T14:50:00.000-04:00",,"CLE","Full",,"team",,,"false","2026-05-13T20:00:00.000-04:00","scheduled","DET","006cb6","Detroit","Pistons","true","false","false","true","false","NBA","7","5","standard","false","59107","https://static.prizepicks.com/images/players/NBA/Cade_Cunningham_NBA_player_mq8YRxGgt7Csv81PJK3QsXJu.webp","2","Detroit","Cade Cunningham","G","DET","Pistons","12074491","Single Stat","Single Stat","655","true","2026-05-13T20:10:00.000-04:00","Free Throws Made","14","FTM","pre_game","true",,"2026-05-13T11:19:18.827-04:00"
"false","CLE","860038","Cleveland","Cavaliers","2026-05-01T08:35:00.000-04:00",,"DET","Full",,"team",,,"false","2026-05-13T20:00:00.000-04:00","scheduled","DET","006cb6","Detroit","Pistons","true","false","false","true","false","NBA","7","4.5","standard","false","188006","https://static.prizepicks.com/images/players/NBA/Donovan_Mitchell_NBA_player_0rXe2XnXarwUqJPvhfPBDUy2.webp","45","Cleveland","Donovan Mitchell","G","CLE","Cavaliers","12039531","Single Stat","Single Stat","661","true","2026-05-13T20:10:00.000-04:00","Rebounds","4","Rebounds","pre_game","true",,"2026-05-13T08:53:52.104-04:00"
,"CLE","860038","Cleveland","Cavaliers","2026-05-01T08:35:00.000-04:00",,"DET","Full",,"team",,,"false","2026-05-13T20:00:00.000-04:00","scheduled","DET","006cb6","Detroit","Pistons","true","false","false","true","false","NBA","7","4.5","standard","false","299373","https://static.prizepicks.com/images/manual/James Harden CLE.png","1","Cleveland","James Harden","G","CLE","Cavaliers","12039626","Single Stat","Single Stat","664","true","2026-05-13T20:10:00.000-04:00","Rebounds","4","Rebounds","pre_game","true",,"2026-05-13T08:53:52.104-04:00"
"false","CLE","860038","Cleveland","Cavaliers","2026-05-10T23:44:00.000-04:00",,"CLE/DET","Full",,"combo",,,"false","2026-05-13T20:00:00.000-04:00","scheduled","DET","006cb6","Detroit","Pistons","true","false","false","true","false","NBA","7","4.5","standard","true","316543","https://static.prizepicks.com/images/players/CMBO_group_zr28hooMk6zTAQ71FWEvPB4G.webp","2 + 1",,"Cade Cunningham + James Harden","G","DET/CLE","Pistons/Cavaliers","12041645","Single Stat","Single Stat","687","true","2026-05-13T20:10:00.000-04:00","3-PT Made (Combo)","33","3PTM","pre_game","true",,"2026-05-13T08:53:52.104-04:00"
"false","CLE","860038","Cleveland","Cavaliers","2026-05-10T23:44:00.000-04:00",,"CLE/DET","Full",,"combo",,,"false","2026-05-13T20:00:00.000-04:00","scheduled","DET","006cb6","Detroit","Pistons","true","false","false","true","false","NBA","7","4.5","standard","true","316634","https://static.prizepicks.com/images/players/CMBO_group_mUZtGyhjiNmXvC4acyCvgcFX.webp","55 + 2",,"Duncan Robinson + Max Strus","F","DET/CLE","Pistons/Cavaliers","12041646","Single Stat","Single Stat","688","true","2026-05-13T20:10:00.000-04:00","3-PT Made (Combo)","33","3PTM","pre_game","true",,"2026-05-13T08:53:52.104-04:00"
,"CLE","860038","Cleveland","Cavaliers","2026-05-01T08:35:00.000-04:00",,"DET","Full",,"team",,,"false","2026-05-13T20:00:00.000-04:00","scheduled","DET","006cb6","Detroit","Pistons","true","false","false","true","false","NBA","7","4.5","standard","false","299373","https://static.prizepicks.com/images/manual/James Harden CLE.png","1","Cleveland","James Harden","G","CLE","Cavaliers","12041886","Single Stat","Single Stat","690","true","2026-05-13T20:10:00.000-04:00","Free Throws Made","14","FTM","pre_game","true",,"2026-05-13T08:53:52.104-04:00"
"true","CLE","860038","Cleveland","Cavaliers","2026-05-01T08:35:00.000-04:00",,"DET","Full",,"team",,,"false","2026-05-13T20:00:00.000-04:00","scheduled","DET","006cb6","Detroit","Pistons","true","false","false","true","false","NBA","7","4.5","standard","false","125464","https://static.prizepicks.com/images/players/NBA/Sam_Merrill_NBA_player_2dFXT8dkmznuwBwNkkn0SZSv.webp","5","Cleveland","Sam Merrill","G","CLE","Cavaliers","12042030","Single Stat","Single Stat","697","true","2026-05-13T20:10:00.000-04:00","FG Attempted","9","FG Attempted","pre_game","true",,"2026-05-13T08:53:52.104-04:00"
,"CLE","860038","Cleveland","Cavaliers","2026-05-12T10:25:15.287-04:00",,"DET","Full",,"team",,,"false","2026-05-13T20:00:00.000-04:00","scheduled","DET","006cb6","Detroit","Pistons","true","false","false","true","false","NBA","7","4.5","standard","false","10740","https://static.prizepicks.com/images/players/NBA/Dean_Wade_NBA_player_EhvdBRkE23hJZocoUd1EiCTz.webp","32","Cleveland","Dean Wade","F-C","CLE","Cavaliers","12050984","Single Stat","Single Stat","703","true","2026-05-13T20:10:00.000-04:00","Pts+Asts","11","Pts+Asts","pre_game","true",,"2026-05-13T08:53:52.104-04:00"
,"CLE","860038","Cleveland","Cavaliers","2026-05-12T13:56:02.325-04:00",,"CLE","Full",,"team",,,"false","2026-05-13T20:00:00.000-04:00","scheduled","DET","006cb6","Detroit","Pistons","true","false","false","true","false","NBA","7","4.5","standard","false","272053","https://static.prizepicks.com/images/players/NBA/Caris_LeVert_NBA_player_g3Phb187vtZZrs8UuHynqHzG.webp","8","Detroit","Caris LeVert","G","DET","Pistons","12052418","Single Stat","Single Stat","705","true","2026-05-13T20:10:00.000-04:00","Rebs+Asts","6","Rebs+Asts","pre_game","true",,"2026-05-13T12:40:19.031-04:00"
"false","CLE","860038","Cleveland","Cavaliers","2026-05-05T11:22:00.000-04:00",,"CLE","Full",,"team",,,"false","2026-05-13T20:00:00.000-04:00","scheduled","DET","006cb6","Detroit","Pistons","true","false","false","true","false","NBA","7","4.5","standard","false","173789","https://static.prizepicks.com/images/players/NBA/Ausar_Thompson_NBA_player_7Obr7GoiKRNtF8Nj1LYUn3gX.webp","9","Detroit","Ausar Thompson","G-F","DET","Pistons","12053509","Single Stat","Single Stat","710","true","2026-05-13T20:10:00.000-04:00","Defensive Rebounds","18","Defensive Rebounds","pre_game","true",,"2026-05-13T11:33:37.478-04:00"
"false","CLE","860038","Cleveland","Cavaliers","2026-05-01T20:10:00.000-04:00",,"CLE/DET","Full",,"combo",,,"false","2026-05-13T20:00:00.000-04:00","scheduled","DET","006cb6","Detroit","Pistons","true","false","false","true","false","NBA","7","4.5","standard","true","316720","https://static.prizepicks.com/images/players/CMBO_group_fNdCO20Vaf8fkhOrehennCb5.webp","12 + 45",,"Tobias Harris + Donovan Mitchell","F","DET/CLE","Pistons/Cavaliers","12060641","Single Stat","Single Stat","711","true","2026-05-13T20:10:00.000-04:00","3-PT Made (Combo)","33","3PTM","pre_game","true",,"2026-05-13T08:53:52.104-04:00"
,"CLE","860038","Cleveland","Cavaliers","2026-05-13T04:39:24.578-04:00",,"DET","Full",,"team",,,"false","2026-05-13T20:00:00.000-04:00","scheduled","DET","006cb6","Detroit","Pistons","true","false","false","true","false","NBA","7","4.5","standard","false","226579","https://static.prizepicks.com/images/players/NBA/Jaylon_Tyson_NBA_player_vLYgk6879JDBN7gQAsxXixXG.webp","20","Cleveland","Jaylon Tyson","G-F","CLE","Cavaliers","12069637","Single Stat","Single Stat","720","true","2026-05-13T20:10:00.000-04:00","Pts+Asts","11","Pts+Asts","pre_game","true",,"2026-05-13T08:53:52.104-04:00"
"false","CLE","860038","Cleveland","Cavaliers","2026-05-01T08:35:00.000-04:00",,"DET","Full",,"team",,,"false","2026-05-13T20:00:00.000-04:00","scheduled","DET","006cb6","Detroit","Pistons","true","false","false","true","false","NBA","7","4.5","standard","false","53979","https://static.prizepicks.com/images/players/NBA/Evan_Mobley_NBA_player_V3d2qMMdbw05huQpocNNRwVe.webp","4","Cleveland","Evan Mobley","C","CLE","Cavaliers","12074479","Single Stat","Single Stat","722","true","2026-05-13T20:10:00.000-04:00","Two Pointers Made","8","2-PT Made","pre_game","true",,"2026-05-13T12:19:01.893-04:00"
"false","CLE","860038","Cleveland","Cavaliers","2026-05-05T11:22:00.000-04:00",,"CLE","Full",,"team",,,"false","2026-05-13T20:00:00.000-04:00","scheduled","DET","006cb6","Detroit","Pistons","true","false","false","true","false","NBA","7","4.5","standard","false","59107","https://static.prizepicks.com/images/players/NBA/Cade_Cunningham_NBA_player_mq8YRxGgt7Csv81PJK3QsXJu.webp","2","Detroit","Cade Cunningham","G","DET","Pistons","12077277","Single Stat","Single Stat","723","true","2026-05-13T20:10:00.000-04:00","Defensive Rebounds","18","Defensive Rebounds","pre_game","true",,"2026-05-13T11:36:35.115-04:00"
"false","CLE","860038","Cleveland","Cavaliers","2026-05-10T23:44:00.000-04:00",,"CLE/DET","Full",,"combo",,,"false","2026-05-13T20:00:00.000-04:00","scheduled","DET","006cb6","Detroit","Pistons","true","false","false","true","false","NBA","7","4","standard","true","316633","https://static.prizepicks.com/images/players/CMBO_group_C5emfIEl4AqZpiDoMQu4Z75P.webp","2",,"Cade Cunningham + Max Strus","G","DET/CLE","Pistons/Cavaliers","12041650","Single Stat","Single Stat","724","true","2026-05-13T20:10:00.000-04:00","3-PT Made (Combo)","33","3PTM","pre_game","true",,"2026-05-13T08:53:52.104-04:00"
"false","CLE","860038","Cleveland","Cavaliers","2026-05-01T08:35:00.000-04:00",,"CLE","Full",,"team",,,"false","2026-05-13T20:00:00.000-04:00","scheduled","DET","006cb6","Detroit","Pistons","true","false","false","true","false","NBA","7","4","standard","false","173789","https://static.prizepicks.com/images/players/NBA/Ausar_Thompson_NBA_player_7Obr7GoiKRNtF8Nj1LYUn3gX.webp","9","Detroit","Ausar Thompson","G-F","DET","Pistons","12053291","Single Stat","Single Stat","725","true","2026-05-13T20:10:00.000-04:00","FG Made","10","FG Made","pre_game","true",,"2026-05-13T08:53:52.104-04:00"
"false","CLE","860038","Cleveland","Cavaliers","2026-05-01T08:35:00.000-04:00",,"CLE","Full",,"team",,,"false","2026-05-13T20:00:00.000-04:00","scheduled","DET","006cb6","Detroit","Pistons","true","false","false","true","false","NBA","7","4","standard","false","272048","https://static.prizepicks.com/images/players/NBA/Duncan_Robinson_NBA_player_xpPTHBlF6nW6owrrx6sg4Hes.webp","55","Detroit","Duncan Robinson","F","DET","Pistons","12053292","Single Stat","Single Stat","726","true","2026-05-13T20:10:00.000-04:00","FG Made","10","FG Made","pre_game","true",,"2026-05-13T08:53:52.104-04:00"
"false","CLE","860038","Cleveland","Cavaliers","2026-05-04T14:39:00.000-04:00",,"DET","Full",,"team",,,"false","2026-05-13T20:00:00.000-04:00","scheduled","DET","006cb6","Detroit","Pistons","true","false","false","true","false","NBA","7","4","standard","false","53979","https://static.prizepicks.com/images/players/NBA/Evan_Mobley_NBA_player_V3d2qMMdbw05huQpocNNRwVe.webp","4","Cleveland","Evan Mobley","C","CLE","Cavaliers","12053301","Single Stat","Single Stat","727","true","2026-05-13T20:10:00.000-04:00","Free Throws Attempted","15","FTA","pre_game","true",,"2026-05-13T11:19:42.825-04:00"
"false","CLE","860038","Cleveland","Cavaliers","2026-05-04T14:39:00.000-04:00",,"DET","Full",,"team",,,"false","2026-05-13T20:00:00.000-04:00","scheduled","DET","006cb6","Detroit","Pistons","true","false","false","true","false","NBA","7","4","standard","false","26792","https://static.prizepicks.com/images/players/NBA/Jarrett_Allen_NBA_player_IBSK04adajN6nXaTEpotn53R.webp","31","Cleveland","Jarrett Allen","C","CLE","Cavaliers","12053302","Single Stat","Single Stat","728","true","2026-05-13T20:10:00.000-04:00","Free Throws Attempted","15","FTA","pre_game","true",,"2026-05-13T11:19:42.825-04:00"
"false","CLE","860038","Cleveland","Cavaliers","2026-05-01T08:35:00.000-04:00",,"DET","Full",,"team",,,"false","2026-05-13T20:00:00.000-04:00","scheduled","DET","006cb6","Detroit","Pistons","true","false","false","true","false","NBA","7","4","standard","false","173778","https://static.prizepicks.com/images/players/NBA/Max_Strus_NBA_player_1w4QyUAxm1OzfHDFdDAodyRe.webp","2","Cleveland","Max Strus","G-F","CLE","Cavaliers","12074451","Single Stat","Single Stat","729","true","2026-05-13T20:10:00.000-04:00","Rebounds","4","Rebounds","pre_game","true",,"2026-05-13T08:53:52.104-04:00"
"false","CLE","860038","Cleveland","Cavaliers","2026-05-01T08:35:00.000-04:00",,"CLE","Full",,"team",,,"false","2026-05-13T20:00:00.000-04:00","scheduled","DET","006cb6","Detroit","Pistons","true","false","false","true","false","NBA","7","4","standard","false","173789","https://static.prizepicks.com/images/players/NBA/Ausar_Thompson_NBA_player_7Obr7GoiKRNtF8Nj1LYUn3gX.webp","9","Detroit","Ausar Thompson","G-F","DET","Pistons","12074482","Single Stat","Single Stat","730","true","2026-05-13T20:10:00.000-04:00","Two Pointers Made","8","2-PT Made","pre_game","true",,"2026-05-13T08:53:52.104-04:00"
"false","CLE","860038","Cleveland","Cavaliers","2026-05-05T11:22:00.000-04:00",,"DET","Full",,"team",,,"false","2026-05-13T20:00:00.000-04:00","scheduled","DET","006cb6","Detroit","Pistons","true","false","false","true","false","NBA","7","4","standard","false","299373","https://static.prizepicks.com/images/manual/James Harden CLE.png","1","Cleveland","James Harden","G","CLE","Cavaliers","12077279","Single Stat","Single Stat","731","true","2026-05-13T20:10:00.000-04:00","Defensive Rebounds","18","Defensive Rebounds","pre_game","true",,"2026-05-13T11:37:20.110-04:00"
"false","CLE","860038","Cleveland","Cavaliers","2026-05-11T22:50:09.236-04:00",,"DET","Full",,"team",,,"false","2026-05-13T20:00:00.000-04:00","scheduled","DET","006cb6","Detroit","Pistons","true","false","false","true","false","NBA","7","3.5","standard","false","10740","https://static.prizepicks.com/images/players/NBA/Dean_Wade_NBA_player_EhvdBRkE23hJZocoUd1EiCTz.webp","32","Cleveland","Dean Wade","F-C","CLE","Cavaliers","12039831","Single Stat","Single Stat","751","true","2026-05-13T20:10:00.000-04:00","Points","2","Points","pre_game","true",,"2026-05-13T08:53:52.104-04:00"
,"CLE","860038","Cleveland","Cavaliers","2026-05-01T08:35:00.000-04:00",,"DET","Full",,"team",,,"false","2026-05-13T20:00:00.000-04:00","scheduled","DET","006cb6","Detroit","Pistons","true","false","false","true","false","NBA","7","3.5","standard","false","188006","https://static.prizepicks.com/images/players/NBA/Donovan_Mitchell_NBA_player_0rXe2XnXarwUqJPvhfPBDUy2.webp","45","Cleveland","Donovan Mitchell","G","CLE","Cavaliers","12040259","Single Stat","Single Stat","759","true","2026-05-13T20:10:00.000-04:00","Assists","5","Assists","pre_game","true",,"2026-05-13T08:53:52.104-04:00"
"true","CLE","860038","Cleveland","Cavaliers","2026-05-01T08:35:00.000-04:00",,"DET","Full",,"team",,,"false","2026-05-13T20:00:00.000-04:00","scheduled","DET","006cb6","Detroit","Pistons","true","false","false","true","false","NBA","7","3.5","standard","false","53979","https://static.prizepicks.com/images/players/NBA/Evan_Mobley_NBA_player_V3d2qMMdbw05huQpocNNRwVe.webp","4","Cleveland","Evan Mobley","C","CLE","Cavaliers","12041875","Single Stat","Single Stat","764","true","2026-05-13T20:10:00.000-04:00","Personal Fouls","17","Personal Fouls","pre_game","true",,"2026-05-13T08:53:52.104-04:00"
"false","CLE","860038","Cleveland","Cavaliers","2026-05-01T08:35:00.000-04:00",,"CLE","Full",,"team",,,"false","2026-05-13T20:00:00.000-04:00","scheduled","DET","006cb6","Detroit","Pistons","true","false","false","true","false","NBA","7","3.5","standard","false","272053","https://static.prizepicks.com/images/players/NBA/Caris_LeVert_NBA_player_g3Phb187vtZZrs8UuHynqHzG.webp","8","Detroit","Caris LeVert","G","DET","Pistons","12041957","Single Stat","Single Stat","766","true","2026-05-13T20:10:00.000-04:00","Two Pointers Attempted","12","2-PT Att","pre_game","true",,"2026-05-13T11:16:32.356-04:00"
,"CLE","860038","Cleveland","Cavaliers","2026-05-01T08:35:00.000-04:00",,"CLE","Full",,"team",,,"false","2026-05-13T20:00:00.000-04:00","scheduled","DET","006cb6","Detroit","Pistons","true","false","false","true","false","NBA","7","3.5","standard","false","87848","https://static.prizepicks.com/images/players/NBA/Jalen_Duren_NBA_player_BGtA2SxfIEpqaOA2zn9FJZhp.webp","0","Detroit","Jalen Duren","C","DET","Pistons","12042007","Single Stat","Single Stat","769","true","2026-05-13T20:10:00.000-04:00","Free Throws Attempted","15","FTA","pre_game","true",,"2026-05-13T08:53:52.104-04:00"
,"CLE","860038","Cleveland","Cavaliers","2026-05-01T08:35:00.000-04:00",,"CLE","Full",,"team",,,"false","2026-05-13T20:00:00.000-04:00","scheduled","DET","006cb6","Detroit","Pistons","true","false","false","true","false","NBA","7","3.5","standard","false","87848","https://static.prizepicks.com/images/players/NBA/Jalen_Duren_NBA_player_BGtA2SxfIEpqaOA2zn9FJZhp.webp","0","Detroit","Jalen Duren","C","DET","Pistons","12042009","Single Stat","Single Stat","770","true","2026-05-13T20:10:00.000-04:00","Personal Fouls","17","Personal Fouls","pre_game","true",,"2026-05-13T08:53:52.104-04:00"
"true","CLE","860038","Cleveland","Cavaliers","2026-05-01T08:35:00.000-04:00",,"DET","Full",,"team",,,"false","2026-05-13T20:00:00.000-04:00","scheduled","DET","006cb6","Detroit","Pistons","true","false","false","true","false","NBA","7","3.5","standard","false","125464","https://static.prizepicks.com/images/players/NBA/Sam_Merrill_NBA_player_2dFXT8dkmznuwBwNkkn0SZSv.webp","5","Cleveland","Sam Merrill","G","CLE","Cavaliers","12042026","Single Stat","Single Stat","773","true","2026-05-13T20:10:00.000-04:00","3-PT Attempted","13","3PTA","pre_game","true",,"2026-05-13T08:53:52.104-04:00"
,"CLE","860038","Cleveland","Cavaliers","2026-05-01T08:35:00.000-04:00",,"CLE","Full",,"team",,,"false","2026-05-13T20:00:00.000-04:00","scheduled","DET","006cb6","Detroit","Pistons","true","false","false","true","false","NBA","7","3.5","standard","false","216580","https://static.prizepicks.com/images/players/NBA/Tobias_Harris_NBA_player_tGwMomg94AAFiXYjH5vFThKq.webp","12","Detroit","Tobias Harris","F","DET","Pistons","12042046","Single Stat","Single Stat","774","true","2026-05-13T20:10:00.000-04:00","Free Throws Attempted","15","FTA","pre_game","true",,"2026-05-13T08:53:52.104-04:00"
,"CLE","860038","Cleveland","Cavaliers","2026-05-01T08:35:00.000-04:00",,"DET","Full",,"team",,,"false","2026-05-13T20:00:00.000-04:00","scheduled","DET","006cb6","Detroit","Pistons","true","false","false","true","false","NBA","7","3.5","standard","false","10740","https://static.prizepicks.com/images/players/NBA/Dean_Wade_NBA_player_EhvdBRkE23hJZocoUd1EiCTz.webp","32","Cleveland","Dean Wade","F-C","CLE","Cavaliers","12050965","Single Stat","Single Stat","786","true","2026-05-13T20:10:00.000-04:00","FG Attempted","9","FG Attempted","pre_game","true",,"2026-05-13T08:53:52.104-04:00"
"false","CLE","860038","Cleveland","Cavaliers","2026-05-10T15:35:00.000-04:00",,"CLE","Full",,"team",,,"false","2026-05-13T20:00:00.000-04:00","scheduled","DET","006cb6","Detroit","Pistons","true","false","false","true","false","NBA","7","3.5","standard","false","87848","https://static.prizepicks.com/images/players/NBA/Jalen_Duren_NBA_player_BGtA2SxfIEpqaOA2zn9FJZhp.webp","0","Detroit","Jalen Duren","C","DET","Pistons","12053505","Single Stat","Single Stat","795","true","2026-05-13T20:10:00.000-04:00","Offensive Rebounds","18","Offensive Rebounds","pre_game","true",,"2026-05-13T08:53:52.104-04:00"
,"CLE","860038","Cleveland","Cavaliers","2026-05-12T23:33:27.220-04:00",,"DET","Full",,"team",,,"false","2026-05-13T20:00:00.000-04:00","scheduled","DET","006cb6","Detroit","Pistons","true","false","false","true","false","NBA","7","3.5","standard","false","226579","https://static.prizepicks.com/images/players/NBA/Jaylon_Tyson_NBA_player_vLYgk6879JDBN7gQAsxXixXG.webp","20","Cleveland","Jaylon Tyson","G-F","CLE","Cavaliers","12063959","Single Stat","Single Stat","798","true","2026-05-13T20:10:00.000-04:00","Points","2","Points","pre_game","true",,"2026-05-13T08:53:52.104-04:00"
"false","CLE","860038","Cleveland","Cavaliers","2026-05-01T08:35:00.000-04:00",,"DET","Full",,"team",,,"false","2026-05-13T20:00:00.000-04:00","scheduled","DET","006cb6","Detroit","Pistons","true","false","false","true","false","NBA","7","3","standard","false","10740","https://static.prizepicks.com/images/players/NBA/Dean_Wade_NBA_player_EhvdBRkE23hJZocoUd1EiCTz.webp","32","Cleveland","Dean Wade","F-C","CLE","Cavaliers","12074449","Single Stat","Single Stat","821","true","2026-05-13T20:10:00.000-04:00","Rebounds","4","Rebounds","pre_game","true",,"2026-05-13T08:53:52.104-04:00"
"false","CLE","860038","Cleveland","Cavaliers","2026-05-01T08:35:00.000-04:00",,"DET","Full",,"team",,,"false","2026-05-13T20:00:00.000-04:00","scheduled","DET","006cb6","Detroit","Pistons","true","false","false","true","false","NBA","7","3","standard","false","53979","https://static.prizepicks.com/images/players/NBA/Evan_Mobley_NBA_player_V3d2qMMdbw05huQpocNNRwVe.webp","4","Cleveland","Evan Mobley","C","CLE","Cavaliers","12074454","Single Stat","Single Stat","822","true","2026-05-13T20:10:00.000-04:00","Assists","5","Assists","pre_game","true",,"2026-05-13T08:53:52.104-04:00"
"false","CLE","860038","Cleveland","Cavaliers","2026-05-01T08:35:00.000-04:00",,"CLE","Full",,"team",,,"false","2026-05-13T20:00:00.000-04:00","scheduled","DET","006cb6","Detroit","Pistons","true","false","false","true","false","NBA","7","3","standard","false","173789","https://static.prizepicks.com/images/players/NBA/Ausar_Thompson_NBA_player_7Obr7GoiKRNtF8Nj1LYUn3gX.webp","9","Detroit","Ausar Thompson","G-F","DET","Pistons","12074455","Single Stat","Single Stat","823","true","2026-05-13T20:10:00.000-04:00","Assists","5","Assists","pre_game","true",,"2026-05-13T08:53:52.104-04:00"
"false","CLE","860038","Cleveland","Cavaliers","2026-05-01T08:35:00.000-04:00",,"CLE","Full",,"team",,,"false","2026-05-13T20:00:00.000-04:00","scheduled","DET","006cb6","Detroit","Pistons","true","false","false","true","false","NBA","7","3","standard","false","272053","https://static.prizepicks.com/images/players/NBA/Caris_LeVert_NBA_player_g3Phb187vtZZrs8UuHynqHzG.webp","8","Detroit","Caris LeVert","G","DET","Pistons","12074459","Single Stat","Single Stat","824","true","2026-05-13T20:10:00.000-04:00","FG Made","10","FG Made","pre_game","true",,"2026-05-13T08:53:52.104-04:00"
"false","CLE","860038","Cleveland","Cavaliers","2026-05-01T08:35:00.000-04:00",,"CLE","Full",,"team",,,"false","2026-05-13T20:00:00.000-04:00","scheduled","DET","006cb6","Detroit","Pistons","true","false","false","true","false","NBA","7","3","standard","false","279579","https://static.prizepicks.com/images/players/NBA/Daniss_Jenkins_NBA_player_gomI5shGs9qQrrpbBB8lXZ43.webp","24","Detroit","Daniss Jenkins","G","DET","Pistons","12074460","Single Stat","Single Stat","825","true","2026-05-13T20:10:00.000-04:00","FG Made","10","FG Made","pre_game","true",,"2026-05-13T08:53:52.104-04:00"
"false","CLE","860038","Cleveland","Cavaliers","2026-05-01T08:35:00.000-04:00",,"DET","Full",,"team",,,"false","2026-05-13T20:00:00.000-04:00","scheduled","DET","006cb6","Detroit","Pistons","true","false","false","true","false","NBA","7","3","standard","false","173778","https://static.prizepicks.com/images/players/NBA/Max_Strus_NBA_player_1w4QyUAxm1OzfHDFdDAodyRe.webp","2","Cleveland","Max Strus","G-F","CLE","Cavaliers","12074461","Single Stat","Single Stat","826","true","2026-05-13T20:10:00.000-04:00","FG Made","10","FG Made","pre_game","true",,"2026-05-13T08:53:52.104-04:00"
"false","CLE","860038","Cleveland","Cavaliers","2026-05-01T08:35:00.000-04:00",,"DET","Full",,"team",,,"false","2026-05-13T20:00:00.000-04:00","scheduled","DET","006cb6","Detroit","Pistons","true","false","false","true","false","NBA","7","3","standard","false","53979","https://static.prizepicks.com/images/players/NBA/Evan_Mobley_NBA_player_V3d2qMMdbw05huQpocNNRwVe.webp","4","Cleveland","Evan Mobley","C","CLE","Cavaliers","12074466","Single Stat","Single Stat","827","true","2026-05-13T20:10:00.000-04:00","3-PT Attempted","13","3PTA","pre_game","true",,"2026-05-13T08:53:52.104-04:00"
"false","CLE","860038","Cleveland","Cavaliers","2026-05-01T08:35:00.000-04:00",,"CLE","Full",,"team",,,"false","2026-05-13T20:00:00.000-04:00","scheduled","DET","006cb6","Detroit","Pistons","true","false","false","true","false","NBA","7","3","standard","false","272053","https://static.prizepicks.com/images/players/NBA/Caris_LeVert_NBA_player_g3Phb187vtZZrs8UuHynqHzG.webp","8","Detroit","Caris LeVert","G","DET","Pistons","12074468","Single Stat","Single Stat","828","true","2026-05-13T20:10:00.000-04:00","3-PT Attempted","13","3PTA","pre_game","true",,"2026-05-13T09:25:50.449-04:00"
"false","CLE","860038","Cleveland","Cavaliers","2026-05-01T08:35:00.000-04:00",,"DET","Full",,"team",,,"false","2026-05-13T20:00:00.000-04:00","scheduled","DET","006cb6","Detroit","Pistons","true","false","false","true","false","NBA","7","3","standard","false","299373","https://static.prizepicks.com/images/manual/James Harden CLE.png","1","Cleveland","James Harden","G","CLE","Cavaliers","12074480","Single Stat","Single Stat","829","true","2026-05-13T20:10:00.000-04:00","Two Pointers Made","8","2-PT Made","pre_game","true",,"2026-05-13T08:53:52.104-04:00"
"false","CLE","860038","Cleveland","Cavaliers","2026-04-27T14:50:00.000-04:00",,"CLE","Full",,"team",,,"false","2026-05-13T20:00:00.000-04:00","scheduled","DET","006cb6","Detroit","Pistons","true","false","false","true","false","NBA","7","3","standard","false","216580","https://static.prizepicks.com/images/players/NBA/Tobias_Harris_NBA_player_tGwMomg94AAFiXYjH5vFThKq.webp","12","Detroit","Tobias Harris","F","DET","Pistons","12074492","Single Stat","Single Stat","830","true","2026-05-13T20:10:00.000-04:00","Free Throws Made","14","FTM","pre_game","true",,"2026-05-13T11:19:18.827-04:00"
,"CLE","860038","Cleveland","Cavaliers","2026-05-01T08:35:00.000-04:00",,"DET","Full",,"team",,,"false","2026-05-13T20:00:00.000-04:00","scheduled","DET","006cb6","Detroit","Pistons","true","false","false","true","false","NBA","7","2.5","standard","false","298750","https://static.prizepicks.com/images/manual/DennisSchröder.png","8","Cleveland","Dennis Schröder","G","CLE","Cavaliers","12039502","Single Stat","Single Stat","833","true","2026-05-13T20:10:00.000-04:00","Assists","5","Assists","pre_game","true",,"2026-05-13T08:53:52.104-04:00"
,"CLE","860038","Cleveland","Cavaliers","2026-05-01T08:35:00.000-04:00",,"CLE","Full",,"team",,,"false","2026-05-13T20:00:00.000-04:00","scheduled","DET","006cb6","Detroit","Pistons","true","false","false","true","false","NBA","7","2.5","standard","false","272048","https://static.prizepicks.com/images/players/NBA/Duncan_Robinson_NBA_player_xpPTHBlF6nW6owrrx6sg4Hes.webp","55","Detroit","Duncan Robinson","F","DET","Pistons","12039553","Single Stat","Single Stat","836","true","2026-05-13T20:10:00.000-04:00","Rebounds","4","Rebounds","pre_game","true",,"2026-05-13T08:53:52.104-04:00"
,"CLE","860038","Cleveland","Cavaliers","2026-05-01T08:35:00.000-04:00",,"DET","Full",,"team",,,"false","2026-05-13T20:00:00.000-04:00","scheduled","DET","006cb6","Detroit","Pistons","true","false","false","true","false","NBA","7","2.5","standard","false","26792","https://static.prizepicks.com/images/players/NBA/Jarrett_Allen_NBA_player_IBSK04adajN6nXaTEpotn53R.webp","31","Cleveland","Jarrett Allen","C","CLE","Cavaliers","12041899","Single Stat","Single Stat","874","true","2026-05-13T20:10:00.000-04:00","Personal Fouls","17","Personal Fouls","pre_game","true",,"2026-05-13T08:53:52.104-04:00"
,"CLE","860038","Cleveland","Cavaliers","2026-05-01T08:35:00.000-04:00",,"DET","Full",,"team",,,"false","2026-05-13T20:00:00.000-04:00","scheduled","DET","006cb6","Detroit","Pistons","true","false","false","true","false","NBA","7","2.5","standard","false","173778","https://static.prizepicks.com/images/players/NBA/Max_Strus_NBA_player_1w4QyUAxm1OzfHDFdDAodyRe.webp","2","Cleveland","Max Strus","G-F","CLE","Cavaliers","12041907","Single Stat","Single Stat","875","true","2026-05-13T20:10:00.000-04:00","Personal Fouls","17","Personal Fouls","pre_game","true",,"2026-05-13T08:53:52.104-04:00"
"false","CLE","860038","Cleveland","Cavaliers","2026-05-01T08:35:00.000-04:00",,"CLE","Full",,"team",,,"false","2026-05-13T20:00:00.000-04:00","scheduled","DET","006cb6","Detroit","Pistons","true","false","false","true","false","NBA","7","2.5","standard","false","279579","https://static.prizepicks.com/images/players/NBA/Daniss_Jenkins_NBA_player_gomI5shGs9qQrrpbBB8lXZ43.webp","24","Detroit","Daniss Jenkins","G","DET","Pistons","12041967","Single Stat","Single Stat","878","true","2026-05-13T20:10:00.000-04:00","Rebounds","4","Rebounds","pre_game","true",,"2026-05-13T08:53:52.104-04:00"
,"CLE","860038","Cleveland","Cavaliers","2026-04-27T14:50:00.000-04:00",,"CLE","Full",,"team",,,"false","2026-05-13T20:00:00.000-04:00","scheduled","DET","006cb6","Detroit","Pistons","true","false","false","true","false","NBA","7","2.5","standard","false","87848","https://static.prizepicks.com/images/players/NBA/Jalen_Duren_NBA_player_BGtA2SxfIEpqaOA2zn9FJZhp.webp","0","Detroit","Jalen Duren","C","DET","Pistons","12042008","Single Stat","Single Stat","880","true","2026-05-13T20:10:00.000-04:00","Free Throws Made","14","FTM","pre_game","true",,"2026-05-13T11:19:18.827-04:00"
"true","CLE","860038","Cleveland","Cavaliers","2026-05-01T08:35:00.000-04:00",,"CLE","Full",,"team",,,"false","2026-05-13T20:00:00.000-04:00","scheduled","DET","006cb6","Detroit","Pistons","true","false","false","true","false","NBA","7","2.5","standard","false","279579","https://static.prizepicks.com/images/players/NBA/Daniss_Jenkins_NBA_player_gomI5shGs9qQrrpbBB8lXZ43.webp","24","Detroit","Daniss Jenkins","G","DET","Pistons","12050519","Single Stat","Single Stat","896","true","2026-05-13T20:10:00.000-04:00","3-PT Attempted","13","3PTA","pre_game","true",,"2026-05-13T08:53:52.104-04:00"
,"CLE","860038","Cleveland","Cavaliers","2026-05-01T08:35:00.000-04:00",,"CLE","Full",,"team",,,"false","2026-05-13T20:00:00.000-04:00","scheduled","DET","006cb6","Detroit","Pistons","true","false","false","true","false","NBA","7","2.5","standard","false","272048","https://static.prizepicks.com/images/players/NBA/Duncan_Robinson_NBA_player_xpPTHBlF6nW6owrrx6sg4Hes.webp","55","Detroit","Duncan Robinson","F","DET","Pistons","12052459","Single Stat","Single Stat","904","true","2026-05-13T20:10:00.000-04:00","Two Pointers Attempted","12","2-PT Att","pre_game","true",,"2026-05-13T08:53:52.104-04:00"
"false","CLE","860038","Cleveland","Cavaliers","2026-05-11T15:35:00.000-04:00",,"DET","Full",,"team",,,"false","2026-05-13T20:00:00.000-04:00","scheduled","DET","006cb6","Detroit","Pistons","true","false","false","true","false","NBA","7","2.5","standard","false","53979","https://static.prizepicks.com/images/players/NBA/Evan_Mobley_NBA_player_V3d2qMMdbw05huQpocNNRwVe.webp","4","Cleveland","Evan Mobley","C","CLE","Cavaliers","12053389","Single Stat","Single Stat","906","true","2026-05-13T20:10:00.000-04:00","Dunks","16","Dunks","pre_game","true",,"2026-05-13T08:53:52.104-04:00"
"false","CLE","860038","Cleveland","Cavaliers","2026-05-11T15:35:00.000-04:00",,"CLE","Full",,"team",,,"false","2026-05-13T20:00:00.000-04:00","scheduled","DET","006cb6","Detroit","Pistons","true","false","false","true","false","NBA","7","2.5","standard","false","173789","https://static.prizepicks.com/images/players/NBA/Ausar_Thompson_NBA_player_7Obr7GoiKRNtF8Nj1LYUn3gX.webp","9","Detroit","Ausar Thompson","G-F","DET","Pistons","12053501","Single Stat","Single Stat","907","true","2026-05-13T20:10:00.000-04:00","Offensive Rebounds","18","Offensive Rebounds","pre_game","true",,"2026-05-13T08:53:52.104-04:00"
"false","CLE","860038","Cleveland","Cavaliers","2026-05-05T14:39:00.000-04:00",,"DET","Full",,"team",,,"false","2026-05-13T20:00:00.000-04:00","scheduled","DET","006cb6","Detroit","Pistons","true","false","false","true","false","NBA","7","2","standard","false","53979","https://static.prizepicks.com/images/players/NBA/Evan_Mobley_NBA_player_V3d2qMMdbw05huQpocNNRwVe.webp","4","Cleveland","Evan Mobley","C","CLE","Cavaliers","12077274","Single Stat","Single Stat","921","true","2026-05-13T20:10:00.000-04:00","Offensive Rebounds","18","Offensive Rebounds","pre_game","true",,"2026-05-13T11:40:34.908-04:00"
"false","CLE","860038","Cleveland","Cavaliers","2026-05-05T14:39:00.000-04:00",,"DET","Full",,"team",,,"false","2026-05-13T20:00:00.000-04:00","scheduled","DET","006cb6","Detroit","Pistons","true","false","false","true","false","NBA","7","2","standard","false","26792","https://static.prizepicks.com/images/players/NBA/Jarrett_Allen_NBA_player_IBSK04adajN6nXaTEpotn53R.webp","31","Cleveland","Jarrett Allen","C","CLE","Cavaliers","12077275","Single Stat","Single Stat","922","true","2026-05-13T20:10:00.000-04:00","Offensive Rebounds","18","Offensive Rebounds","pre_game","true",,"2026-05-13T11:47:55.214-04:00"
"true","CLE","860038","Cleveland","Cavaliers","2026-05-11T22:45:59.707-04:00",,"CLE","Full",,"team",,,"false","2026-05-13T20:00:00.000-04:00","scheduled","DET","006cb6","Detroit","Pistons","true","false","false","true","false","NBA","7","1.5","standard","false","216580","https://static.prizepicks.com/images/players/NBA/Tobias_Harris_NBA_player_tGwMomg94AAFiXYjH5vFThKq.webp","12","Detroit","Tobias Harris","F","DET","Pistons","12039663","Single Stat","Single Stat","933","true","2026-05-13T20:10:00.000-04:00","3-PT Made","7","3PTM","pre_game","true",,"2026-05-13T08:53:52.104-04:00"
,"CLE","860038","Cleveland","Cavaliers","2026-05-01T08:35:00.000-04:00",,"DET","Full",,"team",,,"false","2026-05-13T20:00:00.000-04:00","scheduled","DET","006cb6","Detroit","Pistons","true","false","false","true","false","NBA","7","1.5","standard","false","10740","https://static.prizepicks.com/images/players/NBA/Dean_Wade_NBA_player_EhvdBRkE23hJZocoUd1EiCTz.webp","32","Cleveland","Dean Wade","F-C","CLE","Cavaliers","12041847","Single Stat","Single Stat","960","true","2026-05-13T20:10:00.000-04:00","Personal Fouls","17","Personal Fouls","pre_game","true",,"2026-05-13T08:53:52.104-04:00"
,"CLE","860038","Cleveland","Cavaliers","2026-05-01T08:35:00.000-04:00",,"CLE","Full",,"team",,,"false","2026-05-13T20:00:00.000-04:00","scheduled","DET","006cb6","Detroit","Pistons","true","false","false","true","false","NBA","7","1.5","standard","false","272053","https://static.prizepicks.com/images/players/NBA/Caris_LeVert_NBA_player_g3Phb187vtZZrs8UuHynqHzG.webp","8","Detroit","Caris LeVert","G","DET","Pistons","12041949","Single Stat","Single Stat","974","true","2026-05-13T20:10:00.000-04:00","Free Throws Attempted","15","FTA","pre_game","true",,"2026-05-13T08:53:52.104-04:00"
,"CLE","860038","Cleveland","Cavaliers","2026-04-27T14:50:00.000-04:00",,"CLE","Full",,"team",,,"false","2026-05-13T20:00:00.000-04:00","scheduled","DET","006cb6","Detroit","Pistons","true","false","false","true","false","NBA","7","1.5","standard","false","279579","https://static.prizepicks.com/images/players/NBA/Daniss_Jenkins_NBA_player_gomI5shGs9qQrrpbBB8lXZ43.webp","24","Detroit","Daniss Jenkins","G","DET","Pistons","12041962","Single Stat","Single Stat","978","true","2026-05-13T20:10:00.000-04:00","Free Throws Made","14","FTM","pre_game","true",,"2026-05-13T11:19:18.827-04:00"
"true","CLE","860038","Cleveland","Cavaliers","2026-05-01T08:35:00.000-04:00",,"DET","Full",,"team",,,"false","2026-05-13T20:00:00.000-04:00","scheduled","DET","006cb6","Detroit","Pistons","true","false","false","true","false","NBA","7","1.5","standard","false","298750","https://static.prizepicks.com/images/manual/DennisSchröder.png","8","Cleveland","Dennis Schröder","G","CLE","Cavaliers","12041978","Single Stat","Single Stat","982","true","2026-05-13T20:10:00.000-04:00","Personal Fouls","17","Personal Fouls","pre_game","true",,"2026-05-13T08:53:52.104-04:00"
,"CLE","860038","Cleveland","Cavaliers","2026-05-12T01:19:21.522-04:00",,"CLE","Full",,"team",,,"false","2026-05-13T20:00:00.000-04:00","scheduled","DET","006cb6","Detroit","Pistons","true","false","false","true","false","NBA","7","1.5","standard","false","87848","https://static.prizepicks.com/images/players/NBA/Jalen_Duren_NBA_player_BGtA2SxfIEpqaOA2zn9FJZhp.webp","0","Detroit","Jalen Duren","C","DET","Pistons","12042004","Single Stat","Single Stat","986","true","2026-05-13T20:10:00.000-04:00","Blks+Stls","19","Blks+Stls","pre_game","true",,"2026-05-13T08:53:52.104-04:00"
,"CLE","860038","Cleveland","Cavaliers","2026-05-12T01:19:23.108-04:00",,"CLE","Full",,"team",,,"false","2026-05-13T20:00:00.000-04:00","scheduled","DET","006cb6","Detroit","Pistons","true","false","false","true","false","NBA","7","1.5","standard","false","87848","https://static.prizepicks.com/images/players/NBA/Jalen_Duren_NBA_player_BGtA2SxfIEpqaOA2zn9FJZhp.webp","0","Detroit","Jalen Duren","C","DET","Pistons","12042011","Single Stat","Single Stat","987","true","2026-05-13T20:10:00.000-04:00","Turnovers","20","Turnovers","pre_game","true",,"2026-05-13T08:53:52.104-04:00"
,"CLE","860038","Cleveland","Cavaliers","2026-05-01T08:35:00.000-04:00",,"DET","Full",,"team",,,"false","2026-05-13T20:00:00.000-04:00","scheduled","DET","006cb6","Detroit","Pistons","true","false","false","true","false","NBA","7","1.5","standard","false","226579","https://static.prizepicks.com/images/players/NBA/Jaylon_Tyson_NBA_player_vLYgk6879JDBN7gQAsxXixXG.webp","20","Cleveland","Jaylon Tyson","G-F","CLE","Cavaliers","12042013","Single Stat","Single Stat","988","true","2026-05-13T20:10:00.000-04:00","3-PT Attempted","13","3PTA","pre_game","true",,"2026-05-13T10:02:48.536-04:00"
"false","CLE","860038","Cleveland","Cavaliers","2026-05-01T08:35:00.000-04:00",,"DET","Full",,"team",,,"false","2026-05-13T20:00:00.000-04:00","scheduled","DET","006cb6","Detroit","Pistons","true","false","false","true","false","NBA","7","1.5","standard","false","226579","https://static.prizepicks.com/images/players/NBA/Jaylon_Tyson_NBA_player_vLYgk6879JDBN7gQAsxXixXG.webp","20","Cleveland","Jaylon Tyson","G-F","CLE","Cavaliers","12042024","Single Stat","Single Stat","990","true","2026-05-13T20:10:00.000-04:00","Two Pointers Attempted","12","2-PT Att","pre_game","true",,"2026-05-13T10:02:49.037-04:00"
,"CLE","860038","Cleveland","Cavaliers","2026-05-12T01:19:31.279-04:00",,"CLE","Full",,"team",,,"false","2026-05-13T20:00:00.000-04:00","scheduled","DET","006cb6","Detroit","Pistons","true","false","false","true","false","NBA","7","1.5","standard","false","216580","https://static.prizepicks.com/images/players/NBA/Tobias_Harris_NBA_player_tGwMomg94AAFiXYjH5vFThKq.webp","12","Detroit","Tobias Harris","F","DET","Pistons","12042048","Single Stat","Single Stat","995","true","2026-05-13T20:10:00.000-04:00","Steals","21","Steals","pre_game","true",,"2026-05-13T08:53:52.104-04:00"
,"CLE","860038","Cleveland","Cavaliers","2026-05-01T08:35:00.000-04:00",,"DET","Full",,"team",,,"false","2026-05-13T20:00:00.000-04:00","scheduled","DET","006cb6","Detroit","Pistons","true","false","false","true","false","NBA","7","1.5","standard","false","125464","https://static.prizepicks.com/images/players/NBA/Sam_Merrill_NBA_player_2dFXT8dkmznuwBwNkkn0SZSv.webp","5","Cleveland","Sam Merrill","G","CLE","Cavaliers","12043189","Single Stat","Single Stat","1003","true","2026-05-13T20:10:00.000-04:00","Personal Fouls","17","Personal Fouls","pre_game","true",,"2026-05-13T08:53:52.104-04:00"
,"CLE","860038","Cleveland","Cavaliers","2026-05-12T13:56:05.676-04:00",,"DET","Full",,"team",,,"false","2026-05-13T20:00:00.000-04:00","scheduled","DET","006cb6","Detroit","Pistons","true","false","false","true","false","NBA","7","1.5","standard","false","188006","https://static.prizepicks.com/images/players/NBA/Donovan_Mitchell_NBA_player_0rXe2XnXarwUqJPvhfPBDUy2.webp","45","Cleveland","Donovan Mitchell","G","CLE","Cavaliers","12052430","Single Stat","Single Stat","1011","true","2026-05-13T20:10:00.000-04:00","Blks+Stls","19","Blks+Stls","pre_game","true",,"2026-05-13T08:53:52.104-04:00"
,"CLE","860038","Cleveland","Cavaliers","2026-05-01T08:35:00.000-04:00",,"DET","Full",,"team",,,"false","2026-05-13T20:00:00.000-04:00","scheduled","DET","006cb6","Detroit","Pistons","true","false","false","true","false","NBA","7","1.5","standard","false","298750","https://static.prizepicks.com/images/manual/DennisSchröder.png","8","Cleveland","Dennis Schröder","G","CLE","Cavaliers","12064923","Single Stat","Single Stat","1020","true","2026-05-13T20:10:00.000-04:00","Free Throws Made","14","FTM","pre_game","true",,"2026-05-13T08:59:06.305-04:00"
"false","CLE","860038","Cleveland","Cavaliers","2026-05-05T11:22:00.000-04:00",,"DET","Full",,"team",,,"false","2026-05-13T20:00:00.000-04:00","scheduled","DET","006cb6","Detroit","Pistons","true","false","false","true","false","NBA","7","1.5","standard","false","226579","https://static.prizepicks.com/images/players/NBA/Jaylon_Tyson_NBA_player_vLYgk6879JDBN7gQAsxXixXG.webp","20","Cleveland","Jaylon Tyson","G-F","CLE","Cavaliers","12077280","Single Stat","Single Stat","1026","true","2026-05-13T20:10:00.000-04:00","Defensive Rebounds","18","Defensive Rebounds","pre_game","true",,"2026-05-13T11:35:04.126-04:00"
"true","CLE","860038","Cleveland","Cavaliers","2026-05-01T08:35:00.000-04:00",,"DET","Full",,"team",,,"false","2026-05-13T20:00:00.000-04:00","scheduled","DET","006cb6","Detroit","Pistons","true","false","false","true","false","NBA","7","0.5","standard","false","10740","https://static.prizepicks.com/images/players/NBA/Dean_Wade_NBA_player_EhvdBRkE23hJZocoUd1EiCTz.webp","32","Cleveland","Dean Wade","F-C","CLE","Cavaliers","12040043","Single Stat","Single Stat","1058","true","2026-05-13T20:10:00.000-04:00","Assists","5","Assists","pre_game","true",,"2026-05-13T08:53:52.104-04:00"
"false","CLE","860038","Cleveland","Cavaliers","2026-05-03T13:10:00.000-04:00",,"CLE","Full",,"team",,,"false","2026-05-13T20:00:00.000-04:00","scheduled","DET","006cb6","Detroit","Pistons","true","false","false","true","false","NBA","7","0.5","standard","false","59107","https://static.prizepicks.com/images/players/NBA/Cade_Cunningham_NBA_player_mq8YRxGgt7Csv81PJK3QsXJu.webp","2","Detroit","Cade Cunningham","G","DET","Pistons","12040904","Single Stat","Single Stat","1061","true","2026-05-13T20:10:00.000-04:00","Double-Double","22","Double-Double","pre_game","true",,"2026-05-13T08:53:52.104-04:00"
,"CLE","860038","Cleveland","Cavaliers","2026-05-12T01:19:05.825-04:00",,"CLE","Full",,"team",,,"false","2026-05-13T20:00:00.000-04:00","scheduled","DET","006cb6","Detroit","Pistons","true","false","false","true","false","NBA","7","0.5","standard","false","59107","https://static.prizepicks.com/images/players/NBA/Cade_Cunningham_NBA_player_mq8YRxGgt7Csv81PJK3QsXJu.webp","2","Detroit","Cade Cunningham","G","DET","Pistons","12041935","Single Stat","Single Stat","1070","true","2026-05-13T20:10:00.000-04:00","Blocked Shots","20","Blocked Shots","pre_game","true",,"2026-05-13T08:53:52.104-04:00"
,"CLE","860038","Cleveland","Cavaliers","2026-04-27T14:50:00.000-04:00",,"CLE","Full",,"team",,,"false","2026-05-13T20:00:00.000-04:00","scheduled","DET","006cb6","Detroit","Pistons","true","false","false","true","false","NBA","7","0.5","standard","false","272053","https://static.prizepicks.com/images/players/NBA/Caris_LeVert_NBA_player_g3Phb187vtZZrs8UuHynqHzG.webp","8","Detroit","Caris LeVert","G","DET","Pistons","12041950","Single Stat","Single Stat","1071","true","2026-05-13T20:10:00.000-04:00","Free Throws Made","14","FTM","pre_game","true",,"2026-05-13T11:19:18.827-04:00"
,"CLE","860038","Cleveland","Cavaliers","2026-04-27T14:50:00.000-04:00",,"CLE","Full",,"team",,,"false","2026-05-13T20:00:00.000-04:00","scheduled","DET","006cb6","Detroit","Pistons","true","false","false","true","false","NBA","7","0.5","standard","false","272048","https://static.prizepicks.com/images/players/NBA/Duncan_Robinson_NBA_player_xpPTHBlF6nW6owrrx6sg4Hes.webp","55","Detroit","Duncan Robinson","F","DET","Pistons","12041997","Single Stat","Single Stat","1076","true","2026-05-13T20:10:00.000-04:00","Free Throws Made","14","FTM","pre_game","true",,"2026-05-13T11:19:18.827-04:00"
,"CLE","860038","Cleveland","Cavaliers","2026-05-12T08:56:10.091-04:00",,"DET","Full",,"team",,,"false","2026-05-13T20:00:00.000-04:00","scheduled","DET","006cb6","Detroit","Pistons","true","false","false","true","false","NBA","7","0.5","standard","false","299373","https://static.prizepicks.com/images/manual/James Harden CLE.png","1","Cleveland","James Harden","G","CLE","Cavaliers","12047003","Single Stat","Single Stat","1103","true","2026-05-13T20:10:00.000-04:00","Blocked Shots","20","Blocked Shots","pre_game","true",,"2026-05-13T08:53:52.104-04:00"
,"CLE","860038","Cleveland","Cavaliers","2026-05-12T13:56:03.627-04:00",,"CLE","Full",,"team",,,"false","2026-05-13T20:00:00.000-04:00","scheduled","DET","006cb6","Detroit","Pistons","true","false","false","true","false","NBA","7","0.5","standard","false","279579","https://static.prizepicks.com/images/players/NBA/Daniss_Jenkins_NBA_player_gomI5shGs9qQrrpbBB8lXZ43.webp","24","Detroit","Daniss Jenkins","G","DET","Pistons","12052422","Single Stat","Single Stat","1106","true","2026-05-13T20:10:00.000-04:00","Steals","21","Steals","pre_game","true",,"2026-05-13T08:53:52.104-04:00"
"true","CLE","860038","Cleveland","Cavaliers","2026-05-01T08:35:00.000-04:00",,"DET","Full",,"team",,,"false","2026-05-13T20:00:00.000-04:00","scheduled","DET","006cb6","Detroit","Pistons","true","false","false","true","false","NBA","7","0.5","standard","false","226579","https://static.prizepicks.com/images/players/NBA/Jaylon_Tyson_NBA_player_vLYgk6879JDBN7gQAsxXixXG.webp","20","Cleveland","Jaylon Tyson","G-F","CLE","Cavaliers","12052460","Single Stat","Single Stat","1112","true","2026-05-13T20:10:00.000-04:00","Assists","5","Assists","pre_game","true",,"2026-05-13T08:53:52.104-04:00"
"false","CLE","860038","Cleveland","Cavaliers","2026-05-11T15:35:00.000-04:00",,"CLE","Full",,"team",,,"false","2026-05-13T20:00:00.000-04:00","scheduled","DET","006cb6","Detroit","Pistons","true","false","false","true","false","NBA","7","0.5","standard","false","216580","https://static.prizepicks.com/images/players/NBA/Tobias_Harris_NBA_player_tGwMomg94AAFiXYjH5vFThKq.webp","12","Detroit","Tobias Harris","F","DET","Pistons","12053393","Single Stat","Single Stat","1116","true","2026-05-13T20:10:00.000-04:00","Dunks","16","Dunks","pre_game","true",,"2026-05-13T08:53:52.104-04:00"
"false","CLE","860038","Cleveland","Cavaliers","2026-05-05T14:39:00.000-04:00",,"DET","Full",,"team",,,"false","2026-05-13T20:00:00.000-04:00","scheduled","DET","006cb6","Detroit","Pistons","true","false","false","true","false","NBA","7","0.5","standard","false","299373","https://static.prizepicks.com/images/manual/James Harden CLE.png","1","Cleveland","James Harden","G","CLE","Cavaliers","12053506","Single Stat","Single Stat","1119","true","2026-05-13T20:10:00.000-04:00","Offensive Rebounds","18","Offensive Rebounds","pre_game","true",,"2026-05-13T11:32:25.253-04:00"
"false","CLE","860038","Cleveland","Cavaliers","2026-05-05T14:39:00.000-04:00",,"DET","Full",,"team",,,"false","2026-05-13T20:00:00.000-04:00","scheduled","DET","006cb6","Detroit","Pistons","true","false","false","true","false","NBA","7","0.5","standard","false","173778","https://static.prizepicks.com/images/players/NBA/Max_Strus_NBA_player_1w4QyUAxm1OzfHDFdDAodyRe.webp","2","Cleveland","Max Strus","G-F","CLE","Cavaliers","12053507","Single Stat","Single Stat","1120","true","2026-05-13T20:10:00.000-04:00","Offensive Rebounds","18","Offensive Rebounds","pre_game","true",,"2026-05-13T11:32:25.253-04:00"
"false","CLE","860038","Cleveland","Cavaliers","2026-05-05T14:39:00.000-04:00",,"DET","Full",,"team",,,"false","2026-05-13T20:00:00.000-04:00","scheduled","DET","006cb6","Detroit","Pistons","true","false","false","true","false","NBA","7","0.5","standard","false","226579","https://static.prizepicks.com/images/players/NBA/Jaylon_Tyson_NBA_player_vLYgk6879JDBN7gQAsxXixXG.webp","20","Cleveland","Jaylon Tyson","G-F","CLE","Cavaliers","12077276","Single Stat","Single Stat","1126","true","2026-05-13T20:10:00.000-04:00","Offensive Rebounds","18","Offensive Rebounds","pre_game","true",,"2026-05-13T11:38:44.132-04:00"
"false","SAS","C4CED4","San Antonio","Spurs","2026-05-11T23:19:00.000-04:00",,"SAS/MIN","Full",,"combo",,,"false","2026-05-15T21:30:00.000-04:00","scheduled","MIN","236192","Minnesota","Timberwolves",,"false","false","true","false","NBA","7","53.5","standard","true","316892","https://static.prizepicks.com/images/players/CMBO_group_Kv0T5EX55OtvBxUDG5zXdIgJ.webp","5 + 1",,"Anthony Edwards + Victor Wembanyama","G","MIN/SAS","Timberwolves/Spurs","12064626","Single Stat","Single Stat","1128","true","2026-05-15T21:40:00.000-04:00","Points (Combo)","34","Points","pre_game",,,"2026-05-13T00:16:09.616-04:00"
,"SAS","C4CED4","San Antonio","Spurs","2026-05-12T22:53:28.621-04:00",,"MIN","Full",,"team",,,"false","2026-05-15T21:30:00.000-04:00","scheduled","MIN","236192","Minnesota","Timberwolves",,"false","false","true","false","NBA","7","43.5","standard","false","173819","https://static.prizepicks.com/images/players/NBA/Victor_Wembanyama_NBA_player_2EsUEdOt5xmywxPr6qxPdHNs.webp","1","San Antonio","Victor Wembanyama","F-C","SAS","Spurs","12061662","Single Stat","Single Stat","1137","true","2026-05-15T21:40:00.000-04:00","Pts+Rebs+Asts","3","PRA","pre_game",,,"2026-05-12T23:01:16.915-04:00"
,"SAS","C4CED4","San Antonio","Spurs","2026-05-12T22:53:28.132-04:00",,"MIN","Full",,"team",,,"false","2026-05-15T21:30:00.000-04:00","scheduled","MIN","236192","Minnesota","Timberwolves",,"false","false","true","false","NBA","7","40.5","standard","false","173819","https://static.prizepicks.com/images/players/NBA/Victor_Wembanyama_NBA_player_2EsUEdOt5xmywxPr6qxPdHNs.webp","1","San Antonio","Victor Wembanyama","F-C","SAS","Spurs","12061658","Single Stat","Single Stat","1138","true","2026-05-15T21:40:00.000-04:00","Pts+Rebs","12","Pts+Rebs","pre_game",,,"2026-05-12T22:57:38.081-04:00"
,"SAS","C4CED4","San Antonio","Spurs","2026-05-12T22:52:33.793-04:00",,"SAS","Full",,"team",,,"false","2026-05-15T21:30:00.000-04:00","scheduled","MIN","236192","Minnesota","Timberwolves",,"false","false","true","false","NBA","7","36.5","standard","false","188017","https://static.prizepicks.com/images/players/NBA/Anthony_Edwards_NBA_player_rhlEP3GCAg5LDJD8uChjFU81.webp","5","Minnesota","Anthony Edwards","G","MIN","Timberwolves","12061256","Single Stat","Single Stat","1148","true","2026-05-15T21:40:00.000-04:00","Pts+Rebs+Asts","3","PRA","pre_game",,,"2026-05-13T10:01:17.651-04:00"
"false","SAS","C4CED4","San Antonio","Spurs","2026-05-11T23:19:00.000-04:00",,"SAS/MIN","Full",,"combo",,,"false","2026-05-15T21:30:00.000-04:00","scheduled","MIN","236192","Minnesota","Timberwolves",,"false","false","true","false","NBA","7","33.5","standard","true","316888","https://static.prizepicks.com/images/players/CMBO_group_0RzTmzMeow0UqlaxazlJLpAz.webp","30 + 5",,"Julius Randle + Stephon Castle","F-C","MIN/SAS","Timberwolves/Spurs","12064606","Single Stat","Single Stat","1162","true","2026-05-15T21:40:00.000-04:00","Points (Combo)","34","Points","pre_game",,,"2026-05-13T10:12:48.618-04:00"
"false","SAS","C4CED4","San Antonio","Spurs","2026-05-11T23:19:00.000-04:00",,"SAS/MIN","Full",,"combo",,,"false","2026-05-15T21:30:00.000-04:00","scheduled","MIN","236192","Minnesota","Timberwolves",,"false","false","true","false","NBA","7","33.5","standard","true","316889","https://static.prizepicks.com/images/players/CMBO_group_cgG8nKy3KLP2XfoB4wUnsJ9g.webp","30 + 4",,"Julius Randle + De'Aaron Fox","F-C","MIN/SAS","Timberwolves/Spurs","12064621","Single Stat","Single Stat","1163","true","2026-05-15T21:40:00.000-04:00","Points (Combo)","34","Points","pre_game",,,"2026-05-13T00:32:00.079-04:00"
"false","SAS","C4CED4","San Antonio","Spurs","2026-05-11T23:19:00.000-04:00",,"SAS/MIN","Full",,"combo",,,"false","2026-05-15T21:30:00.000-04:00","scheduled","MIN","236192","Minnesota","Timberwolves",,"false","false","true","false","NBA","7","32.5","standard","true","316893","https://static.prizepicks.com/images/players/CMBO_group_kP14ZYY6tP9G72mrZEfLeWBX.webp","3 + 5",,"Jaden McDaniels + Stephon Castle","F","MIN/SAS","Timberwolves/Spurs","12064629","Single Stat","Single Stat","1165","true","2026-05-15T21:40:00.000-04:00","Points (Combo)","34","Points","pre_game",,,"2026-05-13T10:47:43.009-04:00"
"false","SAS","C4CED4","San Antonio","Spurs","2026-05-11T23:19:00.000-04:00",,"SAS/MIN","Full",,"combo",,,"false","2026-05-15T21:30:00.000-04:00","scheduled","MIN","236192","Minnesota","Timberwolves",,"false","false","true","false","NBA","7","32.5","standard","true","316891","https://static.prizepicks.com/images/players/CMBO_group_BcR9veznpVI7aIDrc594kxJG.webp","3 + 4",,"Jaden McDaniels + De'Aaron Fox","F","MIN/SAS","Timberwolves/Spurs","12064630","Single Stat","Single Stat","1166","true","2026-05-15T21:40:00.000-04:00","Points (Combo)","34","Points","pre_game",,,"2026-05-13T08:22:11.808-04:00"
,"SAS","C4CED4","San Antonio","Spurs","2026-05-12T22:52:33.243-04:00",,"SAS","Full",,"team",,,"false","2026-05-15T21:30:00.000-04:00","scheduled","MIN","236192","Minnesota","Timberwolves",,"false","false","true","false","NBA","7","31.5","standard","false","188017","https://static.prizepicks.com/images/players/NBA/Anthony_Edwards_NBA_player_rhlEP3GCAg5LDJD8uChjFU81.webp","5","Minnesota","Anthony Edwards","G","MIN","Timberwolves","12061251","Single Stat","Single Stat","1168","true","2026-05-15T21:40:00.000-04:00","Pts+Rebs","12","Pts+Rebs","pre_game",,,"2026-05-12T23:04:39.798-04:00"
,"SAS","C4CED4","San Antonio","Spurs","2026-05-12T22:53:27.520-04:00",,"MIN","Full",,"team",,,"false","2026-05-15T21:30:00.000-04:00","scheduled","MIN","236192","Minnesota","Timberwolves",,"false","false","true","false","NBA","7","30.5","standard","false","173819","https://static.prizepicks.com/images/players/NBA/Victor_Wembanyama_NBA_player_2EsUEdOt5xmywxPr6qxPdHNs.webp","1","San Antonio","Victor Wembanyama","F-C","SAS","Spurs","12061654","Single Stat","Single Stat","1173","true","2026-05-15T21:40:00.000-04:00","Pts+Asts","11","Pts+Asts","pre_game",,,"2026-05-13T10:55:25.830-04:00"
,"SAS","C4CED4","San Antonio","Spurs","2026-05-12T22:59:27.322-04:00",,"SAS","Full",,"team",,,"false","2026-05-15T21:30:00.000-04:00","scheduled","MIN","236192","Minnesota","Timberwolves",,"false","false","true","false","NBA","7","30.5","standard","false","188017","https://static.prizepicks.com/images/players/NBA/Anthony_Edwards_NBA_player_rhlEP3GCAg5LDJD8uChjFU81.webp","5","Minnesota","Anthony Edwards","G","MIN","Timberwolves","12062052","Single Stat","Single Stat","1174","true","2026-05-15T21:40:00.000-04:00","Pts+Asts","11","Pts+Asts","pre_game",,,"2026-05-13T10:01:45.069-04:00"
"false","SAS","C4CED4","San Antonio","Spurs","2026-05-11T23:19:00.000-04:00",,"SAS/MIN","Full",,"combo",,,"false","2026-05-15T21:30:00.000-04:00","scheduled","MIN","236192","Minnesota","Timberwolves",,"false","false","true","false","NBA","7","30.5","standard","true","317818","https://static.prizepicks.com/images/manual/Ayo Dosunmu + Stephon Castle.png","13 + 5",,"Ayo Dosunmu + Stephon Castle","G","MIN/SAS","Timberwolves/Spurs","12064631","Single Stat","Single Stat","1175","true","2026-05-15T21:40:00.000-04:00","Points (Combo)","34","Points","pre_game",,,"2026-05-13T07:25:48.889-04:00"
"false","SAS","C4CED4","San Antonio","Spurs","2026-05-11T23:19:00.000-04:00",,"SAS/MIN","Full",,"combo",,,"false","2026-05-15T21:30:00.000-04:00","scheduled","MIN","236192","Minnesota","Timberwolves",,"false","false","true","false","NBA","7","29.5","standard","true","316894","https://static.prizepicks.com/images/players/CMBO_group_54iUB8KHGYuslUcmqMFTPJ7o.webp","30 + 24",,"Julius Randle + Devin Vassell","F-C","MIN/SAS","Timberwolves/Spurs","12064607","Single Stat","Single Stat","1196","true","2026-05-15T21:40:00.000-04:00","Points (Combo)","34","Points","pre_game",,,"2026-05-13T03:32:32.680-04:00"
,"SAS","C4CED4","San Antonio","Spurs","2026-05-12T22:59:34.247-04:00",,"MIN","Full",,"team",,,"false","2026-05-15T21:30:00.000-04:00","scheduled","MIN","236192","Minnesota","Timberwolves",,"false","false","true","false","NBA","7","28.5","standard","false","217804","https://static.prizepicks.com/images/players/NBA/Stephon_Castle_NBA_player_3nImU3v39rqjCKdKG1wdfekq.webp","5","San Antonio","Stephon Castle","G","SAS","Spurs","12062081","Single Stat","Single Stat","1197","true","2026-05-15T21:40:00.000-04:00","Pts+Rebs+Asts","3","PRA","pre_game",,,"2026-05-13T10:29:56.110-04:00"
"false","SAS","C4CED4","San Antonio","Spurs","2026-05-11T23:19:00.000-04:00",,"SAS/MIN","Full",,"combo",,,"false","2026-05-15T21:30:00.000-04:00","scheduled","MIN","236192","Minnesota","Timberwolves",,"false","false","true","false","NBA","7","28.5","standard","true","317308","https://static.prizepicks.com/images/players/CMBO_group_lzMuTScZDftpK9rhDcRXCxmy.webp","3 + 24",,"Jaden McDaniels + Devin Vassell","F","MIN/SAS","Timberwolves/Spurs","12064632","Single Stat","Single Stat","1198","true","2026-05-15T21:40:00.000-04:00","Points (Combo)","34","Points","pre_game",,,"2026-05-13T00:16:09.629-04:00"
,"SAS","C4CED4","San Antonio","Spurs","2026-05-12T22:53:27.035-04:00",,"MIN","Full",,"team",,,"false","2026-05-15T21:30:00.000-04:00","scheduled","MIN","236192","Minnesota","Timberwolves",,"false","false","true","false","NBA","7","27.5","standard","false","173819","https://static.prizepicks.com/images/players/NBA/Victor_Wembanyama_NBA_player_2EsUEdOt5xmywxPr6qxPdHNs.webp","1","San Antonio","Victor Wembanyama","F-C","SAS","Spurs","12061649","Single Stat","Single Stat","1200","true","2026-05-15T21:40:00.000-04:00","Points","2","Points","pre_game",,,"2026-05-13T12:42:32.607-04:00"
,"SAS","C4CED4","San Antonio","Spurs","2026-05-12T22:53:05.321-04:00",,"SAS","Full",,"team",,,"false","2026-05-15T21:30:00.000-04:00","scheduled","MIN","236192","Minnesota","Timberwolves",,"false","false","true","false","NBA","7","27","standard","false","216422","https://static.prizepicks.com/images/players/NBA/Julius_Randle_NBA_player_wdsPCeOajEY6c6aD3jSNasmp.webp","30","Minnesota","Julius Randle","F-C","MIN","Timberwolves","12061487","Single Stat","Single Stat","1204","true","2026-05-15T21:40:00.000-04:00","Pts+Rebs+Asts","3","PRA","pre_game",,,"2026-05-13T00:31:49.043-04:00"
,"SAS","C4CED4","San Antonio","Spurs","2026-05-12T22:52:44.045-04:00",,"MIN","Full",,"team",,,"false","2026-05-15T21:30:00.000-04:00","scheduled","MIN","236192","Minnesota","Timberwolves",,"false","false","true","false","NBA","7","26.5","standard","false","226913","https://static.prizepicks.com/images/players/NBA/De'Aaron_Fox_NBA_player_ey65igBBNutBRz0ibXh85IuZ.webp","4","San Antonio","De'Aaron Fox","G","SAS","Spurs","12061334","Single Stat","Single Stat","1205","true","2026-05-15T21:40:00.000-04:00","Pts+Rebs+Asts","3","PRA","pre_game",,,"2026-05-13T08:39:01.896-04:00"
,"SAS","C4CED4","San Antonio","Spurs","2026-05-12T22:52:32.295-04:00",,"SAS","Full",,"team",,,"false","2026-05-15T21:30:00.000-04:00","scheduled","MIN","236192","Minnesota","Timberwolves",,"false","false","true","false","NBA","7","25.5","standard","false","188017","https://static.prizepicks.com/images/players/NBA/Anthony_Edwards_NBA_player_rhlEP3GCAg5LDJD8uChjFU81.webp","5","Minnesota","Anthony Edwards","G","MIN","Timberwolves","12061243","Single Stat","Single Stat","1209","true","2026-05-15T21:40:00.000-04:00","Points","2","Points","pre_game",,,"2026-05-12T22:55:14.597-04:00"
,"SAS","C4CED4","San Antonio","Spurs","2026-05-12T22:52:56.376-04:00",,"SAS","Full",,"team",,,"false","2026-05-15T21:30:00.000-04:00","scheduled","MIN","236192","Minnesota","Timberwolves",,"false","false","true","false","NBA","7","24.5","standard","false","25445","https://static.prizepicks.com/images/players/NBA/Jaden_McDaniels_NBA_player_5g61PFxozCBSlBXJV6b3TEWs.webp","3","Minnesota","Jaden McDaniels","F","MIN","Timberwolves","12061421","Single Stat","Single Stat","1231","true","2026-05-15T21:40:00.000-04:00","Pts+Rebs+Asts","3","PRA","pre_game",,,"2026-05-13T12:48:55.185-04:00"
,"SAS","C4CED4","San Antonio","Spurs","2026-05-12T22:53:20.332-04:00",,"MIN","Full",,"team",,,"false","2026-05-15T21:30:00.000-04:00","scheduled","MIN","236192","Minnesota","Timberwolves",,"false","false","true","false","NBA","7","23.5","standard","false","217804","https://static.prizepicks.com/images/players/NBA/Stephon_Castle_NBA_player_3nImU3v39rqjCKdKG1wdfekq.webp","5","San Antonio","Stephon Castle","G","SAS","Spurs","12061598","Single Stat","Single Stat","1248","true","2026-05-15T21:40:00.000-04:00","Pts+Asts","11","Pts+Asts","pre_game",,,"2026-05-12T23:11:53.825-04:00"
,"SAS","C4CED4","San Antonio","Spurs","2026-05-12T22:52:42.146-04:00",,"MIN","Full",,"team",,,"false","2026-05-15T21:30:00.000-04:00","scheduled","MIN","236192","Minnesota","Timberwolves",,"false","false","true","false","NBA","7","22.5","standard","false","226913","https://static.prizepicks.com/images/players/NBA/De'Aaron_Fox_NBA_player_ey65igBBNutBRz0ibXh85IuZ.webp","4","San Antonio","De'Aaron Fox","G","SAS","Spurs","12061326","Single Stat","Single Stat","1254","true","2026-05-15T21:40:00.000-04:00","Pts+Asts","11","Pts+Asts","pre_game",,,"2026-05-12T23:01:06.089-04:00"
,"SAS","C4CED4","San Antonio","Spurs","2026-05-12T22:53:04.775-04:00",,"SAS","Full",,"team",,,"false","2026-05-15T21:30:00.000-04:00","scheduled","MIN","236192","Minnesota","Timberwolves",,"false","false","true","false","NBA","7","22.5","standard","false","216422","https://static.prizepicks.com/images/players/NBA/Julius_Randle_NBA_player_wdsPCeOajEY6c6aD3jSNasmp.webp","30","Minnesota","Julius Randle","F-C","MIN","Timberwolves","12061483","Single Stat","Single Stat","1255","true","2026-05-15T21:40:00.000-04:00","Pts+Rebs","12","Pts+Rebs","pre_game",,,"2026-05-12T23:11:41.446-04:00"
,"SAS","C4CED4","San Antonio","Spurs","2026-05-12T22:59:34.030-04:00",,"MIN","Full",,"team",,,"false","2026-05-15T21:30:00.000-04:00","scheduled","MIN","236192","Minnesota","Timberwolves",,"false","false","true","false","NBA","7","22.5","standard","false","217804","https://static.prizepicks.com/images/players/NBA/Stephon_Castle_NBA_player_3nImU3v39rqjCKdKG1wdfekq.webp","5","San Antonio","Stephon Castle","G","SAS","Spurs","12062080","Single Stat","Single Stat","1256","true","2026-05-15T21:40:00.000-04:00","Pts+Rebs","12","Pts+Rebs","pre_game",,,"2026-05-13T01:30:23.767-04:00"
,"SAS","C4CED4","San Antonio","Spurs","2026-05-12T22:53:12.416-04:00",,"SAS","Full",,"team",,,"false","2026-05-15T21:30:00.000-04:00","scheduled","MIN","236192","Minnesota","Timberwolves",,"false","false","true","false","NBA","7","21.5","standard","false","10787","https://static.prizepicks.com/images/players/NBA/Naz_Reid_NBA_player_aXWF5rxMP0McOCw8Jq9XpFvp.webp","11","Minnesota","Naz Reid","C-F","MIN","Timberwolves","12061538","Single Stat","Single Stat","1262","true","2026-05-15T21:40:00.000-04:00","Pts+Rebs+Asts","3","PRA","pre_game",,,"2026-05-12T22:59:22.995-04:00"
,"SAS","C4CED4","San Antonio","Spurs","2026-05-12T22:52:55.951-04:00",,"SAS","Full",,"team",,,"false","2026-05-15T21:30:00.000-04:00","scheduled","MIN","236192","Minnesota","Timberwolves",,"false","false","true","false","NBA","7","21","standard","false","25445","https://static.prizepicks.com/images/players/NBA/Jaden_McDaniels_NBA_player_5g61PFxozCBSlBXJV6b3TEWs.webp","3","Minnesota","Jaden McDaniels","F","MIN","Timberwolves","12061417","Single Stat","Single Stat","1269","true","2026-05-15T21:40:00.000-04:00","Pts+Rebs","12","Pts+Rebs","pre_game",,,"2026-05-13T00:32:01.014-04:00"
,"SAS","C4CED4","San Antonio","Spurs","2026-05-12T22:52:38.712-04:00",,"SAS","Full",,"team",,,"false","2026-05-15T21:30:00.000-04:00","scheduled","MIN","236192","Minnesota","Timberwolves",,"false","false","true","false","NBA","7","20.5","standard","false","299532","https://static.prizepicks.com/images/manual/Ayo DosunmuMIN.png","13","Minnesota","Ayo Dosunmu","G","MIN","Timberwolves","12061297","Single Stat","Single Stat","1270","true","2026-05-15T21:40:00.000-04:00","Pts+Rebs+Asts","3","PRA","pre_game",,,"2026-05-12T22:54:47.852-04:00"
,"SAS","C4CED4","San Antonio","Spurs","2026-05-12T22:52:43.567-04:00",,"MIN","Full",,"team",,,"false","2026-05-15T21:30:00.000-04:00","scheduled","MIN","236192","Minnesota","Timberwolves",,"false","false","true","false","NBA","7","20.5","standard","false","226913","https://static.prizepicks.com/images/players/NBA/De'Aaron_Fox_NBA_player_ey65igBBNutBRz0ibXh85IuZ.webp","4","San Antonio","De'Aaron Fox","G","SAS","Spurs","12061330","Single Stat","Single Stat","1271","true","2026-05-15T21:40:00.000-04:00","Pts+Rebs","12","Pts+Rebs","pre_game",,,"2026-05-13T08:32:14.633-04:00"
,"SAS","C4CED4","San Antonio","Spurs","2026-05-12T22:53:04.345-04:00",,"SAS","Full",,"team",,,"false","2026-05-15T21:30:00.000-04:00","scheduled","MIN","236192","Minnesota","Timberwolves",,"false","false","true","false","NBA","7","20.5","standard","false","216422","https://static.prizepicks.com/images/players/NBA/Julius_Randle_NBA_player_wdsPCeOajEY6c6aD3jSNasmp.webp","30","Minnesota","Julius Randle","F-C","MIN","Timberwolves","12061479","Single Stat","Single Stat","1272","true","2026-05-15T21:40:00.000-04:00","Pts+Asts","11","Pts+Asts","pre_game",,,"2026-05-13T00:14:23.295-04:00"
,"SAS","C4CED4","San Antonio","Spurs","2026-05-12T22:52:48.533-04:00",,"MIN","Full",,"team",,,"false","2026-05-15T21:30:00.000-04:00","scheduled","MIN","236192","Minnesota","Timberwolves",,"false","false","true","false","NBA","7","19.5","standard","false","56347","https://static.prizepicks.com/images/players/NBA/Devin_Vassell_NBA_player_1FsPF0NOGQH4fepI0eeG7MYw.webp","24","San Antonio","Devin Vassell","G-F","SAS","Spurs","12061368","Single Stat","Single Stat","1294","true","2026-05-15T21:40:00.000-04:00","Pts+Rebs+Asts","3","PRA","pre_game",,,"2026-05-12T22:59:08.532-04:00"
,"SAS","C4CED4","San Antonio","Spurs","2026-05-12T22:53:11.943-04:00",,"SAS","Full",,"team",,,"false","2026-05-15T21:30:00.000-04:00","scheduled","MIN","236192","Minnesota","Timberwolves",,"false","false","true","false","NBA","7","19.5","standard","false","10787","https://static.prizepicks.com/images/players/NBA/Naz_Reid_NBA_player_aXWF5rxMP0McOCw8Jq9XpFvp.webp","11","Minnesota","Naz Reid","C-F","MIN","Timberwolves","12061534","Single Stat","Single Stat","1308","true","2026-05-15T21:40:00.000-04:00","Pts+Rebs","12","Pts+Rebs","pre_game",,,"2026-05-12T22:56:06.744-04:00"
,"SAS","C4CED4","San Antonio","Spurs","2026-05-12T22:52:55.453-04:00",,"SAS","Full",,"team",,,"false","2026-05-15T21:30:00.000-04:00","scheduled","MIN","236192","Minnesota","Timberwolves",,"false","false","true","false","NBA","7","18.5","standard","false","25445","https://static.prizepicks.com/images/players/NBA/Jaden_McDaniels_NBA_player_5g61PFxozCBSlBXJV6b3TEWs.webp","3","Minnesota","Jaden McDaniels","F","MIN","Timberwolves","12061414","Single Stat","Single Stat","1319","true","2026-05-15T21:40:00.000-04:00","Pts+Asts","11","Pts+Asts","pre_game",,,"2026-05-12T23:36:19.775-04:00"
,"SAS","C4CED4","San Antonio","Spurs","2026-05-12T23:04:55.371-04:00",,"MIN","Full",,"team",,,"false","2026-05-15T21:30:00.000-04:00","scheduled","MIN","236192","Minnesota","Timberwolves",,"false","false","true","false","NBA","7","18.5","standard","false","271607","https://static.prizepicks.com/images/manual/DylanHarper.png","2","San Antonio","Dylan Harper","G","SAS","Spurs","12062324","Single Stat","Single Stat","1320","true","2026-05-15T21:40:00.000-04:00","Pts+Rebs+Asts","3","PRA","pre_game",,,"2026-05-12T23:37:10.931-04:00"
,"SAS","C4CED4","San Antonio","Spurs","2026-05-12T22:52:37.747-04:00",,"SAS","Full",,"team",,,"false","2026-05-15T21:30:00.000-04:00","scheduled","MIN","236192","Minnesota","Timberwolves",,"false","false","true","false","NBA","7","17.5","standard","false","299532","https://static.prizepicks.com/images/manual/Ayo DosunmuMIN.png","13","Minnesota","Ayo Dosunmu","G","MIN","Timberwolves","12061289","Single Stat","Single Stat","1335","true","2026-05-15T21:40:00.000-04:00","Pts+Asts","11","Pts+Asts","pre_game",,,"2026-05-13T08:35:10.127-04:00"
,"SAS","C4CED4","San Antonio","Spurs","2026-05-12T22:53:16.214-04:00",,"SAS","Full",,"team",,,"false","2026-05-15T21:30:00.000-04:00","scheduled","MIN","236192","Minnesota","Timberwolves",,"false","false","true","false","NBA","7","17.5","standard","false","87384","https://static.prizepicks.com/images/players/NBA/Rudy_Gobert_NBA_player_2ozGrrcD59T4wVpCbCelKQUm.webp","27","Minnesota","Rudy Gobert","C","MIN","Timberwolves","12061566","Single Stat","Single Stat","1339","true","2026-05-15T21:40:00.000-04:00","Pts+Rebs+Asts","3","PRA","pre_game",,,"2026-05-12T22:59:08.522-04:00"
,"SAS","C4CED4","San Antonio","Spurs","2026-05-12T22:52:38.233-04:00",,"SAS","Full",,"team",,,"false","2026-05-15T21:30:00.000-04:00","scheduled","MIN","236192","Minnesota","Timberwolves",,"false","false","true","false","NBA","7","16.5","standard","false","299532","https://static.prizepicks.com/images/manual/Ayo DosunmuMIN.png","13","Minnesota","Ayo Dosunmu","G","MIN","Timberwolves","12061293","Single Stat","Single Stat","1359","true","2026-05-15T21:40:00.000-04:00","Pts+Rebs","12","Pts+Rebs","pre_game",,,"2026-05-13T12:19:14.670-04:00"
,"SAS","C4CED4","San Antonio","Spurs","2026-05-12T22:52:41.509-04:00",,"MIN","Full",,"team",,,"false","2026-05-15T21:30:00.000-04:00","scheduled","MIN","236192","Minnesota","Timberwolves",,"false","false","true","false","NBA","7","16.5","standard","false","226913","https://static.prizepicks.com/images/players/NBA/De'Aaron_Fox_NBA_player_ey65igBBNutBRz0ibXh85IuZ.webp","4","San Antonio","De'Aaron Fox","G","SAS","Spurs","12061322","Single Stat","Single Stat","1360","true","2026-05-15T21:40:00.000-04:00","Points","2","Points","pre_game",,,"2026-05-12T22:56:12.456-04:00"
,"SAS","C4CED4","San Antonio","Spurs","2026-05-12T22:52:48.013-04:00",,"MIN","Full",,"team",,,"false","2026-05-15T21:30:00.000-04:00","scheduled","MIN","236192","Minnesota","Timberwolves",,"false","false","true","false","NBA","7","16.5","standard","false","56347","https://static.prizepicks.com/images/players/NBA/Devin_Vassell_NBA_player_1FsPF0NOGQH4fepI0eeG7MYw.webp","24","San Antonio","Devin Vassell","G-F","SAS","Spurs","12061365","Single Stat","Single Stat","1361","true","2026-05-15T21:40:00.000-04:00","Pts+Rebs","12","Pts+Rebs","pre_game",,,"2026-05-12T23:36:52.891-04:00"
,"SAS","C4CED4","San Antonio","Spurs","2026-05-12T22:52:54.928-04:00",,"SAS","Full",,"team",,,"false","2026-05-15T21:30:00.000-04:00","scheduled","MIN","236192","Minnesota","Timberwolves",,"false","false","true","false","NBA","7","16.5","standard","false","25445","https://static.prizepicks.com/images/players/NBA/Jaden_McDaniels_NBA_player_5g61PFxozCBSlBXJV6b3TEWs.webp","3","Minnesota","Jaden McDaniels","F","MIN","Timberwolves","12061410","Single Stat","Single Stat","1362","true","2026-05-15T21:40:00.000-04:00","Points","2","Points","pre_game",,,"2026-05-13T12:49:52.766-04:00"
,"SAS","C4CED4","San Antonio","Spurs","2026-05-12T22:53:03.611-04:00",,"SAS","Full",,"team",,,"false","2026-05-15T21:30:00.000-04:00","scheduled","MIN","236192","Minnesota","Timberwolves",,"false","false","true","false","NBA","7","16.5","standard","false","216422","https://static.prizepicks.com/images/players/NBA/Julius_Randle_NBA_player_wdsPCeOajEY6c6aD3jSNasmp.webp","30","Minnesota","Julius Randle","F-C","MIN","Timberwolves","12061476","Single Stat","Single Stat","1363","true","2026-05-15T21:40:00.000-04:00","Points","2","Points","pre_game",,,"2026-05-12T22:56:45.360-04:00"
,"SAS","C4CED4","San Antonio","Spurs","2026-05-12T22:53:19.784-04:00",,"MIN","Full",,"team",,,"false","2026-05-15T21:30:00.000-04:00","scheduled","MIN","236192","Minnesota","Timberwolves",,"false","false","true","false","NBA","7","16.5","standard","false","217804","https://static.prizepicks.com/images/players/NBA/Stephon_Castle_NBA_player_3nImU3v39rqjCKdKG1wdfekq.webp","5","San Antonio","Stephon Castle","G","SAS","Spurs","12061595","Single Stat","Single Stat","1364","true","2026-05-15T21:40:00.000-04:00","Points","2","Points","pre_game",,,"2026-05-12T22:54:08.797-04:00"
,"SAS","C4CED4","San Antonio","Spurs","2026-05-12T22:53:29.905-04:00",,"MIN","Full",,"team",,,"false","2026-05-15T21:30:00.000-04:00","scheduled","MIN","236192","Minnesota","Timberwolves",,"false","false","true","false","NBA","7","16.5","standard","false","173819","https://static.prizepicks.com/images/players/NBA/Victor_Wembanyama_NBA_player_2EsUEdOt5xmywxPr6qxPdHNs.webp","1","San Antonio","Victor Wembanyama","F-C","SAS","Spurs","12061674","Single Stat","Single Stat","1366","true","2026-05-15T21:40:00.000-04:00","Rebs+Asts","6","Rebs+Asts","pre_game",,,"2026-05-12T22:58:55.576-04:00"
,"SAS","C4CED4","San Antonio","Spurs","2026-05-12T22:53:00.219-04:00",,"MIN","Full",,"team",,,"false","2026-05-15T21:30:00.000-04:00","scheduled","MIN","236192","Minnesota","Timberwolves",,"false","false","true","false","NBA","7","15.5","standard","false","125266","https://static.prizepicks.com/images/players/NBA/Julian_Champagnie_NBA_player_wWXts7QJavucRoRUsMbfxn9.webp","30","San Antonio","Julian Champagnie","F","SAS","Spurs","12061450","Single Stat","Single Stat","1377","true","2026-05-15T21:40:00.000-04:00","Pts+Rebs+Asts","3","PRA","pre_game",,,"2026-05-12T22:57:49.199-04:00"
,"SAS","C4CED4","San Antonio","Spurs","2026-05-12T22:53:15.715-04:00",,"SAS","Full",,"team",,,"false","2026-05-15T21:30:00.000-04:00","scheduled","MIN","236192","Minnesota","Timberwolves",,"false","false","true","false","NBA","7","15.5","standard","false","87384","https://static.prizepicks.com/images/players/NBA/Rudy_Gobert_NBA_player_2ozGrrcD59T4wVpCbCelKQUm.webp","27","Minnesota","Rudy Gobert","C","MIN","Timberwolves","12061562","Single Stat","Single Stat","1378","true","2026-05-15T21:40:00.000-04:00","Pts+Rebs","12","Pts+Rebs","pre_game",,,"2026-05-13T08:32:02.668-04:00"
,"SAS","C4CED4","San Antonio","Spurs","2026-05-12T22:52:47.729-04:00",,"MIN","Full",,"team",,,"false","2026-05-15T21:30:00.000-04:00","scheduled","MIN","236192","Minnesota","Timberwolves",,"false","false","true","false","NBA","7","14.5","standard","false","56347","https://static.prizepicks.com/images/players/NBA/Devin_Vassell_NBA_player_1FsPF0NOGQH4fepI0eeG7MYw.webp","24","San Antonio","Devin Vassell","G-F","SAS","Spurs","12061361","Single Stat","Single Stat","1389","true","2026-05-15T21:40:00.000-04:00","Pts+Asts","11","Pts+Asts","pre_game",,,"2026-05-13T00:20:35.212-04:00"
,"SAS","C4CED4","San Antonio","Spurs","2026-05-12T22:52:51.473-04:00",,"MIN","Full",,"team",,,"false","2026-05-15T21:30:00.000-04:00","scheduled","MIN","236192","Minnesota","Timberwolves",,"false","false","true","false","NBA","7","14.5","standard","false","271607","https://static.prizepicks.com/images/manual/DylanHarper.png","2","San Antonio","Dylan Harper","G","SAS","Spurs","12061387","Single Stat","Single Stat","1393","true","2026-05-15T21:40:00.000-04:00","Pts+Asts","11","Pts+Asts","pre_game",,,"2026-05-13T10:35:48.913-04:00"
,"SAS","C4CED4","San Antonio","Spurs","2026-05-12T22:52:59.829-04:00",,"MIN","Full",,"team",,,"false","2026-05-15T21:30:00.000-04:00","scheduled","MIN","236192","Minnesota","Timberwolves",,"false","false","true","false","NBA","7","14.5","standard","false","125266","https://static.prizepicks.com/images/players/NBA/Julian_Champagnie_NBA_player_wWXts7QJavucRoRUsMbfxn9.webp","30","San Antonio","Julian Champagnie","F","SAS","Spurs","12061447","Single Stat","Single Stat","1397","true","2026-05-15T21:40:00.000-04:00","Pts+Rebs","12","Pts+Rebs","pre_game",,,"2026-05-12T23:12:35.642-04:00"
,"SAS","C4CED4","San Antonio","Spurs","2026-05-12T22:53:11.653-04:00",,"SAS","Full",,"team",,,"false","2026-05-15T21:30:00.000-04:00","scheduled","MIN","236192","Minnesota","Timberwolves",,"false","false","true","false","NBA","7","14.5","standard","false","10787","https://static.prizepicks.com/images/players/NBA/Naz_Reid_NBA_player_aXWF5rxMP0McOCw8Jq9XpFvp.webp","11","Minnesota","Naz Reid","C-F","MIN","Timberwolves","12061530","Single Stat","Single Stat","1403","true","2026-05-15T21:40:00.000-04:00","Pts+Asts","11","Pts+Asts","pre_game",,,"2026-05-13T00:02:38.393-04:00"
,"SAS","C4CED4","San Antonio","Spurs","2026-05-12T22:59:29.325-04:00",,"MIN","Full",,"team",,,"false","2026-05-15T21:30:00.000-04:00","scheduled","MIN","236192","Minnesota","Timberwolves",,"false","false","true","false","NBA","7","14.5","standard","false","271607","https://static.prizepicks.com/images/manual/DylanHarper.png","2","San Antonio","Dylan Harper","G","SAS","Spurs","12062059","Single Stat","Single Stat","1415","true","2026-05-15T21:40:00.000-04:00","Pts+Rebs","12","Pts+Rebs","pre_game",,,"2026-05-12T23:00:48.950-04:00"
"false","SAS","C4CED4","San Antonio","Spurs","2026-05-13T08:42:35.781-04:00",,"MIN","Full",,"team",,,"false","2026-05-15T21:30:00.000-04:00","scheduled","MIN","236192","Minnesota","Timberwolves",,"false","false","true","false","NBA","7","14","standard","false","55140","https://static.prizepicks.com/images/players/NBA/Keldon_Johnson_NBA_player_ytnN6jT7zYkcukGvVWoYp2zk.webp","3","San Antonio","Keldon Johnson","F-G","SAS","Spurs","12074464","Single Stat","Single Stat","1421","true","2026-05-15T21:40:00.000-04:00","Pts+Rebs+Asts","3","PRA","pre_game",,,"2026-05-13T11:15:34.634-04:00"
,"SAS","C4CED4","San Antonio","Spurs","2026-05-12T22:52:37.114-04:00",,"SAS","Full",,"team",,,"false","2026-05-15T21:30:00.000-04:00","scheduled","MIN","236192","Minnesota","Timberwolves",,"false","false","true","false","NBA","7","13.5","standard","false","299532","https://static.prizepicks.com/images/manual/Ayo DosunmuMIN.png","13","Minnesota","Ayo Dosunmu","G","MIN","Timberwolves","12061285","Single Stat","Single Stat","1422","true","2026-05-15T21:40:00.000-04:00","Points","2","Points","pre_game",,,"2026-05-12T22:59:07.591-04:00"
,"SAS","C4CED4","San Antonio","Spurs","2026-05-13T12:03:41.440-04:00",,"MIN","Full",,"team",,,"false","2026-05-15T21:30:00.000-04:00","scheduled","MIN","236192","Minnesota","Timberwolves",,"false","false","true","false","NBA","7","13.5","standard","false","173819","https://static.prizepicks.com/images/players/NBA/Victor_Wembanyama_NBA_player_2EsUEdOt5xmywxPr6qxPdHNs.webp","1","San Antonio","Victor Wembanyama","F-C","SAS","Spurs","12077365","Single Stat","Single Stat","1438","true","2026-05-15T21:40:00.000-04:00","Rebounds","4","Rebounds","pre_game",,,"2026-05-13T12:06:51.504-04:00"
,"SAS","C4CED4","San Antonio","Spurs","2026-05-12T22:52:47.016-04:00",,"MIN","Full",,"team",,,"false","2026-05-15T21:30:00.000-04:00","scheduled","MIN","236192","Minnesota","Timberwolves",,"false","false","true","false","NBA","7","12.5","standard","false","56347","https://static.prizepicks.com/images/players/NBA/Devin_Vassell_NBA_player_1FsPF0NOGQH4fepI0eeG7MYw.webp","24","San Antonio","Devin Vassell","G-F","SAS","Spurs","12061359","Single Stat","Single Stat","1439","true","2026-05-15T21:40:00.000-04:00","Points","2","Points","pre_game",,,"2026-05-12T22:56:12.468-04:00"
,"SAS","C4CED4","San Antonio","Spurs","2026-05-12T22:53:08.845-04:00",,"MIN","Full",,"team",,,"false","2026-05-15T21:30:00.000-04:00","scheduled","MIN","236192","Minnesota","Timberwolves",,"false","false","true","false","NBA","7","12.5","standard","false","55140","https://static.prizepicks.com/images/players/NBA/Keldon_Johnson_NBA_player_ytnN6jT7zYkcukGvVWoYp2zk.webp","3","San Antonio","Keldon Johnson","F-G","SAS","Spurs","12061512","Single Stat","Single Stat","1440","true","2026-05-15T21:40:00.000-04:00","Pts+Rebs","12","Pts+Rebs","pre_game",,,"2026-05-12T23:09:45.124-04:00"
,"SAS","C4CED4","San Antonio","Spurs","2026-05-12T22:53:11.201-04:00",,"SAS","Full",,"team",,,"false","2026-05-15T21:30:00.000-04:00","scheduled","MIN","236192","Minnesota","Timberwolves",,"false","false","true","false","NBA","7","12.5","standard","false","10787","https://static.prizepicks.com/images/players/NBA/Naz_Reid_NBA_player_aXWF5rxMP0McOCw8Jq9XpFvp.webp","11","Minnesota","Naz Reid","C-F","MIN","Timberwolves","12061528","Single Stat","Single Stat","1441","true","2026-05-15T21:40:00.000-04:00","Points","2","Points","pre_game",,,"2026-05-12T22:56:04.202-04:00"
"false","SAS","C4CED4","San Antonio","Spurs","2026-05-11T23:19:00.000-04:00",,"SAS/MIN","Full",,"combo",,,"false","2026-05-15T21:30:00.000-04:00","scheduled","MIN","236192","Minnesota","Timberwolves",,"false","false","true","false","NBA","7","12.5","standard","true","317044","https://static.prizepicks.com/images/players/CMBO_group_QYmpv2hQc7AR9gdFLP76G8jz.webp","11 + 30",,"Naz Reid + Julian Champagnie","C-F","MIN/SAS","Timberwolves/Spurs","12064911","Single Stat","Single Stat","1444","true","2026-05-15T21:40:00.000-04:00","Rebounds (Combo)","35","Rebounds","pre_game",,,"2026-05-13T00:07:50.961-04:00"
,"SAS","C4CED4","San Antonio","Spurs","2026-05-12T22:53:22.253-04:00",,"MIN","Full",,"team",,,"false","2026-05-15T21:30:00.000-04:00","scheduled","MIN","236192","Minnesota","Timberwolves",,"false","false","true","false","NBA","7","12","standard","false","217804","https://static.prizepicks.com/images/players/NBA/Stephon_Castle_NBA_player_3nImU3v39rqjCKdKG1wdfekq.webp","5","San Antonio","Stephon Castle","G","SAS","Spurs","12061614","Single Stat","Single Stat","1465","true","2026-05-15T21:40:00.000-04:00","Rebs+Asts","6","Rebs+Asts","pre_game",,,"2026-05-12T22:57:04.983-04:00"
"false","SAS","C4CED4","San Antonio","Spurs","2026-05-11T23:19:00.000-04:00",,"SAS/MIN","Full",,"combo",,,"false","2026-05-15T21:30:00.000-04:00","scheduled","MIN","236192","Minnesota","Timberwolves",,"false","false","true","false","NBA","7","12","standard","true","317042","https://static.prizepicks.com/images/players/CMBO_group_H7Pbds2m0uwwYaXj6vGDPdfo.webp","11 + 5",,"Naz Reid + Stephon Castle","C-F","MIN/SAS","Timberwolves/Spurs","12064908","Single Stat","Single Stat","1466","true","2026-05-15T21:40:00.000-04:00","Rebounds (Combo)","35","Rebounds","pre_game",,,"2026-05-13T00:29:55.467-04:00"
,"SAS","C4CED4","San Antonio","Spurs","2026-05-12T22:53:24.431-04:00",,"SAS","Full",,"team",,,"false","2026-05-15T21:30:00.000-04:00","scheduled","MIN","236192","Minnesota","Timberwolves",,"false","false","true","false","NBA","7","11.5","standard","false","228300","https://static.prizepicks.com/images/players/NBA/Terrence_Shannon_NBA_player_v410OHhKlubNpPIQBJMKdfZ.webp","1","Minnesota","Terrence Shannon","G-F","MIN","Timberwolves","12061628","Single Stat","Single Stat","1481","true","2026-05-15T21:40:00.000-04:00","Pts+Rebs+Asts","3","PRA","pre_game",,,"2026-05-13T11:53:43.453-04:00"
"false","SAS","C4CED4","San Antonio","Spurs","2026-05-11T23:19:00.000-04:00",,"SAS/MIN","Full",,"combo",,,"false","2026-05-15T21:30:00.000-04:00","scheduled","MIN","236192","Minnesota","Timberwolves",,"false","false","true","false","NBA","7","11.5","standard","true","316896","https://static.prizepicks.com/images/players/CMBO_group_C4DUlL3bN5yupdqZXX8wx1Nx.webp","30",,"Julius Randle + Julian Champagnie","F-C","MIN/SAS","Timberwolves/Spurs","12064907","Single Stat","Single Stat","1490","true","2026-05-15T21:40:00.000-04:00","Rebounds (Combo)","35","Rebounds","pre_game",,,"2026-05-13T01:07:19.434-04:00"
"false","SAS","C4CED4","San Antonio","Spurs","2026-05-11T23:19:00.000-04:00",,"SAS/MIN","Full",,"combo",,,"false","2026-05-15T21:30:00.000-04:00","scheduled","MIN","236192","Minnesota","Timberwolves",,"false","false","true","false","NBA","7","11.5","standard","true","316888","https://static.prizepicks.com/images/players/CMBO_group_0RzTmzMeow0UqlaxazlJLpAz.webp","30 + 5",,"Julius Randle + Stephon Castle","F-C","MIN/SAS","Timberwolves/Spurs","12064910","Single Stat","Single Stat","1491","true","2026-05-15T21:40:00.000-04:00","Rebounds (Combo)","35","Rebounds","pre_game",,,"2026-05-13T01:53:58.784-04:00"
"false","SAS","C4CED4","San Antonio","Spurs","2026-05-11T23:19:00.000-04:00",,"SAS/MIN","Full",,"combo",,,"false","2026-05-15T21:30:00.000-04:00","scheduled","MIN","236192","Minnesota","Timberwolves",,"false","false","true","false","NBA","7","11","standard","true","316888","https://static.prizepicks.com/images/players/CMBO_group_0RzTmzMeow0UqlaxazlJLpAz.webp","30 + 5",,"Julius Randle + Stephon Castle","F-C","MIN/SAS","Timberwolves/Spurs","12064913","Single Stat","Single Stat","1501","true","2026-05-15T21:40:00.000-04:00","Assists (Combo)","36","Assists","pre_game",,,"2026-05-13T00:09:59.074-04:00"
,"SAS","C4CED4","San Antonio","Spurs","2026-05-12T22:52:50.966-04:00",,"MIN","Full",,"team",,,"false","2026-05-15T21:30:00.000-04:00","scheduled","MIN","236192","Minnesota","Timberwolves",,"false","false","true","false","NBA","7","10.5","standard","false","271607","https://static.prizepicks.com/images/manual/DylanHarper.png","2","San Antonio","Dylan Harper","G","SAS","Spurs","12061385","Single Stat","Single Stat","1502","true","2026-05-15T21:40:00.000-04:00","Points","2","Points","pre_game",,,"2026-05-12T22:54:08.782-04:00"
,"SAS","C4CED4","San Antonio","Spurs","2026-05-12T22:52:59.569-04:00",,"MIN","Full",,"team",,,"false","2026-05-15T21:30:00.000-04:00","scheduled","MIN","236192","Minnesota","Timberwolves",,"false","false","true","false","NBA","7","10.5","standard","false","125266","https://static.prizepicks.com/images/players/NBA/Julian_Champagnie_NBA_player_wWXts7QJavucRoRUsMbfxn9.webp","30","San Antonio","Julian Champagnie","F","SAS","Spurs","12061444","Single Stat","Single Stat","1503","true","2026-05-15T21:40:00.000-04:00","Pts+Asts","11","Pts+Asts","pre_game",,,"2026-05-12T23:26:21.539-04:00"
,"SAS","C4CED4","San Antonio","Spurs","2026-05-12T22:53:06.692-04:00",,"SAS","Full",,"team",,,"false","2026-05-15T21:30:00.000-04:00","scheduled","MIN","236192","Minnesota","Timberwolves",,"false","false","true","false","NBA","7","10.5","standard","false","216422","https://static.prizepicks.com/images/players/NBA/Julius_Randle_NBA_player_wdsPCeOajEY6c6aD3jSNasmp.webp","30","Minnesota","Julius Randle","F-C","MIN","Timberwolves","12061496","Single Stat","Single Stat","1504","true","2026-05-15T21:40:00.000-04:00","Rebs+Asts","6","Rebs+Asts","pre_game",,,"2026-05-12T23:01:16.902-04:00"
,"SAS","C4CED4","San Antonio","Spurs","2026-05-12T22:53:17.391-04:00",,"SAS","Full",,"team",,,"false","2026-05-15T21:30:00.000-04:00","scheduled","MIN","236192","Minnesota","Timberwolves",,"false","false","true","false","NBA","7","10.5","standard","false","87384","https://static.prizepicks.com/images/players/NBA/Rudy_Gobert_NBA_player_2ozGrrcD59T4wVpCbCelKQUm.webp","27","Minnesota","Rudy Gobert","C","MIN","Timberwolves","12061576","Single Stat","Single Stat","1506","true","2026-05-15T21:40:00.000-04:00","Rebs+Asts","6","Rebs+Asts","pre_game",,,"2026-05-12T22:57:49.211-04:00"
,"SAS","C4CED4","San Antonio","Spurs","2026-05-12T22:59:27.573-04:00",,"SAS","Full",,"team",,,"false","2026-05-15T21:30:00.000-04:00","scheduled","MIN","236192","Minnesota","Timberwolves",,"false","false","true","false","NBA","7","10","standard","false","188017","https://static.prizepicks.com/images/players/NBA/Anthony_Edwards_NBA_player_rhlEP3GCAg5LDJD8uChjFU81.webp","5","Minnesota","Anthony Edwards","G","MIN","Timberwolves","12062054","Single Stat","Single Stat","1524","true","2026-05-15T21:40:00.000-04:00","Rebs+Asts","6","Rebs+Asts","pre_game",,,"2026-05-12T23:02:33.699-04:00"
"false","SAS","C4CED4","San Antonio","Spurs","2026-05-11T23:19:00.000-04:00",,"SAS/MIN","Full",,"combo",,,"false","2026-05-15T21:30:00.000-04:00","scheduled","MIN","236192","Minnesota","Timberwolves",,"false","false","true","false","NBA","7","10","standard","true","316889","https://static.prizepicks.com/images/players/CMBO_group_cgG8nKy3KLP2XfoB4wUnsJ9g.webp","30 + 4",,"Julius Randle + De'Aaron Fox","F-C","MIN/SAS","Timberwolves/Spurs","12064912","Single Stat","Single Stat","1525","true","2026-05-15T21:40:00.000-04:00","Assists (Combo)","36","Assists","pre_game",,,"2026-05-13T01:45:58.495-04:00"
,"SAS","C4CED4","San Antonio","Spurs","2026-05-12T22:53:08.350-04:00",,"MIN","Full",,"team",,,"false","2026-05-15T21:30:00.000-04:00","scheduled","MIN","236192","Minnesota","Timberwolves",,"false","false","true","false","NBA","7","9.5","standard","false","55140","https://static.prizepicks.com/images/players/NBA/Keldon_Johnson_NBA_player_ytnN6jT7zYkcukGvVWoYp2zk.webp","3","San Antonio","Keldon Johnson","F-G","SAS","Spurs","12061509","Single Stat","Single Stat","1538","true","2026-05-15T21:40:00.000-04:00","Points","2","Points","pre_game",,,"2026-05-13T12:34:56.081-04:00"
,"SAS","C4CED4","San Antonio","Spurs","2026-05-12T22:53:23.886-04:00",,"SAS","Full",,"team",,,"false","2026-05-15T21:30:00.000-04:00","scheduled","MIN","236192","Minnesota","Timberwolves",,"false","false","true","false","NBA","7","9.5","standard","false","228300","https://static.prizepicks.com/images/players/NBA/Terrence_Shannon_NBA_player_v410OHhKlubNpPIQBJMKdfZ.webp","1","Minnesota","Terrence Shannon","G-F","MIN","Timberwolves","12061624","Single Stat","Single Stat","1547","true","2026-05-15T21:40:00.000-04:00","Pts+Asts","11","Pts+Asts","pre_game",,,"2026-05-13T12:34:53.558-04:00"
,"SAS","C4CED4","San Antonio","Spurs","2026-05-12T22:53:24.165-04:00",,"SAS","Full",,"team",,,"false","2026-05-15T21:30:00.000-04:00","scheduled","MIN","236192","Minnesota","Timberwolves",,"false","false","true","false","NBA","7","9.5","standard","false","228300","https://static.prizepicks.com/images/players/NBA/Terrence_Shannon_NBA_player_v410OHhKlubNpPIQBJMKdfZ.webp","1","Minnesota","Terrence Shannon","G-F","MIN","Timberwolves","12061626","Single Stat","Single Stat","1548","true","2026-05-15T21:40:00.000-04:00","Pts+Rebs","12","Pts+Rebs","pre_game",,,"2026-05-13T00:51:23.188-04:00"
"false","SAS","C4CED4","San Antonio","Spurs","2026-05-11T23:19:00.000-04:00",,"SAS/MIN","Full",,"combo",,,"false","2026-05-15T21:30:00.000-04:00","scheduled","MIN","236192","Minnesota","Timberwolves",,"false","false","true","false","NBA","7","9.5","standard","true","316895","https://static.prizepicks.com/images/players/CMBO_group_HOzFmnT5fc1iYsdCswyXVkkh.webp","5 + 4",,"Anthony Edwards + De'Aaron Fox","G","MIN/SAS","Timberwolves/Spurs","12064914","Single Stat","Single Stat","1557","true","2026-05-15T21:40:00.000-04:00","Assists (Combo)","36","Assists","pre_game",,,"2026-05-13T04:21:15.486-04:00"
,"SAS","C4CED4","San Antonio","Spurs","2026-05-12T22:53:16.693-04:00",,"SAS","Full",,"team",,,"false","2026-05-15T21:30:00.000-04:00","scheduled","MIN","236192","Minnesota","Timberwolves",,"false","false","true","false","NBA","7","9","standard","false","87384","https://static.prizepicks.com/images/players/NBA/Rudy_Gobert_NBA_player_2ozGrrcD59T4wVpCbCelKQUm.webp","27","Minnesota","Rudy Gobert","C","MIN","Timberwolves","12061572","Single Stat","Single Stat","1559","true","2026-05-15T21:40:00.000-04:00","Rebounds","4","Rebounds","pre_game",,,"2026-05-13T08:02:11.085-04:00"
,"SAS","C4CED4","San Antonio","Spurs","2026-05-12T22:52:58.964-04:00",,"MIN","Full",,"team",,,"false","2026-05-15T21:30:00.000-04:00","scheduled","MIN","236192","Minnesota","Timberwolves",,"false","false","true","false","NBA","7","8.5","standard","false","125266","https://static.prizepicks.com/images/players/NBA/Julian_Champagnie_NBA_player_wWXts7QJavucRoRUsMbfxn9.webp","30","San Antonio","Julian Champagnie","F","SAS","Spurs","12061442","Single Stat","Single Stat","1562","true","2026-05-15T21:40:00.000-04:00","Points","2","Points","pre_game",,,"2026-05-13T05:46:40.316-04:00"
,"SAS","C4CED4","San Antonio","Spurs","2026-05-12T22:53:15.313-04:00",,"SAS","Full",,"team",,,"false","2026-05-15T21:30:00.000-04:00","scheduled","MIN","236192","Minnesota","Timberwolves",,"false","false","true","false","NBA","7","8.5","standard","false","87384","https://static.prizepicks.com/images/players/NBA/Rudy_Gobert_NBA_player_2ozGrrcD59T4wVpCbCelKQUm.webp","27","Minnesota","Rudy Gobert","C","MIN","Timberwolves","12061558","Single Stat","Single Stat","1564","true","2026-05-15T21:40:00.000-04:00","Pts+Asts","11","Pts+Asts","pre_game",,,"2026-05-13T11:20:24.987-04:00"
"false","SAS","C4CED4","San Antonio","Spurs","2026-05-11T23:19:00.000-04:00",,"SAS/MIN","Full",,"combo",,,"false","2026-05-15T21:30:00.000-04:00","scheduled","MIN","236192","Minnesota","Timberwolves",,"false","false","true","false","NBA","7","7.5","standard","true","317819","https://static.prizepicks.com/images/players/CMBO_group_iEx45MIyXYZtduuAgRqfoqX8.webp","30 + 2",,"Julius Randle + Dylan Harper","F-C","MIN/SAS","Timberwolves/Spurs","12064915","Single Stat","Single Stat","1607","true","2026-05-15T21:40:00.000-04:00","Assists (Combo)","36","Assists","pre_game",,,"2026-05-13T04:37:37.808-04:00"
,"SAS","C4CED4","San Antonio","Spurs","2026-05-13T00:30:41.346-04:00",,"SAS","Full",,"team",,,"false","2026-05-15T21:30:00.000-04:00","scheduled","MIN","236192","Minnesota","Timberwolves",,"false","false","true","false","NBA","7","7.5","standard","false","25445","https://static.prizepicks.com/images/players/NBA/Jaden_McDaniels_NBA_player_5g61PFxozCBSlBXJV6b3TEWs.webp","3","Minnesota","Jaden McDaniels","F","MIN","Timberwolves","12065635","Single Stat","Single Stat","1608","true","2026-05-15T21:40:00.000-04:00","Rebs+Asts","6","Rebs+Asts","pre_game",,,"2026-05-13T02:41:02.479-04:00"
,"SAS","C4CED4","San Antonio","Spurs","2026-05-13T01:44:26.056-04:00",,"SAS","Full",,"team",,,"false","2026-05-15T21:30:00.000-04:00","scheduled","MIN","236192","Minnesota","Timberwolves",,"false","false","true","false","NBA","7","7.5","standard","false","299532","https://static.prizepicks.com/images/manual/Ayo DosunmuMIN.png","13","Minnesota","Ayo Dosunmu","G","MIN","Timberwolves","12067605","Single Stat","Single Stat","1619","true","2026-05-15T21:40:00.000-04:00","Rebs+Asts","6","Rebs+Asts","pre_game",,,"2026-05-13T12:36:25.542-04:00"
,"SAS","C4CED4","San Antonio","Spurs","2026-05-12T23:04:55.920-04:00",,"MIN","Full",,"team",,,"false","2026-05-15T21:30:00.000-04:00","scheduled","MIN","236192","Minnesota","Timberwolves",,"false","false","true","false","NBA","7","7","standard","false","271607","https://static.prizepicks.com/images/manual/DylanHarper.png","2","San Antonio","Dylan Harper","G","SAS","Spurs","12062327","Single Stat","Single Stat","1620","true","2026-05-15T21:40:00.000-04:00","Rebs+Asts","6","Rebs+Asts","pre_game",,,"2026-05-12T23:06:56.625-04:00"
,"SAS","C4CED4","San Antonio","Spurs","2026-05-12T22:52:49.668-04:00",,"MIN","Full",,"team",,,"false","2026-05-15T21:30:00.000-04:00","scheduled","MIN","236192","Minnesota","Timberwolves",,"false","false","true","false","NBA","7","6.5","standard","false","56347","https://static.prizepicks.com/images/players/NBA/Devin_Vassell_NBA_player_1FsPF0NOGQH4fepI0eeG7MYw.webp","24","San Antonio","Devin Vassell","G-F","SAS","Spurs","12061377","Single Stat","Single Stat","1626","true","2026-05-15T21:40:00.000-04:00","Rebs+Asts","6","Rebs+Asts","pre_game",,,"2026-05-12T23:07:48.397-04:00"
,"SAS","C4CED4","San Antonio","Spurs","2026-05-12T22:53:01.141-04:00",,"MIN","Full",,"team",,,"false","2026-05-15T21:30:00.000-04:00","scheduled","MIN","236192","Minnesota","Timberwolves",,"false","false","true","false","NBA","7","6.5","standard","false","125266","https://static.prizepicks.com/images/players/NBA/Julian_Champagnie_NBA_player_wWXts7QJavucRoRUsMbfxn9.webp","30","San Antonio","Julian Champagnie","F","SAS","Spurs","12061458","Single Stat","Single Stat","1629","true","2026-05-15T21:40:00.000-04:00","Rebs+Asts","6","Rebs+Asts","pre_game",,,"2026-05-12T23:20:55.734-04:00"
,"SAS","C4CED4","San Antonio","Spurs","2026-05-12T22:53:14.714-04:00",,"SAS","Full",,"team",,,"false","2026-05-15T21:30:00.000-04:00","scheduled","MIN","236192","Minnesota","Timberwolves",,"false","false","true","false","NBA","7","6.5","standard","false","87384","https://static.prizepicks.com/images/players/NBA/Rudy_Gobert_NBA_player_2ozGrrcD59T4wVpCbCelKQUm.webp","27","Minnesota","Rudy Gobert","C","MIN","Timberwolves","12061555","Single Stat","Single Stat","1632","true","2026-05-15T21:40:00.000-04:00","Points","2","Points","pre_game",,,"2026-05-12T22:56:12.387-04:00"
,"SAS","C4CED4","San Antonio","Spurs","2026-05-12T22:53:18.516-04:00",,"MIN","Full",,"team",,,"false","2026-05-15T21:30:00.000-04:00","scheduled","MIN","236192","Minnesota","Timberwolves",,"false","false","true","false","NBA","7","6.5","standard","false","217804","https://static.prizepicks.com/images/players/NBA/Stephon_Castle_NBA_player_3nImU3v39rqjCKdKG1wdfekq.webp","5","San Antonio","Stephon Castle","G","SAS","Spurs","12061586","Single Stat","Single Stat","1633","true","2026-05-15T21:40:00.000-04:00","Assists","5","Assists","pre_game",,,"2026-05-12T23:02:14.778-04:00"
,"SAS","C4CED4","San Antonio","Spurs","2026-05-12T22:53:23.533-04:00",,"SAS","Full",,"team",,,"false","2026-05-15T21:30:00.000-04:00","scheduled","MIN","236192","Minnesota","Timberwolves",,"false","false","true","false","NBA","7","6.5","standard","false","228300","https://static.prizepicks.com/images/players/NBA/Terrence_Shannon_NBA_player_v410OHhKlubNpPIQBJMKdfZ.webp","1","Minnesota","Terrence Shannon","G-F","MIN","Timberwolves","12061622","Single Stat","Single Stat","1635","true","2026-05-15T21:40:00.000-04:00","Points","2","Points","pre_game",,,"2026-05-12T22:55:01.604-04:00"
,"SAS","C4CED4","San Antonio","Spurs","2026-05-12T22:52:40.620-04:00",,"MIN","Full",,"team",,,"false","2026-05-15T21:30:00.000-04:00","scheduled","MIN","236192","Minnesota","Timberwolves",,"false","false","true","false","NBA","7","5.5","standard","false","226913","https://static.prizepicks.com/images/players/NBA/De'Aaron_Fox_NBA_player_ey65igBBNutBRz0ibXh85IuZ.webp","4","San Antonio","De'Aaron Fox","G","SAS","Spurs","12061313","Single Stat","Single Stat","1660","true","2026-05-15T21:40:00.000-04:00","Assists","5","Assists","pre_game",,,"2026-05-12T23:03:23.163-04:00"
"false","SAS","C4CED4","San Antonio","Spurs","2026-05-11T23:19:00.000-04:00",,"SAS/MIN","Full",,"combo",,,"false","2026-05-15T21:30:00.000-04:00","scheduled","MIN","236192","Minnesota","Timberwolves",,"false","false","true","false","NBA","7","5","standard","true","316899","https://static.prizepicks.com/images/players/CMBO_group_az78DmChwsSFOgtGDo4YHd1I.webp","5 + 24",,"Anthony Edwards + Devin Vassell","G","MIN/SAS","Timberwolves/Spurs","12064916","Single Stat","Single Stat","1689","true","2026-05-15T21:40:00.000-04:00","3-PT Made (Combo)","33","3PTM","pre_game",,,"2026-05-13T01:59:45.011-04:00"
"false","SAS","C4CED4","San Antonio","Spurs","2026-05-11T23:19:00.000-04:00",,"SAS/MIN","Full",,"combo",,,"false","2026-05-15T21:30:00.000-04:00","scheduled","MIN","236192","Minnesota","Timberwolves",,"false","false","true","false","NBA","7","5","standard","true","316892","https://static.prizepicks.com/images/players/CMBO_group_Kv0T5EX55OtvBxUDG5zXdIgJ.webp","5 + 1",,"Anthony Edwards + Victor Wembanyama","G","MIN/SAS","Timberwolves/Spurs","12064922","Single Stat","Single Stat","1690","true","2026-05-15T21:40:00.000-04:00","3-PT Made (Combo)","33","3PTM","pre_game",,,"2026-05-13T01:18:28.080-04:00"
"false","SAS","C4CED4","San Antonio","Spurs","2026-05-11T23:19:00.000-04:00",,"SAS/MIN","Full",,"combo",,,"false","2026-05-15T21:30:00.000-04:00","scheduled","MIN","236192","Minnesota","Timberwolves",,"false","false","true","false","NBA","7","5","standard","true","316900","https://static.prizepicks.com/images/players/CMBO_group_Hu2nfssq99QKYAqr2IOGfamu.webp","5 + 30",,"Anthony Edwards + Julian Champagnie","G","MIN/SAS","Timberwolves/Spurs","12064940","Single Stat","Single Stat","1691","true","2026-05-15T21:40:00.000-04:00","3-PT Made (Combo)","33","3PTM","pre_game",,,"2026-05-13T04:06:01.896-04:00"
"false","SAS","C4CED4","San Antonio","Spurs","2026-05-11T23:19:00.000-04:00",,"SAS/MIN","Full",,"combo",,,"false","2026-05-15T21:30:00.000-04:00","scheduled","MIN","236192","Minnesota","Timberwolves",,"false","false","true","false","NBA","7","4","standard","true","317820","https://static.prizepicks.com/images/manual/Ayo Dosunmu + Victor Wembanyama.png","13 + 1",,"Ayo Dosunmu + Victor Wembanyama","G","MIN/SAS","Timberwolves/Spurs","12064941","Single Stat","Single Stat","1732","true","2026-05-15T21:40:00.000-04:00","3-PT Made (Combo)","33","3PTM","pre_game",,,"2026-05-13T01:45:58.520-04:00"
"false","SAS","C4CED4","San Antonio","Spurs","2026-05-11T23:19:00.000-04:00",,"SAS/MIN","Full",,"combo",,,"false","2026-05-15T21:30:00.000-04:00","scheduled","MIN","236192","Minnesota","Timberwolves",,"false","false","true","false","NBA","7","4","standard","true","317045","https://static.prizepicks.com/images/players/CMBO_group_ykCHAFhHdiw2uhmxh0RVDfN5.webp","11 + 1",,"Naz Reid + Victor Wembanyama","C-F","MIN/SAS","Timberwolves/Spurs","12064942","Single Stat","Single Stat","1733","true","2026-05-15T21:40:00.000-04:00","3-PT Made (Combo)","33","3PTM","pre_game",,,"2026-05-13T00:14:00.129-04:00"
"false","SAS","C4CED4","San Antonio","Spurs","2026-05-11T23:19:00.000-04:00",,"SAS/MIN","Full",,"combo",,,"false","2026-05-15T21:30:00.000-04:00","scheduled","MIN","236192","Minnesota","Timberwolves",,"false","false","true","false","NBA","7","4","standard","true","317044","https://static.prizepicks.com/images/players/CMBO_group_QYmpv2hQc7AR9gdFLP76G8jz.webp","11 + 30",,"Naz Reid + Julian Champagnie","C-F","MIN/SAS","Timberwolves/Spurs","12064943","Single Stat","Single Stat","1734","true","2026-05-15T21:40:00.000-04:00","3-PT Made (Combo)","33","3PTM","pre_game",,,"2026-05-13T00:29:00.281-04:00"
,"SAS","C4CED4","San Antonio","Spurs","2026-05-12T22:52:36.094-04:00",,"SAS","Full",,"team",,,"false","2026-05-15T21:30:00.000-04:00","scheduled","MIN","236192","Minnesota","Timberwolves",,"false","false","true","false","NBA","7","3.5","standard","false","299532","https://static.prizepicks.com/images/manual/Ayo DosunmuMIN.png","13","Minnesota","Ayo Dosunmu","G","MIN","Timberwolves","12061275","Single Stat","Single Stat","1738","true","2026-05-15T21:40:00.000-04:00","Assists","5","Assists","pre_game",,,"2026-05-13T08:47:27.854-04:00"
,"SAS","C4CED4","San Antonio","Spurs","2026-05-12T22:52:39.169-04:00",,"SAS","Full",,"team",,,"false","2026-05-15T21:30:00.000-04:00","scheduled","MIN","236192","Minnesota","Timberwolves",,"false","false","true","false","NBA","7","3.5","standard","false","299532","https://static.prizepicks.com/images/manual/Ayo DosunmuMIN.png","13","Minnesota","Ayo Dosunmu","G","MIN","Timberwolves","12061301","Single Stat","Single Stat","1739","true","2026-05-15T21:40:00.000-04:00","Rebounds","4","Rebounds","pre_game",,,"2026-05-12T22:57:47.617-04:00"
,"SAS","C4CED4","San Antonio","Spurs","2026-05-13T07:09:32.008-04:00",,"SAS","Full",,"team",,,"false","2026-05-15T21:30:00.000-04:00","scheduled","MIN","236192","Minnesota","Timberwolves",,"false","false","true","false","NBA","7","2.5","standard","false","188017","https://static.prizepicks.com/images/players/NBA/Anthony_Edwards_NBA_player_rhlEP3GCAg5LDJD8uChjFU81.webp","5","Minnesota","Anthony Edwards","G","MIN","Timberwolves","12072889","Single Stat","Single Stat","1824","true","2026-05-15T21:40:00.000-04:00","3-PT Made","7","3PTM","pre_game",,,"2026-05-13T07:15:02.693-04:00"
,"SAS","C4CED4","San Antonio","Spurs","2026-05-13T10:47:52.935-04:00",,"SAS","Full",,"team",,,"false","2026-05-15T21:30:00.000-04:00","scheduled","MIN","236192","Minnesota","Timberwolves",,"false","false","true","false","NBA","7","2.5","standard","false","216422","https://static.prizepicks.com/images/players/NBA/Julius_Randle_NBA_player_wdsPCeOajEY6c6aD3jSNasmp.webp","30","Minnesota","Julius Randle","F-C","MIN","Timberwolves","12076812","Single Stat","Single Stat","1825","true","2026-05-15T21:40:00.000-04:00","Turnovers","20","Turnovers","pre_game",,,"2026-05-13T12:25:06.610-04:00"
,"SAS","C4CED4","San Antonio","Spurs","2026-05-12T22:52:35.693-04:00",,"SAS","Full",,"team",,,"false","2026-05-15T21:30:00.000-04:00","scheduled","MIN","236192","Minnesota","Timberwolves",,"false","false","true","false","NBA","7","1.5","standard","false","299532","https://static.prizepicks.com/images/manual/Ayo DosunmuMIN.png","13","Minnesota","Ayo Dosunmu","G","MIN","Timberwolves","12061270","Single Stat","Single Stat","1829","true","2026-05-15T21:40:00.000-04:00","3-PT Made","7","3PTM","pre_game",,,"2026-05-13T04:02:23.448-04:00"
,"SAS","C4CED4","San Antonio","Spurs","2026-05-13T01:39:09.057-04:00",,"SAS","Full",,"team",,,"false","2026-05-15T21:30:00.000-04:00","scheduled","MIN","236192","Minnesota","Timberwolves",,"false","false","true","false","NBA","7","1.5","standard","false","10787","https://static.prizepicks.com/images/players/NBA/Naz_Reid_NBA_player_aXWF5rxMP0McOCw8Jq9XpFvp.webp","11","Minnesota","Naz Reid","C-F","MIN","Timberwolves","12067475","Single Stat","Single Stat","1867","true","2026-05-15T21:40:00.000-04:00","Turnovers","20","Turnovers","pre_game",,,"2026-05-13T03:38:03.374-04:00"
,"SAS","C4CED4","San Antonio","Spurs","2026-05-13T01:44:32.482-04:00",,"MIN","Full",,"team",,,"false","2026-05-15T21:30:00.000-04:00","scheduled","MIN","236192","Minnesota","Timberwolves",,"false","false","true","false","NBA","7","1.5","standard","false","271607","https://static.prizepicks.com/images/manual/DylanHarper.png","2","San Antonio","Dylan Harper","G","SAS","Spurs","12067634","Single Stat","Single Stat","1870","true","2026-05-15T21:40:00.000-04:00","Turnovers","20","Turnovers","pre_game",,,"2026-05-13T06:20:21.611-04:00"
,"SAS","C4CED4","San Antonio","Spurs","2026-05-13T01:50:01.524-04:00",,"SAS","Full",,"team",,,"false","2026-05-15T21:30:00.000-04:00","scheduled","MIN","236192","Minnesota","Timberwolves",,"false","false","true","false","NBA","7","1.5","standard","false","10787","https://static.prizepicks.com/images/players/NBA/Naz_Reid_NBA_player_aXWF5rxMP0McOCw8Jq9XpFvp.webp","11","Minnesota","Naz Reid","C-F","MIN","Timberwolves","12067827","Single Stat","Single Stat","1876","true","2026-05-15T21:40:00.000-04:00","Blks+Stls","19","Blks+Stls","pre_game",,,"2026-05-13T10:23:32.622-04:00"
,"SAS","C4CED4","San Antonio","Spurs","2026-05-13T01:44:38.205-04:00",,"MIN","Full",,"team",,,"false","2026-05-15T21:30:00.000-04:00","scheduled","MIN","236192","Minnesota","Timberwolves",,"false","false","true","false","NBA","7","0.5","standard","false","55140","https://static.prizepicks.com/images/players/NBA/Keldon_Johnson_NBA_player_ytnN6jT7zYkcukGvVWoYp2zk.webp","3","San Antonio","Keldon Johnson","F-G","SAS","Spurs","12067660","Single Stat","Single Stat","1913","true","2026-05-15T21:40:00.000-04:00","Steals","21","Steals","pre_game",,,"2026-05-13T12:45:04.066-04:00"
,"SAS","C4CED4","San Antonio","Spurs","2026-05-13T02:13:41.460-04:00",,"MIN","Full",,"team",,,"false","2026-05-15T21:30:00.000-04:00","scheduled","MIN","236192","Minnesota","Timberwolves",,"false","false","true","false","NBA","7","0.5","standard","false","125266","https://static.prizepicks.com/images/players/NBA/Julian_Champagnie_NBA_player_wWXts7QJavucRoRUsMbfxn9.webp","30","San Antonio","Julian Champagnie","F","SAS","Spurs","12067963","Single Stat","Single Stat","1919","true","2026-05-15T21:40:00.000-04:00","Turnovers","20","Turnovers","pre_game",,,"2026-05-13T12:04:16.938-04:00"
,"SAS","C4CED4","San Antonio","Spurs","2026-05-13T09:17:29.217-04:00",,"SAS","Full",,"team",,,"false","2026-05-15T21:30:00.000-04:00","scheduled","MIN","236192","Minnesota","Timberwolves",,"false","false","true","false","NBA","7","0.5","standard","false","228300","https://static.prizepicks.com/images/players/NBA/Terrence_Shannon_NBA_player_v410OHhKlubNpPIQBJMKdfZ.webp","1","Minnesota","Terrence Shannon","G-F","MIN","Timberwolves","12074953","Single Stat","Single Stat","1929","true","2026-05-15T21:40:00.000-04:00","Turnovers","20","Turnovers","pre_game",,,"2026-05-13T10:37:17.886-04:00"
