"adjusted_odds","away_team","away_team_color","away_team_market","away_team_name","board_time","custom_image","description","duration","end_time","event_type","flash_line","game_end","game_is_live","game_start","game_status","home_team","home_team_color","home_team_market","home_team_name","hot","in_game","is_live","is_live_scored","is_promo","league","league_id","line","odds_tier","player_combo","player_id","player_image","player_jersey","player_market","player_name","player_position","player_team","player_team_name","projection_id","projection_type","projection_type_name","rank","refundable","start_time","stat","stat_rank","stat_short","status","today","tv_channel","updated_at"
"false","BOS","007A33","Boston","Celtics","2026-04-01T19:10:00.000-04:00",,"BOS/PHI","Full",,"combo",,,"false","2026-04-24T19:00:00.000-04:00","scheduled","PHI","ED174C","Philadelphia","76ers","true","false","false","true","false","NBA","7","53","standard","true","314872","https://static.prizepicks.com/images/players/CMBO_group_Rl2o5LIyq1LojjR5OjUjskXE.webp","0 + 7",,"Tyrese Maxey + Jaylen Brown","G","PHI/BOS","76ers/Celtics","11589206","Single Stat","Single Stat","2","true","2026-04-24T19:10:00.000-04:00","Points (Combo)","19","Points","pre_game","true",,"2026-04-23T16:14:57.525-04:00"
"false","BOS","007A33","Boston","Celtics","2026-04-01T19:10:00.000-04:00",,"BOS/PHI","Full",,"combo",,,"false","2026-04-24T19:00:00.000-04:00","scheduled","PHI","ED174C","Philadelphia","76ers","true","false","false","true","false","NBA","7","50.5","standard","true","314874","https://static.prizepicks.com/images/players/CMBO_group_rHgFtqG2EdHUDNxmwGgMY312.webp","0",,"Tyrese Maxey + Jayson Tatum","G","PHI/BOS","76ers/Celtics","11589330","Single Stat","Single Stat","4","true","2026-04-24T19:10:00.000-04:00","Points (Combo)","19","Points","pre_game","true",,"2026-04-24T10:07:47.312-04:00"
"false","BOS","007A33","Boston","Celtics","2026-04-01T08:11:00.000-04:00",,"PHI","Full",,"team",,,"false","2026-04-24T19:00:00.000-04:00","scheduled","PHI","ED174C","Philadelphia","76ers","true","false","false","true","false","NBA","7","48.5","standard","false","187999","https://static.prizepicks.com/images/players/NBA/Jayson_Tatum_NBA_player_m62yMQl0xSxuv8M28c75TQG0.webp","0","Boston","Jayson Tatum","F-G","BOS","Celtics","11651874","Fantasy Score","Fantasy Score","8","true","2026-04-24T19:10:00.000-04:00","Fantasy Score","6","Fantasy Score","pre_game","true",,"2026-04-24T09:10:55.478-04:00"
"false","BOS","007A33","Boston","Celtics","2026-04-01T08:11:00.000-04:00",,"BOS","Full",,"team",,,"false","2026-04-24T19:00:00.000-04:00","scheduled","PHI","ED174C","Philadelphia","76ers","true","false","false","true","false","NBA","7","44.5","standard","false","188005","https://static.prizepicks.com/images/players/NBA/Tyrese_Maxey_NBA_player_2Em7ba9RgTz4wL2vdHJo0xwR.webp","0","Philadelphia","Tyrese Maxey","G","PHI","76ers","11651896","Fantasy Score","Fantasy Score","17","true","2026-04-24T19:10:00.000-04:00","Fantasy Score","6","Fantasy Score","pre_game","true",,"2026-04-24T09:11:43.134-04:00"
"false","BOS","007A33","Boston","Celtics","2026-04-01T19:10:00.000-04:00",,"BOS/PHI","Full",,"combo",,,"false","2026-04-24T19:00:00.000-04:00","scheduled","PHI","ED174C","Philadelphia","76ers","true","false","false","true","false","NBA","7","41.5","standard","true","314871","https://static.prizepicks.com/images/players/CMBO_group_lcJyShdVZlCXK9tTnwAmjlc1.webp","8 + 0",,"Paul George + Jayson Tatum","F","PHI/BOS","76ers/Celtics","11589196","Single Stat","Single Stat","20","true","2026-04-24T19:10:00.000-04:00","Points (Combo)","19","Points","pre_game","true",,"2026-04-23T17:43:37.664-04:00"
"false","BOS","007A33","Boston","Celtics","2026-04-01T08:11:00.000-04:00",,"PHI","Full",,"team",,,"false","2026-04-24T19:00:00.000-04:00","scheduled","PHI","ED174C","Philadelphia","76ers","true","false","false","true","false","NBA","7","41.5","standard","false","188003","https://static.prizepicks.com/images/players/NBA/Jaylen_Brown_NBA_player_utxCqIIRlnJz1PvPg4Ljnl44.webp","7","Boston","Jaylen Brown","G-F","BOS","Celtics","11651873","Fantasy Score","Fantasy Score","21","true","2026-04-24T19:10:00.000-04:00","Fantasy Score","6","Fantasy Score","pre_game","true",,"2026-04-24T09:11:43.146-04:00"
,"BOS","007A33","Boston","Celtics","2026-04-01T08:11:00.000-04:00",,"PHI","Full",,"team",,,"false","2026-04-24T19:00:00.000-04:00","scheduled","PHI","ED174C","Philadelphia","76ers","true","false","false","true","false","NBA","7","40.5","standard","false","187999","https://static.prizepicks.com/images/players/NBA/Jayson_Tatum_NBA_player_m62yMQl0xSxuv8M28c75TQG0.webp","0","Boston","Jayson Tatum","F-G","BOS","Celtics","11585142","Single Stat","Single Stat","22","true","2026-04-24T19:10:00.000-04:00","Pts+Rebs+Asts","1","PRA","pre_game","true",,"2026-04-24T09:09:21.285-04:00"
,"BOS","007A33","Boston","Celtics","2026-04-01T08:11:00.000-04:00",,"PHI","Full",,"team",,,"false","2026-04-24T19:00:00.000-04:00","scheduled","PHI","ED174C","Philadelphia","76ers","true","false","false","true","false","NBA","7","37.5","standard","false","188003","https://static.prizepicks.com/images/players/NBA/Jaylen_Brown_NBA_player_utxCqIIRlnJz1PvPg4Ljnl44.webp","7","Boston","Jaylen Brown","G-F","BOS","Celtics","11585106","Single Stat","Single Stat","37","true","2026-04-24T19:10:00.000-04:00","Pts+Rebs+Asts","1","PRA","pre_game","true",,"2026-04-24T09:09:21.285-04:00"
,"BOS","007A33","Boston","Celtics","2026-04-01T08:11:00.000-04:00",,"BOS","Full",,"team",,,"false","2026-04-24T19:00:00.000-04:00","scheduled","PHI","ED174C","Philadelphia","76ers","true","false","false","true","false","NBA","7","37.5","standard","false","188005","https://static.prizepicks.com/images/players/NBA/Tyrese_Maxey_NBA_player_2Em7ba9RgTz4wL2vdHJo0xwR.webp","0","Philadelphia","Tyrese Maxey","G","PHI","76ers","11585298","Single Stat","Single Stat","38","true","2026-04-24T19:10:00.000-04:00","Pts+Rebs+Asts","1","PRA","pre_game","true",,"2026-04-24T09:09:21.285-04:00"
,"BOS","007A33","Boston","Celtics","2026-04-23T19:10:00.000-04:00",,"PHI","Full",,"team",,,"false","2026-04-24T19:00:00.000-04:00","scheduled","PHI","ED174C","Philadelphia","76ers","true","false","false","true","false","NBA","7","33.5","standard","false","187999","https://static.prizepicks.com/images/players/NBA/Jayson_Tatum_NBA_player_m62yMQl0xSxuv8M28c75TQG0.webp","0","Boston","Jayson Tatum","F-G","BOS","Celtics","11585138","Single Stat","Single Stat","55","true","2026-04-24T19:10:00.000-04:00","Pts+Rebs","18","Pts+Rebs","pre_game","true",,"2026-04-24T14:15:08.630-04:00"
,"BOS","007A33","Boston","Celtics","2026-04-23T19:10:00.000-04:00",,"BOS","Full",,"team",,,"false","2026-04-24T19:00:00.000-04:00","scheduled","PHI","ED174C","Philadelphia","76ers","true","false","false","true","false","NBA","7","33.5","standard","false","188005","https://static.prizepicks.com/images/players/NBA/Tyrese_Maxey_NBA_player_2Em7ba9RgTz4wL2vdHJo0xwR.webp","0","Philadelphia","Tyrese Maxey","G","PHI","76ers","11585289","Single Stat","Single Stat","56","true","2026-04-24T19:10:00.000-04:00","Pts+Asts","10","Pts+Asts","pre_game","true",,"2026-04-23T23:31:06.164-04:00"
"false","BOS","007A33","Boston","Celtics","2026-04-01T08:11:00.000-04:00",,"BOS","Full",,"team",,,"false","2026-04-24T19:00:00.000-04:00","scheduled","PHI","ED174C","Philadelphia","76ers","true","false","false","true","false","NBA","7","33.5","standard","false","217536","https://static.prizepicks.com/images/players/NBA/Paul_George_NBA_player_H4SFculbifsDYkJeMUCIHqCm.webp","8","Philadelphia","Paul George","F","PHI","76ers","11651891","Fantasy Score","Fantasy Score","57","true","2026-04-24T19:10:00.000-04:00","Fantasy Score","6","Fantasy Score","pre_game","true",,"2026-04-24T09:11:43.158-04:00"
,"BOS","007A33","Boston","Celtics","2026-04-23T19:10:00.000-04:00",,"PHI","Full",,"team",,,"false","2026-04-24T19:00:00.000-04:00","scheduled","PHI","ED174C","Philadelphia","76ers","true","false","false","true","false","NBA","7","32.5","standard","false","188003","https://static.prizepicks.com/images/players/NBA/Jaylen_Brown_NBA_player_utxCqIIRlnJz1PvPg4Ljnl44.webp","7","Boston","Jaylen Brown","G-F","BOS","Celtics","11585101","Single Stat","Single Stat","58","true","2026-04-24T19:10:00.000-04:00","Pts+Rebs","18","Pts+Rebs","pre_game","true",,"2026-04-24T09:48:18.307-04:00"
"false","BOS","007A33","Boston","Celtics","2026-04-01T19:10:00.000-04:00",,"BOS/PHI","Full",,"combo",,,"false","2026-04-24T19:00:00.000-04:00","scheduled","PHI","ED174C","Philadelphia","76ers","true","false","false","true","false","NBA","7","32.5","standard","true","314870","https://static.prizepicks.com/images/players/CMBO_group_L3ckHy8zZjpFVqaCpUkeo8iz.webp","8 + 9",,"Paul George + Derrick White","F","PHI/BOS","76ers/Celtics","11589104","Single Stat","Single Stat","59","true","2026-04-24T19:10:00.000-04:00","Points (Combo)","19","Points","pre_game","true",,"2026-04-23T06:35:00.297-04:00"
,"BOS","007A33","Boston","Celtics","2026-04-23T19:10:00.000-04:00",,"PHI","Full",,"team",,,"false","2026-04-24T19:00:00.000-04:00","scheduled","PHI","ED174C","Philadelphia","76ers","true","false","false","true","false","NBA","7","31.5","standard","false","188003","https://static.prizepicks.com/images/players/NBA/Jaylen_Brown_NBA_player_utxCqIIRlnJz1PvPg4Ljnl44.webp","7","Boston","Jaylen Brown","G-F","BOS","Celtics","11585095","Single Stat","Single Stat","61","true","2026-04-24T19:10:00.000-04:00","Pts+Asts","10","Pts+Asts","pre_game","true",,"2026-04-23T23:30:57.938-04:00"
"false","BOS","007A33","Boston","Celtics","2026-04-01T19:10:00.000-04:00",,"BOS/PHI","Full",,"combo",,,"false","2026-04-24T19:00:00.000-04:00","scheduled","PHI","ED174C","Philadelphia","76ers","true","false","false","true","false","NBA","7","31.5","standard","true","314867","https://static.prizepicks.com/images/players/CMBO_group_DpSENcpgvm4GJH8QfdFhrOC.webp","8 + 11",,"Paul George + Payton Pritchard","F","PHI/BOS","76ers/Celtics","11589099","Single Stat","Single Stat","64","true","2026-04-24T19:10:00.000-04:00","Points (Combo)","19","Points","pre_game","true",,"2026-04-24T13:47:37.770-04:00"
"false","BOS","007A33","Boston","Celtics","2026-04-01T08:11:00.000-04:00",,"PHI","Full",,"team",,,"false","2026-04-24T19:00:00.000-04:00","scheduled","PHI","ED174C","Philadelphia","76ers","true","false","false","true","false","NBA","7","31.5","standard","false","60021","https://static.prizepicks.com/images/players/NBA/Derrick_White_NBA_player_j31gwnz7z94eWcwKbT1RB8J.webp","9","Boston","Derrick White","G","BOS","Celtics","11651872","Fantasy Score","Fantasy Score","65","true","2026-04-24T19:10:00.000-04:00","Fantasy Score","6","Fantasy Score","pre_game","true",,"2026-04-24T09:10:59.113-04:00"
"false","BOS","007A33","Boston","Celtics","2026-04-01T08:11:00.000-04:00",,"BOS","Full",,"team",,,"false","2026-04-24T19:00:00.000-04:00","scheduled","PHI","ED174C","Philadelphia","76ers","true","false","false","true","false","NBA","7","31.5","standard","false","271603","https://static.prizepicks.com/images/manual/VJ_Edgecomb.png","77","Philadelphia","VJ Edgecombe","G","PHI","76ers","11651900","Fantasy Score","Fantasy Score","67","true","2026-04-24T19:10:00.000-04:00","Fantasy Score","6","Fantasy Score","pre_game","true",,"2026-04-24T09:11:43.173-04:00"
,"BOS","007A33","Boston","Celtics","2026-04-23T19:10:00.000-04:00",,"BOS","Full",,"team",,,"false","2026-04-24T19:00:00.000-04:00","scheduled","PHI","ED174C","Philadelphia","76ers","true","false","false","true","false","NBA","7","30.5","standard","false","188005","https://static.prizepicks.com/images/players/NBA/Tyrese_Maxey_NBA_player_2Em7ba9RgTz4wL2vdHJo0xwR.webp","0","Philadelphia","Tyrese Maxey","G","PHI","76ers","11585293","Single Stat","Single Stat","68","true","2026-04-24T19:10:00.000-04:00","Pts+Rebs","18","Pts+Rebs","pre_game","true",,"2026-04-23T23:31:06.164-04:00"
,"BOS","007A33","Boston","Celtics","2026-04-23T19:10:00.000-04:00",,"PHI","Full",,"team",,,"false","2026-04-24T19:00:00.000-04:00","scheduled","PHI","ED174C","Philadelphia","76ers","true","false","false","true","false","NBA","7","29.5","standard","false","187999","https://static.prizepicks.com/images/players/NBA/Jayson_Tatum_NBA_player_m62yMQl0xSxuv8M28c75TQG0.webp","0","Boston","Jayson Tatum","F-G","BOS","Celtics","11585134","Single Stat","Single Stat","79","true","2026-04-24T19:10:00.000-04:00","Pts+Asts","10","Pts+Asts","pre_game","true",,"2026-04-24T13:11:50.161-04:00"
"false","BOS","007A33","Boston","Celtics","2026-04-01T19:10:00.000-04:00",,"BOS/PHI","Full",,"combo",,,"false","2026-04-24T19:00:00.000-04:00","scheduled","PHI","ED174C","Philadelphia","76ers","true","false","false","true","false","NBA","7","29.5","standard","true","314875","https://static.prizepicks.com/images/players/CMBO_group_bISBosqG8QRGEU05APcwrtH9.webp","77 + 9",,"VJ Edgecombe + Derrick White","G","PHI/BOS","76ers/Celtics","11589331","Single Stat","Single Stat","91","true","2026-04-24T19:10:00.000-04:00","Points (Combo)","19","Points","pre_game","true",,"2026-04-24T09:32:07.612-04:00"
"false","BOS","007A33","Boston","Celtics","2026-01-01T19:10:00.000-05:00",,"BOS/PHI","Full",,"combo",,,"false","2026-04-24T19:00:00.000-04:00","scheduled","PHI","ED174C","Philadelphia","76ers","true","false","false","true","false","NBA","7","29","standard","true","314873","https://static.prizepicks.com/images/players/CMBO_group_D6aPly6lQITkJBbCTfVfOcl.webp","77 + 11",,"VJ Edgecombe + Payton Pritchard","G","PHI/BOS","76ers/Celtics","11589290","Single Stat","Single Stat","94","true","2026-04-24T19:10:00.000-04:00","Points (Combo)","19","Points","pre_game","true",,"2026-04-22T23:19:22.690-04:00"
,"BOS","007A33","Boston","Celtics","2026-04-01T08:11:00.000-04:00",,"BOS","Full",,"team",,,"false","2026-04-24T19:00:00.000-04:00","scheduled","PHI","ED174C","Philadelphia","76ers","true","false","false","true","false","NBA","7","27.5","standard","false","217536","https://static.prizepicks.com/images/players/NBA/Paul_George_NBA_player_H4SFculbifsDYkJeMUCIHqCm.webp","8","Philadelphia","Paul George","F","PHI","76ers","11585232","Single Stat","Single Stat","102","true","2026-04-24T19:10:00.000-04:00","Pts+Rebs+Asts","1","PRA","pre_game","true",,"2026-04-24T09:09:21.285-04:00"
"false","BOS","007A33","Boston","Celtics","2026-04-01T19:10:00.000-04:00",,"BOS/PHI","Full",,"combo",,,"false","2026-04-24T19:00:00.000-04:00","scheduled","PHI","ED174C","Philadelphia","76ers","true","false","false","true","false","NBA","7","27.5","standard","true","314876","https://static.prizepicks.com/images/players/CMBO_group_wo6yatHL6uhUcQLUbgTikiiR.webp","9",,"Kelly Oubre + Derrick White","F-G","PHI/BOS","76ers/Celtics","11589332","Single Stat","Single Stat","103","true","2026-04-24T19:10:00.000-04:00","Points (Combo)","19","Points","pre_game","true",,"2026-04-23T13:26:53.098-04:00"
,"BOS","007A33","Boston","Celtics","2026-04-23T19:10:00.000-04:00",,"PHI","Full",,"team",,,"false","2026-04-24T19:00:00.000-04:00","scheduled","PHI","ED174C","Philadelphia","76ers","true","false","false","true","false","NBA","7","26.5","standard","false","188003","https://static.prizepicks.com/images/players/NBA/Jaylen_Brown_NBA_player_utxCqIIRlnJz1PvPg4Ljnl44.webp","7","Boston","Jaylen Brown","G-F","BOS","Celtics","11585091","Single Stat","Single Stat","106","true","2026-04-24T19:10:00.000-04:00","Points","0","Points","pre_game","true",,"2026-04-23T23:30:57.938-04:00"
,"BOS","007A33","Boston","Celtics","2026-04-23T19:10:00.000-04:00",,"BOS","Full",,"team",,,"false","2026-04-24T19:00:00.000-04:00","scheduled","PHI","ED174C","Philadelphia","76ers","true","false","false","true","false","NBA","7","26.5","standard","false","188005","https://static.prizepicks.com/images/players/NBA/Tyrese_Maxey_NBA_player_2Em7ba9RgTz4wL2vdHJo0xwR.webp","0","Philadelphia","Tyrese Maxey","G","PHI","76ers","11585284","Single Stat","Single Stat","107","true","2026-04-24T19:10:00.000-04:00","Points","0","Points","pre_game","true",,"2026-04-24T09:25:34.734-04:00"
,"BOS","007A33","Boston","Celtics","2026-04-01T08:11:00.000-04:00",,"BOS","Full",,"team",,,"false","2026-04-24T19:00:00.000-04:00","scheduled","PHI","ED174C","Philadelphia","76ers","true","false","false","true","false","NBA","7","25.5","standard","false","271603","https://static.prizepicks.com/images/manual/VJ_Edgecomb.png","77","Philadelphia","VJ Edgecombe","G","PHI","76ers","11585338","Single Stat","Single Stat","111","true","2026-04-24T19:10:00.000-04:00","Pts+Rebs+Asts","1","PRA","pre_game","true",,"2026-04-24T09:09:21.285-04:00"
"false","BOS","007A33","Boston","Celtics","2026-04-01T08:11:00.000-04:00",,"BOS","Full",,"team",,,"false","2026-04-24T19:00:00.000-04:00","scheduled","PHI","ED174C","Philadelphia","76ers","true","false","false","true","false","NBA","7","25.5","standard","false","174595","https://static.prizepicks.com/images/players/NBA/Kelly_Oubre_Jr._NBA_player_XUGImHjsqxeRtcBiPgSDXMYm.webp","9","Philadelphia","Kelly Oubre","F-G","PHI","76ers","11651890","Fantasy Score","Fantasy Score","118","true","2026-04-24T19:10:00.000-04:00","Fantasy Score","6","Fantasy Score","pre_game","true",,"2026-04-24T09:12:03.213-04:00"
"false","BOS","007A33","Boston","Celtics","2026-04-01T08:11:00.000-04:00",,"PHI","Full",,"team",,,"false","2026-04-24T19:00:00.000-04:00","scheduled","PHI","ED174C","Philadelphia","76ers","true","false","false","true","false","NBA","7","24.5","standard","false","186551","https://static.prizepicks.com/images/players/NBA/Neemias_Queta_NBA_player_PrhzuamNgCHm5kczjwO8Rg6q.webp","88","Boston","Neemias Queta","C","BOS","Celtics","11651875","Fantasy Score","Fantasy Score","143","true","2026-04-24T19:10:00.000-04:00","Fantasy Score","6","Fantasy Score","pre_game","true",,"2026-04-24T09:10:59.097-04:00"
"false","BOS","007A33","Boston","Celtics","2026-04-01T08:11:00.000-04:00",,"PHI","Full",,"team",,,"false","2026-04-24T19:00:00.000-04:00","scheduled","PHI","ED174C","Philadelphia","76ers","true","false","false","true","false","NBA","7","24.5","standard","false","25443","https://static.prizepicks.com/images/players/NBA/Payton_Pritchard_NBA_player_mETqObZeSRGUv7JuHzL8Roy.webp","11","Boston","Payton Pritchard","G","BOS","Celtics","11651880","Fantasy Score","Fantasy Score","144","true","2026-04-24T19:10:00.000-04:00","Fantasy Score","6","Fantasy Score","pre_game","true",,"2026-04-24T09:17:00.331-04:00"
,"BOS","007A33","Boston","Celtics","2026-04-23T19:10:00.000-04:00",,"PHI","Full",,"team",,,"false","2026-04-24T19:00:00.000-04:00","scheduled","PHI","ED174C","Philadelphia","76ers","true","false","false","true","false","NBA","7","23.5","standard","false","187999","https://static.prizepicks.com/images/players/NBA/Jayson_Tatum_NBA_player_m62yMQl0xSxuv8M28c75TQG0.webp","0","Boston","Jayson Tatum","F-G","BOS","Celtics","11585129","Single Stat","Single Stat","146","true","2026-04-24T19:10:00.000-04:00","Points","0","Points","pre_game","true",,"2026-04-24T10:13:50.218-04:00"
,"BOS","007A33","Boston","Celtics","2026-04-23T19:10:00.000-04:00",,"BOS","Full",,"team",,,"false","2026-04-24T19:00:00.000-04:00","scheduled","PHI","ED174C","Philadelphia","76ers","true","false","false","true","false","NBA","7","23.5","standard","false","217536","https://static.prizepicks.com/images/players/NBA/Paul_George_NBA_player_H4SFculbifsDYkJeMUCIHqCm.webp","8","Philadelphia","Paul George","F","PHI","76ers","11585227","Single Stat","Single Stat","147","true","2026-04-24T19:10:00.000-04:00","Pts+Rebs","18","Pts+Rebs","pre_game","true",,"2026-04-24T10:21:04.389-04:00"
,"BOS","007A33","Boston","Celtics","2026-04-01T08:11:00.000-04:00",,"PHI","Full",,"team",,,"false","2026-04-24T19:00:00.000-04:00","scheduled","PHI","ED174C","Philadelphia","76ers","true","false","false","true","false","NBA","7","22.5","standard","false","60021","https://static.prizepicks.com/images/players/NBA/Derrick_White_NBA_player_j31gwnz7z94eWcwKbT1RB8J.webp","9","Boston","Derrick White","G","BOS","Celtics","11585071","Single Stat","Single Stat","153","true","2026-04-24T19:10:00.000-04:00","Pts+Rebs+Asts","1","PRA","pre_game","true",,"2026-04-24T13:29:06.720-04:00"
,"BOS","007A33","Boston","Celtics","2026-04-23T19:10:00.000-04:00",,"BOS","Full",,"team",,,"false","2026-04-24T19:00:00.000-04:00","scheduled","PHI","ED174C","Philadelphia","76ers","true","false","false","true","false","NBA","7","22.5","standard","false","217536","https://static.prizepicks.com/images/players/NBA/Paul_George_NBA_player_H4SFculbifsDYkJeMUCIHqCm.webp","8","Philadelphia","Paul George","F","PHI","76ers","11585223","Single Stat","Single Stat","154","true","2026-04-24T19:10:00.000-04:00","Pts+Asts","10","Pts+Asts","pre_game","true",,"2026-04-23T23:31:06.164-04:00"
,"BOS","007A33","Boston","Celtics","2026-04-01T08:11:00.000-04:00",,"BOS","Full",,"team",,,"false","2026-04-24T19:00:00.000-04:00","scheduled","PHI","ED174C","Philadelphia","76ers","true","false","false","true","false","NBA","7","22.5","standard","false","188005","https://static.prizepicks.com/images/players/NBA/Tyrese_Maxey_NBA_player_2Em7ba9RgTz4wL2vdHJo0xwR.webp","0","Philadelphia","Tyrese Maxey","G","PHI","76ers","11592573","Single Stat","Single Stat","158","true","2026-04-24T19:10:00.000-04:00","FG Attempted","12","FG Attempted","pre_game","true",,"2026-04-24T13:45:39.398-04:00"
"false","BOS","007A33","Boston","Celtics","2026-04-01T08:11:00.000-04:00",,"BOS","Full",,"team",,,"false","2026-04-24T19:00:00.000-04:00","scheduled","PHI","ED174C","Philadelphia","76ers","true","false","false","true","false","NBA","7","22.5","standard","false","87376","https://static.prizepicks.com/images/players/NBA/Andre_Drummond_NBA_player_yTx85rs0OpaJusfrmRBYIAaa.webp","1","Philadelphia","Andre Drummond","C","PHI","76ers","11651884","Fantasy Score","Fantasy Score","161","true","2026-04-24T19:10:00.000-04:00","Fantasy Score","6","Fantasy Score","pre_game","true",,"2026-04-24T09:12:35.220-04:00"
,"BOS","007A33","Boston","Celtics","2026-04-23T19:10:00.000-04:00",,"BOS","Full",,"team",,,"false","2026-04-24T19:00:00.000-04:00","scheduled","PHI","ED174C","Philadelphia","76ers","true","false","false","true","false","NBA","7","21.5","standard","false","271603","https://static.prizepicks.com/images/manual/VJ_Edgecomb.png","77","Philadelphia","VJ Edgecombe","G","PHI","76ers","11585334","Single Stat","Single Stat","164","true","2026-04-24T19:10:00.000-04:00","Pts+Rebs","18","Pts+Rebs","pre_game","true",,"2026-04-23T23:31:06.164-04:00"
,"BOS","007A33","Boston","Celtics","2026-04-01T08:11:00.000-04:00",,"BOS","Full",,"team",,,"false","2026-04-24T19:00:00.000-04:00","scheduled","PHI","ED174C","Philadelphia","76ers","true","false","false","true","false","NBA","7","20.5","standard","false","174595","https://static.prizepicks.com/images/players/NBA/Kelly_Oubre_Jr._NBA_player_XUGImHjsqxeRtcBiPgSDXMYm.webp","9","Philadelphia","Kelly Oubre","F-G","PHI","76ers","11585171","Single Stat","Single Stat","169","true","2026-04-24T19:10:00.000-04:00","Pts+Rebs+Asts","1","PRA","pre_game","true",,"2026-04-24T09:09:21.285-04:00"
,"BOS","007A33","Boston","Celtics","2026-04-01T08:11:00.000-04:00",,"PHI","Full",,"team",,,"false","2026-04-24T19:00:00.000-04:00","scheduled","PHI","ED174C","Philadelphia","76ers","true","false","false","true","false","NBA","7","20.5","standard","false","25443","https://static.prizepicks.com/images/players/NBA/Payton_Pritchard_NBA_player_mETqObZeSRGUv7JuHzL8Roy.webp","11","Boston","Payton Pritchard","G","BOS","Celtics","11585996","Single Stat","Single Stat","170","true","2026-04-24T19:10:00.000-04:00","Pts+Rebs+Asts","1","PRA","pre_game","true",,"2026-04-24T09:09:21.285-04:00"
"false","BOS","007A33","Boston","Celtics","2026-04-01T08:11:00.000-04:00",,"PHI","Full",,"team",,,"false","2026-04-24T19:00:00.000-04:00","scheduled","PHI","ED174C","Philadelphia","76ers","true","false","false","true","false","NBA","7","20","standard","false","188003","https://static.prizepicks.com/images/players/NBA/Jaylen_Brown_NBA_player_utxCqIIRlnJz1PvPg4Ljnl44.webp","7","Boston","Jaylen Brown","G-F","BOS","Celtics","11651777","Single Stat","Single Stat","178","true","2026-04-24T19:10:00.000-04:00","FG Attempted","12","FG Attempted","pre_game","true",,"2026-04-24T08:56:02.067-04:00"
,"BOS","007A33","Boston","Celtics","2026-04-23T19:10:00.000-04:00",,"BOS","Full",,"team",,,"false","2026-04-24T19:00:00.000-04:00","scheduled","PHI","ED174C","Philadelphia","76ers","true","false","false","true","false","NBA","7","19.5","standard","false","271603","https://static.prizepicks.com/images/manual/VJ_Edgecomb.png","77","Philadelphia","VJ Edgecombe","G","PHI","76ers","11585330","Single Stat","Single Stat","192","true","2026-04-24T19:10:00.000-04:00","Pts+Asts","10","Pts+Asts","pre_game","true",,"2026-04-23T23:31:06.164-04:00"
,"BOS","007A33","Boston","Celtics","2026-04-23T19:10:00.000-04:00",,"PHI","Full",,"team",,,"false","2026-04-24T19:00:00.000-04:00","scheduled","PHI","ED174C","Philadelphia","76ers","true","false","false","true","false","NBA","7","18.5","standard","false","60021","https://static.prizepicks.com/images/players/NBA/Derrick_White_NBA_player_j31gwnz7z94eWcwKbT1RB8J.webp","9","Boston","Derrick White","G","BOS","Celtics","11585065","Single Stat","Single Stat","206","true","2026-04-24T19:10:00.000-04:00","Pts+Asts","10","Pts+Asts","pre_game","true",,"2026-04-24T08:47:02.683-04:00"
,"BOS","007A33","Boston","Celtics","2026-04-23T19:10:00.000-04:00",,"PHI","Full",,"team",,,"false","2026-04-24T19:00:00.000-04:00","scheduled","PHI","ED174C","Philadelphia","76ers","true","false","false","true","false","NBA","7","18.5","standard","false","60021","https://static.prizepicks.com/images/players/NBA/Derrick_White_NBA_player_j31gwnz7z94eWcwKbT1RB8J.webp","9","Boston","Derrick White","G","BOS","Celtics","11585068","Single Stat","Single Stat","207","true","2026-04-24T19:10:00.000-04:00","Pts+Rebs","18","Pts+Rebs","pre_game","true",,"2026-04-23T23:30:57.938-04:00"
,"BOS","007A33","Boston","Celtics","2026-04-23T19:10:00.000-04:00",,"BOS","Full",,"team",,,"false","2026-04-24T19:00:00.000-04:00","scheduled","PHI","ED174C","Philadelphia","76ers","true","false","false","true","false","NBA","7","18.5","standard","false","174595","https://static.prizepicks.com/images/players/NBA/Kelly_Oubre_Jr._NBA_player_XUGImHjsqxeRtcBiPgSDXMYm.webp","9","Philadelphia","Kelly Oubre","F-G","PHI","76ers","11585167","Single Stat","Single Stat","208","true","2026-04-24T19:10:00.000-04:00","Pts+Rebs","18","Pts+Rebs","pre_game","true",,"2026-04-24T08:42:24.991-04:00"
,"BOS","007A33","Boston","Celtics","2026-04-01T08:11:00.000-04:00",,"PHI","Full",,"team",,,"false","2026-04-24T19:00:00.000-04:00","scheduled","PHI","ED174C","Philadelphia","76ers","true","false","false","true","false","NBA","7","18.5","standard","false","186551","https://static.prizepicks.com/images/players/NBA/Neemias_Queta_NBA_player_PrhzuamNgCHm5kczjwO8Rg6q.webp","88","Boston","Neemias Queta","C","BOS","Celtics","11585199","Single Stat","Single Stat","209","true","2026-04-24T19:10:00.000-04:00","Pts+Rebs+Asts","1","PRA","pre_game","true",,"2026-04-24T09:09:21.285-04:00"
,"BOS","007A33","Boston","Celtics","2026-04-23T19:10:00.000-04:00",,"BOS","Full",,"team",,,"false","2026-04-24T19:00:00.000-04:00","scheduled","PHI","ED174C","Philadelphia","76ers","true","false","false","true","false","NBA","7","18.5","standard","false","217536","https://static.prizepicks.com/images/players/NBA/Paul_George_NBA_player_H4SFculbifsDYkJeMUCIHqCm.webp","8","Philadelphia","Paul George","F","PHI","76ers","11585218","Single Stat","Single Stat","210","true","2026-04-24T19:10:00.000-04:00","Points","0","Points","pre_game","true",,"2026-04-23T23:31:06.164-04:00"
"false","BOS","007A33","Boston","Celtics","2026-04-21T19:49:00.000-04:00",,"BOS/PHI","Full",,"combo",,,"false","2026-04-24T19:00:00.000-04:00","scheduled","PHI","ED174C","Philadelphia","76ers","true","false","false","true","false","NBA","7","18.5","standard","true","315027","https://static.prizepicks.com/images/players/CMBO_group_xM6PMpxJWWnhoFv3BQiBZXbI.webp","1 + 0",,"Andre Drummond + Jayson Tatum","C","PHI/BOS","76ers/Celtics","11614711","Single Stat","Single Stat","214","true","2026-04-24T19:10:00.000-04:00","Rebounds (Combo)","10","Rebounds","pre_game","true",,"2026-04-22T21:52:42.001-04:00"
"false","BOS","007A33","Boston","Celtics","2026-04-01T08:11:00.000-04:00",,"PHI","Full",,"team",,,"false","2026-04-24T19:00:00.000-04:00","scheduled","PHI","ED174C","Philadelphia","76ers","true","false","false","true","false","NBA","7","18.5","standard","false","299054","https://static.prizepicks.com/images/manual/Nikola Vučević.png","4","Boston","Nikola Vučević","C","BOS","Celtics","11651877","Fantasy Score","Fantasy Score","219","true","2026-04-24T19:10:00.000-04:00","Fantasy Score","6","Fantasy Score","pre_game","true",,"2026-04-24T09:16:19.170-04:00"
,"BOS","007A33","Boston","Celtics","2026-04-23T19:10:00.000-04:00",,"PHI","Full",,"team",,,"false","2026-04-24T19:00:00.000-04:00","scheduled","PHI","ED174C","Philadelphia","76ers","true","false","false","true","false","NBA","7","17.5","standard","false","186551","https://static.prizepicks.com/images/players/NBA/Neemias_Queta_NBA_player_PrhzuamNgCHm5kczjwO8Rg6q.webp","88","Boston","Neemias Queta","C","BOS","Celtics","11585196","Single Stat","Single Stat","225","true","2026-04-24T19:10:00.000-04:00","Pts+Rebs","18","Pts+Rebs","pre_game","true",,"2026-04-24T10:20:25.220-04:00"
,"BOS","007A33","Boston","Celtics","2026-04-23T19:10:00.000-04:00",,"PHI","Full",,"team",,,"false","2026-04-24T19:00:00.000-04:00","scheduled","PHI","ED174C","Philadelphia","76ers","true","false","false","true","false","NBA","7","17.5","standard","false","25443","https://static.prizepicks.com/images/players/NBA/Payton_Pritchard_NBA_player_mETqObZeSRGUv7JuHzL8Roy.webp","11","Boston","Payton Pritchard","G","BOS","Celtics","11585988","Single Stat","Single Stat","229","true","2026-04-24T19:10:00.000-04:00","Pts+Asts","10","Pts+Asts","pre_game","true",,"2026-04-23T23:30:57.938-04:00"
"false","BOS","007A33","Boston","Celtics","2026-04-01T08:11:00.000-04:00",,"PHI","Full",,"team",,,"false","2026-04-24T19:00:00.000-04:00","scheduled","PHI","ED174C","Philadelphia","76ers","true","false","false","true","false","NBA","7","17.5","standard","false","187999","https://static.prizepicks.com/images/players/NBA/Jayson_Tatum_NBA_player_m62yMQl0xSxuv8M28c75TQG0.webp","0","Boston","Jayson Tatum","F-G","BOS","Celtics","11651778","Single Stat","Single Stat","237","true","2026-04-24T19:10:00.000-04:00","FG Attempted","12","FG Attempted","pre_game","true",,"2026-04-24T13:45:39.418-04:00"
,"BOS","007A33","Boston","Celtics","2026-04-23T19:10:00.000-04:00",,"PHI","Full",,"team",,,"false","2026-04-24T19:00:00.000-04:00","scheduled","PHI","ED174C","Philadelphia","76ers","true","false","false","true","false","NBA","7","16.5","standard","false","187999","https://static.prizepicks.com/images/players/NBA/Jayson_Tatum_NBA_player_m62yMQl0xSxuv8M28c75TQG0.webp","0","Boston","Jayson Tatum","F-G","BOS","Celtics","11585152","Single Stat","Single Stat","238","true","2026-04-24T19:10:00.000-04:00","Rebs+Asts","7","Rebs+Asts","pre_game","true",,"2026-04-24T14:02:50.955-04:00"
,"BOS","007A33","Boston","Celtics","2026-04-23T19:10:00.000-04:00",,"PHI","Full",,"team",,,"false","2026-04-24T19:00:00.000-04:00","scheduled","PHI","ED174C","Philadelphia","76ers","true","false","false","true","false","NBA","7","16.5","standard","false","25443","https://static.prizepicks.com/images/players/NBA/Payton_Pritchard_NBA_player_mETqObZeSRGUv7JuHzL8Roy.webp","11","Boston","Payton Pritchard","G","BOS","Celtics","11585992","Single Stat","Single Stat","239","true","2026-04-24T19:10:00.000-04:00","Pts+Rebs","18","Pts+Rebs","pre_game","true",,"2026-04-23T23:30:57.938-04:00"
,"BOS","007A33","Boston","Celtics","2026-04-01T08:11:00.000-04:00",,"BOS","Full",,"team",,,"false","2026-04-24T19:00:00.000-04:00","scheduled","PHI","ED174C","Philadelphia","76ers","true","false","false","true","false","NBA","7","16.5","standard","false","87376","https://static.prizepicks.com/images/players/NBA/Andre_Drummond_NBA_player_yTx85rs0OpaJusfrmRBYIAaa.webp","1","Philadelphia","Andre Drummond","C","PHI","76ers","11617507","Single Stat","Single Stat","246","true","2026-04-24T19:10:00.000-04:00","Pts+Rebs+Asts","1","PRA","pre_game","true",,"2026-04-24T09:09:21.285-04:00"
"false","BOS","007A33","Boston","Celtics","2026-04-01T08:11:00.000-04:00",,"PHI","Full",,"team",,,"false","2026-04-24T19:00:00.000-04:00","scheduled","PHI","ED174C","Philadelphia","76ers","true","false","false","true","false","NBA","7","16.5","standard","false","85744","https://static.prizepicks.com/images/players/NBA/Sam_Hauser_NBA_player_HO74M8ygKdc0YDcjRveTWVHw.webp","30","Boston","Sam Hauser","F","BOS","Celtics","11651882","Fantasy Score","Fantasy Score","250","true","2026-04-24T19:10:00.000-04:00","Fantasy Score","6","Fantasy Score","pre_game","true",,"2026-04-24T09:14:31.006-04:00"
,"BOS","007A33","Boston","Celtics","2026-04-23T19:10:00.000-04:00",,"BOS","Full",,"team",,,"false","2026-04-24T19:00:00.000-04:00","scheduled","PHI","ED174C","Philadelphia","76ers","true","false","false","true","false","NBA","7","15.5","standard","false","271603","https://static.prizepicks.com/images/manual/VJ_Edgecomb.png","77","Philadelphia","VJ Edgecombe","G","PHI","76ers","11585326","Single Stat","Single Stat","251","true","2026-04-24T19:10:00.000-04:00","Points","0","Points","pre_game","true",,"2026-04-23T23:31:06.164-04:00"
"false","BOS","007A33","Boston","Celtics","2026-04-21T19:49:00.000-04:00",,"BOS/PHI","Full",,"combo",,,"false","2026-04-24T19:00:00.000-04:00","scheduled","PHI","ED174C","Philadelphia","76ers","true","false","false","true","false","NBA","7","15.5","standard","true","315026","https://static.prizepicks.com/images/players/CMBO_group_mgXlfuxdEjAOvZKWu3KK1zZI.webp","1 + 88",,"Andre Drummond + Neemias Queta","C","PHI/BOS","76ers/Celtics","11614710","Single Stat","Single Stat","255","true","2026-04-24T19:10:00.000-04:00","Rebounds (Combo)","10","Rebounds","pre_game","true",,"2026-04-23T00:25:36.760-04:00"
,"BOS","007A33","Boston","Celtics","2026-04-01T08:11:00.000-04:00",,"BOS","Full",,"team",,,"false","2026-04-24T19:00:00.000-04:00","scheduled","PHI","ED174C","Philadelphia","76ers","true","false","false","true","false","NBA","7","15","standard","false","271603","https://static.prizepicks.com/images/manual/VJ_Edgecomb.png","77","Philadelphia","VJ Edgecombe","G","PHI","76ers","11592582","Single Stat","Single Stat","261","true","2026-04-24T19:10:00.000-04:00","FG Attempted","12","FG Attempted","pre_game","true",,"2026-04-24T08:13:09.053-04:00"
"false","BOS","007A33","Boston","Celtics","2026-04-01T08:11:00.000-04:00",,"BOS","Full",,"team",,,"false","2026-04-24T19:00:00.000-04:00","scheduled","PHI","ED174C","Philadelphia","76ers","true","false","false","true","false","NBA","7","15","standard","false","217536","https://static.prizepicks.com/images/players/NBA/Paul_George_NBA_player_H4SFculbifsDYkJeMUCIHqCm.webp","8","Philadelphia","Paul George","F","PHI","76ers","11651785","Single Stat","Single Stat","262","true","2026-04-24T19:10:00.000-04:00","FG Attempted","12","FG Attempted","pre_game","true",,"2026-04-24T09:02:37.108-04:00"
,"BOS","007A33","Boston","Celtics","2026-04-23T19:10:00.000-04:00",,"BOS","Full",,"team",,,"false","2026-04-24T19:00:00.000-04:00","scheduled","PHI","ED174C","Philadelphia","76ers","true","false","false","true","false","NBA","7","14.5","standard","false","174595","https://static.prizepicks.com/images/players/NBA/Kelly_Oubre_Jr._NBA_player_XUGImHjsqxeRtcBiPgSDXMYm.webp","9","Philadelphia","Kelly Oubre","F-G","PHI","76ers","11585165","Single Stat","Single Stat","267","true","2026-04-24T19:10:00.000-04:00","Pts+Asts","10","Pts+Asts","pre_game","true",,"2026-04-23T23:31:06.164-04:00"
,"BOS","007A33","Boston","Celtics","2026-04-01T08:11:00.000-04:00",,"PHI","Full",,"team",,,"false","2026-04-24T19:00:00.000-04:00","scheduled","PHI","ED174C","Philadelphia","76ers","true","false","false","true","false","NBA","7","14.5","standard","false","188003","https://static.prizepicks.com/images/players/NBA/Jaylen_Brown_NBA_player_utxCqIIRlnJz1PvPg4Ljnl44.webp","7","Boston","Jaylen Brown","G-F","BOS","Celtics","11592490","Single Stat","Single Stat","284","true","2026-04-24T19:10:00.000-04:00","Two Pointers Attempted","1000","2-PT Att","pre_game","true",,"2026-04-24T08:13:51.819-04:00"
,"BOS","007A33","Boston","Celtics","2026-04-01T08:11:00.000-04:00",,"BOS","Full",,"team",,,"false","2026-04-24T19:00:00.000-04:00","scheduled","PHI","ED174C","Philadelphia","76ers","true","false","false","true","false","NBA","7","14.5","standard","false","188005","https://static.prizepicks.com/images/players/NBA/Tyrese_Maxey_NBA_player_2Em7ba9RgTz4wL2vdHJo0xwR.webp","0","Philadelphia","Tyrese Maxey","G","PHI","76ers","11597143","Single Stat","Single Stat","289","true","2026-04-24T19:10:00.000-04:00","Two Pointers Attempted","1000","2-PT Att","pre_game","true",,"2026-04-24T08:46:00.809-04:00"
,"BOS","007A33","Boston","Celtics","2026-04-23T19:10:00.000-04:00",,"BOS","Full",,"team",,,"false","2026-04-24T19:00:00.000-04:00","scheduled","PHI","ED174C","Philadelphia","76ers","true","false","false","true","false","NBA","7","14.5","standard","false","87376","https://static.prizepicks.com/images/players/NBA/Andre_Drummond_NBA_player_yTx85rs0OpaJusfrmRBYIAaa.webp","1","Philadelphia","Andre Drummond","C","PHI","76ers","11600552","Single Stat","Single Stat","290","true","2026-04-24T19:10:00.000-04:00","Pts+Rebs","18","Pts+Rebs","pre_game","true",,"2026-04-23T23:31:06.164-04:00"
,"BOS","007A33","Boston","Celtics","2026-04-01T08:11:00.000-04:00",,"PHI","Full",,"team",,,"false","2026-04-24T19:00:00.000-04:00","scheduled","PHI","ED174C","Philadelphia","76ers","true","false","false","true","false","NBA","7","14.5","standard","false","299054","https://static.prizepicks.com/images/manual/Nikola Vučević.png","4","Boston","Nikola Vučević","C","BOS","Celtics","11617318","Single Stat","Single Stat","292","true","2026-04-24T19:10:00.000-04:00","Pts+Rebs+Asts","1","PRA","pre_game","true",,"2026-04-24T09:09:21.285-04:00"
,"BOS","007A33","Boston","Celtics","2026-04-23T19:10:00.000-04:00",,"PHI","Full",,"team",,,"false","2026-04-24T19:00:00.000-04:00","scheduled","PHI","ED174C","Philadelphia","76ers","true","false","false","true","false","NBA","7","14","standard","false","60021","https://static.prizepicks.com/images/players/NBA/Derrick_White_NBA_player_j31gwnz7z94eWcwKbT1RB8J.webp","9","Boston","Derrick White","G","BOS","Celtics","11585061","Single Stat","Single Stat","300","true","2026-04-24T19:10:00.000-04:00","Points","0","Points","pre_game","true",,"2026-04-23T23:30:57.938-04:00"
"false","BOS","007A33","Boston","Celtics","2026-04-21T19:49:00.000-04:00",,"BOS/PHI","Full",,"combo",,,"false","2026-04-24T19:00:00.000-04:00","scheduled","PHI","ED174C","Philadelphia","76ers","true","false","false","true","false","NBA","7","14","standard","true","315028","https://static.prizepicks.com/images/players/CMBO_group_QWqbdaFEq4EF9633OsOYknH8.webp","1 + 7",,"Andre Drummond + Jaylen Brown","C","PHI/BOS","76ers/Celtics","11614712","Single Stat","Single Stat","301","true","2026-04-24T19:10:00.000-04:00","Rebounds (Combo)","10","Rebounds","pre_game","true",,"2026-04-23T21:40:48.001-04:00"
,"BOS","007A33","Boston","Celtics","2026-04-23T19:10:00.000-04:00",,"BOS","Full",,"team",,,"false","2026-04-24T19:00:00.000-04:00","scheduled","PHI","ED174C","Philadelphia","76ers","true","false","false","true","false","NBA","7","13.5","standard","false","174595","https://static.prizepicks.com/images/players/NBA/Kelly_Oubre_Jr._NBA_player_XUGImHjsqxeRtcBiPgSDXMYm.webp","9","Philadelphia","Kelly Oubre","F-G","PHI","76ers","11585161","Single Stat","Single Stat","304","true","2026-04-24T19:10:00.000-04:00","Points","0","Points","pre_game","true",,"2026-04-24T12:56:49.871-04:00"
,"BOS","007A33","Boston","Celtics","2026-04-01T08:11:00.000-04:00",,"PHI","Full",,"team",,,"false","2026-04-24T19:00:00.000-04:00","scheduled","PHI","ED174C","Philadelphia","76ers","true","false","false","true","false","NBA","7","13.5","standard","false","85744","https://static.prizepicks.com/images/players/NBA/Sam_Hauser_NBA_player_HO74M8ygKdc0YDcjRveTWVHw.webp","30","Boston","Sam Hauser","F","BOS","Celtics","11585263","Single Stat","Single Stat","305","true","2026-04-24T19:10:00.000-04:00","Pts+Rebs+Asts","1","PRA","pre_game","true",,"2026-04-24T09:09:21.285-04:00"
,"BOS","007A33","Boston","Celtics","2026-04-23T19:10:00.000-04:00",,"PHI","Full",,"team",,,"false","2026-04-24T19:00:00.000-04:00","scheduled","PHI","ED174C","Philadelphia","76ers","true","false","false","true","false","NBA","7","13.5","standard","false","25443","https://static.prizepicks.com/images/players/NBA/Payton_Pritchard_NBA_player_mETqObZeSRGUv7JuHzL8Roy.webp","11","Boston","Payton Pritchard","G","BOS","Celtics","11585984","Single Stat","Single Stat","306","true","2026-04-24T19:10:00.000-04:00","Points","0","Points","pre_game","true",,"2026-04-23T23:30:57.938-04:00"
"false","BOS","007A33","Boston","Celtics","2026-04-21T19:49:00.000-04:00",,"BOS/PHI","Full",,"combo",,,"false","2026-04-24T19:00:00.000-04:00","scheduled","PHI","ED174C","Philadelphia","76ers","true","false","false","true","false","NBA","7","13.5","standard","true","314877","https://static.prizepicks.com/images/players/CMBO_group_6j1OjUoHXIQHxz3LBd3Y3oKy.webp","77 + 88",,"VJ Edgecombe + Neemias Queta","G","PHI/BOS","76ers/Celtics","11589338","Single Stat","Single Stat","308","true","2026-04-24T19:10:00.000-04:00","Rebounds (Combo)","10","Rebounds","pre_game","true",,"2026-04-22T20:26:18.582-04:00"
"false","BOS","007A33","Boston","Celtics","2026-04-21T19:49:00.000-04:00",,"BOS/PHI","Full",,"combo",,,"false","2026-04-24T19:00:00.000-04:00","scheduled","PHI","ED174C","Philadelphia","76ers","true","false","false","true","false","NBA","7","13.5","standard","true","315029","https://static.prizepicks.com/images/players/CMBO_group_f2dJQnE5MjgQky5KOqFy8iWE.webp","9 + 88",,"Kelly Oubre + Neemias Queta","F-G","PHI/BOS","76ers/Celtics","11614713","Single Stat","Single Stat","310","true","2026-04-24T19:10:00.000-04:00","Rebounds (Combo)","10","Rebounds","pre_game","true",,"2026-04-23T13:17:06.629-04:00"
"false","BOS","007A33","Boston","Celtics","2026-04-01T08:11:00.000-04:00",,"BOS","Full",,"team",,,"false","2026-04-24T19:00:00.000-04:00","scheduled","PHI","ED174C","Philadelphia","76ers","true","false","false","true","false","NBA","7","13.5","standard","false","228006","https://static.prizepicks.com/images/manual/Quentin_Grimes.png","5","Philadelphia","Quentin Grimes","G","PHI","76ers","11651893","Fantasy Score","Fantasy Score","316","true","2026-04-24T19:10:00.000-04:00","Fantasy Score","6","Fantasy Score","pre_game","true",,"2026-04-24T10:31:22.740-04:00"
,"BOS","007A33","Boston","Celtics","2026-04-23T19:10:00.000-04:00",,"PHI","Full",,"team",,,"false","2026-04-24T19:00:00.000-04:00","scheduled","PHI","ED174C","Philadelphia","76ers","true","false","false","true","false","NBA","7","13","standard","false","299054","https://static.prizepicks.com/images/manual/Nikola Vučević.png","4","Boston","Nikola Vučević","C","BOS","Celtics","11593731","Single Stat","Single Stat","317","true","2026-04-24T19:10:00.000-04:00","Pts+Rebs","18","Pts+Rebs","pre_game","true",,"2026-04-24T00:20:50.946-04:00"
"false","BOS","007A33","Boston","Celtics","2026-04-01T19:10:00.000-04:00",,"BOS/PHI","Full",,"combo",,,"false","2026-04-24T19:00:00.000-04:00","scheduled","PHI","ED174C","Philadelphia","76ers","true","false","false","true","false","NBA","7","12.5","standard","true","314874","https://static.prizepicks.com/images/players/CMBO_group_rHgFtqG2EdHUDNxmwGgMY312.webp","0",,"Tyrese Maxey + Jayson Tatum","G","PHI/BOS","76ers/Celtics","11589339","Single Stat","Single Stat","319","true","2026-04-24T19:10:00.000-04:00","Assists (Combo)","10","Assists","pre_game","true",,"2026-04-22T02:02:42.417-04:00"
,"BOS","007A33","Boston","Celtics","2026-04-23T19:10:00.000-04:00",,"PHI","Full",,"team",,,"false","2026-04-24T19:00:00.000-04:00","scheduled","PHI","ED174C","Philadelphia","76ers","true","false","false","true","false","NBA","7","12","standard","false","85744","https://static.prizepicks.com/images/players/NBA/Sam_Hauser_NBA_player_HO74M8ygKdc0YDcjRveTWVHw.webp","30","Boston","Sam Hauser","F","BOS","Celtics","11585259","Single Stat","Single Stat","327","true","2026-04-24T19:10:00.000-04:00","Pts+Rebs","18","Pts+Rebs","pre_game","true",,"2026-04-24T13:15:33.702-04:00"
,"BOS","007A33","Boston","Celtics","2026-04-01T08:11:00.000-04:00",,"PHI","Full",,"team",,,"false","2026-04-24T19:00:00.000-04:00","scheduled","PHI","ED174C","Philadelphia","76ers","true","false","false","true","false","NBA","7","11.5","standard","false","60021","https://static.prizepicks.com/images/players/NBA/Derrick_White_NBA_player_j31gwnz7z94eWcwKbT1RB8J.webp","9","Boston","Derrick White","G","BOS","Celtics","11592469","Single Stat","Single Stat","345","true","2026-04-24T19:10:00.000-04:00","FG Attempted","12","FG Attempted","pre_game","true",,"2026-04-24T12:02:04.739-04:00"
,"BOS","007A33","Boston","Celtics","2026-04-01T08:11:00.000-04:00",,"BOS","Full",,"team",,,"false","2026-04-24T19:00:00.000-04:00","scheduled","PHI","ED174C","Philadelphia","76ers","true","false","false","true","false","NBA","7","11.5","standard","false","228006","https://static.prizepicks.com/images/manual/Quentin_Grimes.png","5","Philadelphia","Quentin Grimes","G","PHI","76ers","11617330","Single Stat","Single Stat","353","true","2026-04-24T19:10:00.000-04:00","Pts+Rebs+Asts","1","PRA","pre_game","true",,"2026-04-24T13:24:41.532-04:00"
,"BOS","007A33","Boston","Celtics","2026-04-01T08:11:00.000-04:00",,"BOS","Full",,"team",,,"false","2026-04-24T19:00:00.000-04:00","scheduled","PHI","ED174C","Philadelphia","76ers","true","false","false","true","false","NBA","7","11.5","standard","false","174595","https://static.prizepicks.com/images/players/NBA/Kelly_Oubre_Jr._NBA_player_XUGImHjsqxeRtcBiPgSDXMYm.webp","9","Philadelphia","Kelly Oubre","F-G","PHI","76ers","11630290","Single Stat","Single Stat","356","true","2026-04-24T19:10:00.000-04:00","FG Attempted","12","FG Attempted","pre_game","true",,"2026-04-24T08:13:09.053-04:00"
"false","BOS","007A33","Boston","Celtics","2026-04-01T08:11:00.000-04:00",,"BOS","Full",,"team",,,"false","2026-04-24T19:00:00.000-04:00","scheduled","PHI","ED174C","Philadelphia","76ers","true","false","false","true","false","NBA","7","11.5","standard","false","226663","https://static.prizepicks.com/images/players/NBA/Justin_Edwards_NBA_player_gSWhc1qNXvNcrbGrHE11WfGs.webp","11","Philadelphia","Justin Edwards","F","PHI","76ers","11651887","Fantasy Score","Fantasy Score","360","true","2026-04-24T19:10:00.000-04:00","Fantasy Score","6","Fantasy Score","pre_game","true",,"2026-04-24T09:18:57.717-04:00"
"false","BOS","007A33","Boston","Celtics","2026-04-01T19:10:00.000-04:00",,"BOS/PHI","Full",,"combo",,,"false","2026-04-24T19:00:00.000-04:00","scheduled","PHI","ED174C","Philadelphia","76ers","true","false","false","true","false","NBA","7","11","standard","true","314872","https://static.prizepicks.com/images/players/CMBO_group_Rl2o5LIyq1LojjR5OjUjskXE.webp","0 + 7",,"Tyrese Maxey + Jaylen Brown","G","PHI/BOS","76ers/Celtics","11589357","Single Stat","Single Stat","361","true","2026-04-24T19:10:00.000-04:00","Assists (Combo)","10","Assists","pre_game","true",,"2026-04-22T15:52:33.826-04:00"
"false","BOS","007A33","Boston","Celtics","2026-04-01T19:10:00.000-04:00",,"BOS/PHI","Full",,"combo",,,"false","2026-04-24T19:00:00.000-04:00","scheduled","PHI","ED174C","Philadelphia","76ers","true","false","false","true","false","NBA","7","11","standard","true","314880","https://static.prizepicks.com/images/players/CMBO_group_EYmayfNb2FNgZ9HnsDnu9DUh.webp","0 + 9",,"Tyrese Maxey + Derrick White","G","PHI/BOS","76ers/Celtics","11589400","Single Stat","Single Stat","362","true","2026-04-24T19:10:00.000-04:00","Assists (Combo)","10","Assists","pre_game","true",,"2026-04-22T01:00:55.201-04:00"
"false","BOS","007A33","Boston","Celtics","2026-04-23T19:10:00.000-04:00",,"PHI","Full",,"team",,,"false","2026-04-24T19:00:00.000-04:00","scheduled","PHI","ED174C","Philadelphia","76ers","true","false","false","true","false","NBA","7","11","standard","false","188003","https://static.prizepicks.com/images/players/NBA/Jaylen_Brown_NBA_player_utxCqIIRlnJz1PvPg4Ljnl44.webp","7","Boston","Jaylen Brown","G-F","BOS","Celtics","11610988","Single Stat","Single Stat","363","true","2026-04-24T19:10:00.000-04:00","Rebs+Asts","7","Rebs+Asts","pre_game","true",,"2026-04-23T23:30:57.938-04:00"
"false","BOS","007A33","Boston","Celtics","2026-04-01T08:11:00.000-04:00",,"PHI","Full",,"team",,,"false","2026-04-24T19:00:00.000-04:00","scheduled","PHI","ED174C","Philadelphia","76ers","true","false","false","true","false","NBA","7","11","standard","false","25443","https://static.prizepicks.com/images/players/NBA/Payton_Pritchard_NBA_player_mETqObZeSRGUv7JuHzL8Roy.webp","11","Boston","Payton Pritchard","G","BOS","Celtics","11651780","Single Stat","Single Stat","364","true","2026-04-24T19:10:00.000-04:00","FG Attempted","12","FG Attempted","pre_game","true",,"2026-04-24T09:03:41.911-04:00"
,"BOS","007A33","Boston","Celtics","2026-04-23T19:10:00.000-04:00",,"PHI","Full",,"team",,,"false","2026-04-24T19:00:00.000-04:00","scheduled","PHI","ED174C","Philadelphia","76ers","true","false","false","true","false","NBA","7","10.5","standard","false","186551","https://static.prizepicks.com/images/players/NBA/Neemias_Queta_NBA_player_PrhzuamNgCHm5kczjwO8Rg6q.webp","88","Boston","Neemias Queta","C","BOS","Celtics","11585192","Single Stat","Single Stat","365","true","2026-04-24T19:10:00.000-04:00","Pts+Asts","10","Pts+Asts","pre_game","true",,"2026-04-24T13:20:26.689-04:00"
"false","BOS","007A33","Boston","Celtics","2026-04-23T19:10:00.000-04:00",,"PHI","Full",,"team",,,"false","2026-04-24T19:00:00.000-04:00","scheduled","PHI","ED174C","Philadelphia","76ers","true","false","false","true","false","NBA","7","10.5","standard","false","187999","https://static.prizepicks.com/images/players/NBA/Jayson_Tatum_NBA_player_m62yMQl0xSxuv8M28c75TQG0.webp","0","Boston","Jayson Tatum","F-G","BOS","Celtics","11612141","Single Stat","Single Stat","376","true","2026-04-24T19:10:00.000-04:00","Rebounds","2","Rebounds","pre_game","true",,"2026-04-24T13:52:52.876-04:00"
"false","BOS","007A33","Boston","Celtics","2026-04-23T19:10:00.000-04:00",,"BOS","Full",,"team",,,"false","2026-04-24T19:00:00.000-04:00","scheduled","PHI","ED174C","Philadelphia","76ers","true","false","false","true","false","NBA","7","10","standard","false","188005","https://static.prizepicks.com/images/players/NBA/Tyrese_Maxey_NBA_player_2Em7ba9RgTz4wL2vdHJo0xwR.webp","0","Philadelphia","Tyrese Maxey","G","PHI","76ers","11585309","Single Stat","Single Stat","383","true","2026-04-24T19:10:00.000-04:00","Rebs+Asts","7","Rebs+Asts","pre_game","true",,"2026-04-24T07:27:57.601-04:00"
,"BOS","007A33","Boston","Celtics","2026-04-23T19:10:00.000-04:00",,"PHI","Full",,"team",,,"false","2026-04-24T19:00:00.000-04:00","scheduled","PHI","ED174C","Philadelphia","76ers","true","false","false","true","false","NBA","7","9.5","standard","false","186551","https://static.prizepicks.com/images/players/NBA/Neemias_Queta_NBA_player_PrhzuamNgCHm5kczjwO8Rg6q.webp","88","Boston","Neemias Queta","C","BOS","Celtics","11585189","Single Stat","Single Stat","389","true","2026-04-24T19:10:00.000-04:00","Points","0","Points","pre_game","true",,"2026-04-23T23:30:57.938-04:00"
,"BOS","007A33","Boston","Celtics","2026-04-23T19:10:00.000-04:00",,"PHI","Full",,"team",,,"false","2026-04-24T19:00:00.000-04:00","scheduled","PHI","ED174C","Philadelphia","76ers","true","false","false","true","false","NBA","7","9.5","standard","false","85744","https://static.prizepicks.com/images/players/NBA/Sam_Hauser_NBA_player_HO74M8ygKdc0YDcjRveTWVHw.webp","30","Boston","Sam Hauser","F","BOS","Celtics","11585256","Single Stat","Single Stat","393","true","2026-04-24T19:10:00.000-04:00","Pts+Asts","10","Pts+Asts","pre_game","true",,"2026-04-23T23:30:57.938-04:00"
,"BOS","007A33","Boston","Celtics","2026-04-23T19:10:00.000-04:00",,"BOS","Full",,"team",,,"false","2026-04-24T19:00:00.000-04:00","scheduled","PHI","ED174C","Philadelphia","76ers","true","false","false","true","false","NBA","7","9.5","standard","false","271603","https://static.prizepicks.com/images/manual/VJ_Edgecomb.png","77","Philadelphia","VJ Edgecombe","G","PHI","76ers","11585347","Single Stat","Single Stat","397","true","2026-04-24T19:10:00.000-04:00","Rebs+Asts","7","Rebs+Asts","pre_game","true",,"2026-04-23T23:31:06.164-04:00"
,"BOS","007A33","Boston","Celtics","2026-04-01T08:11:00.000-04:00",,"PHI","Full",,"team",,,"false","2026-04-24T19:00:00.000-04:00","scheduled","PHI","ED174C","Philadelphia","76ers","true","false","false","true","false","NBA","7","9.5","standard","false","188003","https://static.prizepicks.com/images/players/NBA/Jaylen_Brown_NBA_player_utxCqIIRlnJz1PvPg4Ljnl44.webp","7","Boston","Jaylen Brown","G-F","BOS","Celtics","11592484","Single Stat","Single Stat","400","true","2026-04-24T19:10:00.000-04:00","FG Made","7","FG Made","pre_game","true",,"2026-04-24T08:12:58.737-04:00"
"true","BOS","007A33","Boston","Celtics","2026-04-01T08:11:00.000-04:00",,"PHI","Full",,"team",,,"false","2026-04-24T19:00:00.000-04:00","scheduled","PHI","ED174C","Philadelphia","76ers","true","false","false","true","false","NBA","7","9.5","standard","false","187999","https://static.prizepicks.com/images/players/NBA/Jayson_Tatum_NBA_player_m62yMQl0xSxuv8M28c75TQG0.webp","0","Boston","Jayson Tatum","F-G","BOS","Celtics","11592502","Single Stat","Single Stat","401","true","2026-04-24T19:10:00.000-04:00","Two Pointers Attempted","1000","2-PT Att","pre_game","true",,"2026-04-24T09:08:34.232-04:00"
"false","BOS","007A33","Boston","Celtics","2026-04-23T19:10:00.000-04:00",,"BOS","Full",,"team",,,"false","2026-04-24T19:00:00.000-04:00","scheduled","PHI","ED174C","Philadelphia","76ers","true","false","false","true","false","NBA","7","9.5","standard","false","228006","https://static.prizepicks.com/images/manual/Quentin_Grimes.png","5","Philadelphia","Quentin Grimes","G","PHI","76ers","11617544","Single Stat","Single Stat","411","true","2026-04-24T19:10:00.000-04:00","Pts+Rebs","18","Pts+Rebs","pre_game","true",,"2026-04-24T10:21:12.961-04:00"
"false","BOS","007A33","Boston","Celtics","2026-04-01T08:11:00.000-04:00",,"BOS","Full",,"team",,,"false","2026-04-24T19:00:00.000-04:00","scheduled","PHI","ED174C","Philadelphia","76ers","true","false","false","true","false","NBA","7","9.5","standard","false","188005","https://static.prizepicks.com/images/players/NBA/Tyrese_Maxey_NBA_player_2Em7ba9RgTz4wL2vdHJo0xwR.webp","0","Philadelphia","Tyrese Maxey","G","PHI","76ers","11651628","Single Stat","Single Stat","419","true","2026-04-24T19:10:00.000-04:00","FG Made","7","FG Made","pre_game","true",,"2026-04-24T08:39:46.862-04:00"
"false","BOS","007A33","Boston","Celtics","2026-04-01T08:11:00.000-04:00",,"PHI","Full",,"team",,,"false","2026-04-24T19:00:00.000-04:00","scheduled","PHI","ED174C","Philadelphia","76ers","true","false","false","true","false","NBA","7","9","standard","false","186551","https://static.prizepicks.com/images/players/NBA/Neemias_Queta_NBA_player_PrhzuamNgCHm5kczjwO8Rg6q.webp","88","Boston","Neemias Queta","C","BOS","Celtics","11651498","Single Stat","Single Stat","420","true","2026-04-24T19:10:00.000-04:00","Rebs+Asts","7","Rebs+Asts","pre_game","true",,"2026-04-24T08:26:22.139-04:00"
"true","BOS","007A33","Boston","Celtics","2026-04-23T19:10:00.000-04:00",,"PHI","Full",,"team",,,"false","2026-04-24T19:00:00.000-04:00","scheduled","PHI","ED174C","Philadelphia","76ers","true","false","false","true","false","NBA","7","8.5","standard","false","60021","https://static.prizepicks.com/images/players/NBA/Derrick_White_NBA_player_j31gwnz7z94eWcwKbT1RB8J.webp","9","Boston","Derrick White","G","BOS","Celtics","11585079","Single Stat","Single Stat","421","true","2026-04-24T19:10:00.000-04:00","Rebs+Asts","7","Rebs+Asts","pre_game","true",,"2026-04-24T07:46:33.843-04:00"
,"BOS","007A33","Boston","Celtics","2026-04-23T19:10:00.000-04:00",,"PHI","Full",,"team",,,"false","2026-04-24T19:00:00.000-04:00","scheduled","PHI","ED174C","Philadelphia","76ers","true","false","false","true","false","NBA","7","8.5","standard","false","85744","https://static.prizepicks.com/images/players/NBA/Sam_Hauser_NBA_player_HO74M8ygKdc0YDcjRveTWVHw.webp","30","Boston","Sam Hauser","F","BOS","Celtics","11585252","Single Stat","Single Stat","428","true","2026-04-24T19:10:00.000-04:00","Points","0","Points","pre_game","true",,"2026-04-23T23:30:57.938-04:00"
"false","BOS","007A33","Boston","Celtics","2026-04-01T19:10:00.000-04:00",,"BOS/PHI","Full",,"combo",,,"false","2026-04-24T19:00:00.000-04:00","scheduled","PHI","ED174C","Philadelphia","76ers","true","false","false","true","false","NBA","7","8.5","standard","true","314879","https://static.prizepicks.com/images/players/CMBO_group_JnpdgfeUT27MGoHXChWQhWvp.webp","77 + 7",,"VJ Edgecombe + Jaylen Brown","G","PHI/BOS","76ers/Celtics","11589399","Single Stat","Single Stat","431","true","2026-04-24T19:10:00.000-04:00","Assists (Combo)","10","Assists","pre_game","true",,"2026-04-24T09:43:59.641-04:00"
"true","BOS","007A33","Boston","Celtics","2026-04-01T08:11:00.000-04:00",,"BOS","Full",,"team",,,"false","2026-04-24T19:00:00.000-04:00","scheduled","PHI","ED174C","Philadelphia","76ers","true","false","false","true","false","NBA","7","8.5","standard","false","271603","https://static.prizepicks.com/images/manual/VJ_Edgecomb.png","77","Philadelphia","VJ Edgecombe","G","PHI","76ers","11592587","Single Stat","Single Stat","432","true","2026-04-24T19:10:00.000-04:00","Two Pointers Attempted","1000","2-PT Att","pre_game","true",,"2026-04-24T09:08:34.163-04:00"
,"BOS","007A33","Boston","Celtics","2026-04-23T19:10:00.000-04:00",,"BOS","Full",,"team",,,"false","2026-04-24T19:00:00.000-04:00","scheduled","PHI","ED174C","Philadelphia","76ers","true","false","false","true","false","NBA","7","8.5","standard","false","217536","https://static.prizepicks.com/images/players/NBA/Paul_George_NBA_player_H4SFculbifsDYkJeMUCIHqCm.webp","8","Philadelphia","Paul George","F","PHI","76ers","11593732","Single Stat","Single Stat","438","true","2026-04-24T19:10:00.000-04:00","Rebs+Asts","7","Rebs+Asts","pre_game","true",,"2026-04-24T09:36:39.935-04:00"
,"BOS","007A33","Boston","Celtics","2026-04-01T08:11:00.000-04:00",,"BOS","Full",,"team",,,"false","2026-04-24T19:00:00.000-04:00","scheduled","PHI","ED174C","Philadelphia","76ers","true","false","false","true","false","NBA","7","8.5","standard","false","226663","https://static.prizepicks.com/images/players/NBA/Justin_Edwards_NBA_player_gSWhc1qNXvNcrbGrHE11WfGs.webp","11","Philadelphia","Justin Edwards","F","PHI","76ers","11630289","Single Stat","Single Stat","445","true","2026-04-24T19:10:00.000-04:00","Pts+Rebs+Asts","1","PRA","pre_game","true",,"2026-04-24T13:20:12.740-04:00"
"false","BOS","007A33","Boston","Celtics","2026-04-23T19:10:00.000-04:00",,"BOS","Full",,"team",,,"false","2026-04-24T19:00:00.000-04:00","scheduled","PHI","ED174C","Philadelphia","76ers","true","false","false","true","false","NBA","7","8","standard","false","87376","https://static.prizepicks.com/images/players/NBA/Andre_Drummond_NBA_player_yTx85rs0OpaJusfrmRBYIAaa.webp","1","Philadelphia","Andre Drummond","C","PHI","76ers","11611077","Single Stat","Single Stat","451","true","2026-04-24T19:10:00.000-04:00","Rebounds","2","Rebounds","pre_game","true",,"2026-04-23T23:31:06.164-04:00"
"false","BOS","007A33","Boston","Celtics","2026-04-01T08:11:00.000-04:00",,"PHI","Full",,"team",,,"false","2026-04-24T19:00:00.000-04:00","scheduled","PHI","ED174C","Philadelphia","76ers","true","false","false","true","false","NBA","7","8","standard","false","187999","https://static.prizepicks.com/images/players/NBA/Jayson_Tatum_NBA_player_m62yMQl0xSxuv8M28c75TQG0.webp","0","Boston","Jayson Tatum","F-G","BOS","Celtics","11651622","Single Stat","Single Stat","452","true","2026-04-24T19:10:00.000-04:00","FG Made","7","FG Made","pre_game","true",,"2026-04-24T08:46:07.282-04:00"
,"BOS","007A33","Boston","Celtics","2026-04-23T19:10:00.000-04:00",,"PHI","Full",,"team",,,"false","2026-04-24T19:00:00.000-04:00","scheduled","PHI","ED174C","Philadelphia","76ers","true","false","false","true","false","NBA","7","7.5","standard","false","186551","https://static.prizepicks.com/images/players/NBA/Neemias_Queta_NBA_player_PrhzuamNgCHm5kczjwO8Rg6q.webp","88","Boston","Neemias Queta","C","BOS","Celtics","11585203","Single Stat","Single Stat","462","true","2026-04-24T19:10:00.000-04:00","Rebounds","2","Rebounds","pre_game","true",,"2026-04-23T23:30:57.938-04:00"
"true","BOS","007A33","Boston","Celtics","2026-04-01T08:11:00.000-04:00",,"PHI","Full",,"team",,,"false","2026-04-24T19:00:00.000-04:00","scheduled","PHI","ED174C","Philadelphia","76ers","true","false","false","true","false","NBA","7","7.5","standard","false","188003","https://static.prizepicks.com/images/players/NBA/Jaylen_Brown_NBA_player_utxCqIIRlnJz1PvPg4Ljnl44.webp","7","Boston","Jaylen Brown","G-F","BOS","Celtics","11592491","Single Stat","Single Stat","471","true","2026-04-24T19:10:00.000-04:00","Two Pointers Made","1001","2-PT Made","pre_game","true",,"2026-04-24T09:10:42.644-04:00"
,"BOS","007A33","Boston","Celtics","2026-04-23T19:10:00.000-04:00",,"PHI","Full",,"team",,,"false","2026-04-24T19:00:00.000-04:00","scheduled","PHI","ED174C","Philadelphia","76ers","true","false","false","true","false","NBA","7","7.5","standard","false","299054","https://static.prizepicks.com/images/manual/Nikola Vučević.png","4","Boston","Nikola Vučević","C","BOS","Celtics","11593539","Single Stat","Single Stat","474","true","2026-04-24T19:10:00.000-04:00","Points","0","Points","pre_game","true",,"2026-04-24T09:34:15.362-04:00"
,"BOS","007A33","Boston","Celtics","2026-04-23T19:10:00.000-04:00",,"BOS","Full",,"team",,,"false","2026-04-24T19:00:00.000-04:00","scheduled","PHI","ED174C","Philadelphia","76ers","true","false","false","true","false","NBA","7","7.5","standard","false","223940","https://static.prizepicks.com/images/players/NBA/Adem_Bona_NBA_player_do4VYax6rPJ0mPrIPB0xWm5o.webp","30","Philadelphia","Adem Bona","F","PHI","76ers","11600549","Single Stat","Single Stat","480","true","2026-04-24T19:10:00.000-04:00","Pts+Rebs","18","Pts+Rebs","pre_game","true",,"2026-04-24T09:30:47.656-04:00"
,"BOS","007A33","Boston","Celtics","2026-04-24T04:42:00.833-04:00",,"BOS","Full",,"team",,,"false","2026-04-24T19:00:00.000-04:00","scheduled","PHI","ED174C","Philadelphia","76ers","true","false","false","true","false","NBA","7","7.5","standard","false","226663","https://static.prizepicks.com/images/players/NBA/Justin_Edwards_NBA_player_gSWhc1qNXvNcrbGrHE11WfGs.webp","11","Philadelphia","Justin Edwards","F","PHI","76ers","11646412","Single Stat","Single Stat","488","true","2026-04-24T19:10:00.000-04:00","Pts+Rebs","18","Pts+Rebs","pre_game","true",,"2026-04-24T05:04:03.013-04:00"
,"BOS","007A33","Boston","Celtics","2026-04-24T06:46:59.174-04:00",,"BOS","Full",,"team",,,"false","2026-04-24T19:00:00.000-04:00","scheduled","PHI","ED174C","Philadelphia","76ers","true","false","false","true","false","NBA","7","7.5","standard","false","87376","https://static.prizepicks.com/images/players/NBA/Andre_Drummond_NBA_player_yTx85rs0OpaJusfrmRBYIAaa.webp","1","Philadelphia","Andre Drummond","C","PHI","76ers","11649510","Single Stat","Single Stat","489","true","2026-04-24T19:10:00.000-04:00","Pts+Asts","10","Pts+Asts","pre_game","true",,"2026-04-24T12:26:48.555-04:00"
,"BOS","007A33","Boston","Celtics","2026-04-01T08:11:00.000-04:00",,"PHI","Full",,"team",,,"false","2026-04-24T19:00:00.000-04:00","scheduled","PHI","ED174C","Philadelphia","76ers","true","false","false","true","false","NBA","7","7","standard","false","25443","https://static.prizepicks.com/images/players/NBA/Payton_Pritchard_NBA_player_mETqObZeSRGUv7JuHzL8Roy.webp","11","Boston","Payton Pritchard","G","BOS","Celtics","11586002","Single Stat","Single Stat","492","true","2026-04-24T19:10:00.000-04:00","Rebs+Asts","7","Rebs+Asts","pre_game","true",,"2026-04-24T08:25:21.192-04:00"
,"BOS","007A33","Boston","Celtics","2026-04-23T19:10:00.000-04:00",,"BOS","Full",,"team",,,"false","2026-04-24T19:00:00.000-04:00","scheduled","PHI","ED174C","Philadelphia","76ers","true","false","false","true","false","NBA","7","7","standard","false","228006","https://static.prizepicks.com/images/manual/Quentin_Grimes.png","5","Philadelphia","Quentin Grimes","G","PHI","76ers","11592555","Single Stat","Single Stat","493","true","2026-04-24T19:10:00.000-04:00","Points","0","Points","pre_game","true",,"2026-04-23T23:31:06.164-04:00"
,"BOS","007A33","Boston","Celtics","2026-04-23T19:10:00.000-04:00",,"BOS","Full",,"team",,,"false","2026-04-24T19:00:00.000-04:00","scheduled","PHI","ED174C","Philadelphia","76ers","true","false","false","true","false","NBA","7","7","standard","false","174595","https://static.prizepicks.com/images/players/NBA/Kelly_Oubre_Jr._NBA_player_XUGImHjsqxeRtcBiPgSDXMYm.webp","9","Philadelphia","Kelly Oubre","F-G","PHI","76ers","11593425","Single Stat","Single Stat","494","true","2026-04-24T19:10:00.000-04:00","Rebs+Asts","7","Rebs+Asts","pre_game","true",,"2026-04-23T23:31:06.164-04:00"
,"BOS","007A33","Boston","Celtics","2026-04-01T08:11:00.000-04:00",,"BOS","Full",,"team",,,"false","2026-04-24T19:00:00.000-04:00","scheduled","PHI","ED174C","Philadelphia","76ers","true","false","false","true","false","NBA","7","7","standard","false","217536","https://static.prizepicks.com/images/players/NBA/Paul_George_NBA_player_H4SFculbifsDYkJeMUCIHqCm.webp","8","Philadelphia","Paul George","F","PHI","76ers","11594228","Single Stat","Single Stat","495","true","2026-04-24T19:10:00.000-04:00","3-PT Attempted","8","3PTA","pre_game","true",,"2026-04-24T08:43:20.203-04:00"
"false","BOS","007A33","Boston","Celtics","2026-04-01T08:11:00.000-04:00",,"PHI","Full",,"team",,,"false","2026-04-24T19:00:00.000-04:00","scheduled","PHI","ED174C","Philadelphia","76ers","true","false","false","true","false","NBA","7","7","standard","false","60021","https://static.prizepicks.com/images/players/NBA/Derrick_White_NBA_player_j31gwnz7z94eWcwKbT1RB8J.webp","9","Boston","Derrick White","G","BOS","Celtics","11651680","Single Stat","Single Stat","496","true","2026-04-24T19:10:00.000-04:00","3-PT Attempted","8","3PTA","pre_game","true",,"2026-04-24T08:52:03.939-04:00"
"false","BOS","007A33","Boston","Celtics","2026-04-01T08:11:00.000-04:00",,"PHI","Full",,"team",,,"false","2026-04-24T19:00:00.000-04:00","scheduled","PHI","ED174C","Philadelphia","76ers","true","false","false","true","false","NBA","7","7","standard","false","85744","https://static.prizepicks.com/images/players/NBA/Sam_Hauser_NBA_player_HO74M8ygKdc0YDcjRveTWVHw.webp","30","Boston","Sam Hauser","F","BOS","Celtics","11651781","Single Stat","Single Stat","497","true","2026-04-24T19:10:00.000-04:00","FG Attempted","12","FG Attempted","pre_game","true",,"2026-04-24T09:07:15.053-04:00"
,"BOS","007A33","Boston","Celtics","2026-04-01T08:11:00.000-04:00",,"PHI","Full",,"team",,,"false","2026-04-24T19:00:00.000-04:00","scheduled","PHI","ED174C","Philadelphia","76ers","true","false","false","true","false","NBA","7","6.5","standard","false","188003","https://static.prizepicks.com/images/players/NBA/Jaylen_Brown_NBA_player_utxCqIIRlnJz1PvPg4Ljnl44.webp","7","Boston","Jaylen Brown","G-F","BOS","Celtics","11592485","Single Stat","Single Stat","512","true","2026-04-24T19:10:00.000-04:00","Free Throws Attempted","30","FTA","pre_game","true",,"2026-04-24T08:13:40.052-04:00"
,"BOS","007A33","Boston","Celtics","2026-04-23T19:10:00.000-04:00",,"BOS","Full",,"team",,,"false","2026-04-24T19:00:00.000-04:00","scheduled","PHI","ED174C","Philadelphia","76ers","true","false","false","true","false","NBA","7","6.5","standard","false","87376","https://static.prizepicks.com/images/players/NBA/Andre_Drummond_NBA_player_yTx85rs0OpaJusfrmRBYIAaa.webp","1","Philadelphia","Andre Drummond","C","PHI","76ers","11592977","Single Stat","Single Stat","516","true","2026-04-24T19:10:00.000-04:00","Points","0","Points","pre_game","true",,"2026-04-23T23:31:06.164-04:00"
"true","BOS","007A33","Boston","Celtics","2026-04-01T08:11:00.000-04:00",,"BOS","Full",,"team",,,"false","2026-04-24T19:00:00.000-04:00","scheduled","PHI","ED174C","Philadelphia","76ers","true","false","false","true","false","NBA","7","6.5","standard","false","188005","https://static.prizepicks.com/images/players/NBA/Tyrese_Maxey_NBA_player_2Em7ba9RgTz4wL2vdHJo0xwR.webp","0","Philadelphia","Tyrese Maxey","G","PHI","76ers","11597144","Single Stat","Single Stat","522","true","2026-04-24T19:10:00.000-04:00","Two Pointers Made","1001","2-PT Made","pre_game","true",,"2026-04-24T09:10:42.708-04:00"
"false","BOS","007A33","Boston","Celtics","2026-04-23T19:10:00.000-04:00",,"BOS","Full",,"team",,,"false","2026-04-24T19:00:00.000-04:00","scheduled","PHI","ED174C","Philadelphia","76ers","true","false","false","true","false","NBA","7","6.5","standard","false","188005","https://static.prizepicks.com/images/players/NBA/Tyrese_Maxey_NBA_player_2Em7ba9RgTz4wL2vdHJo0xwR.webp","0","Philadelphia","Tyrese Maxey","G","PHI","76ers","11615219","Single Stat","Single Stat","524","true","2026-04-24T19:10:00.000-04:00","Assists","5","Assists","pre_game","true",,"2026-04-24T13:48:24.463-04:00"
,"BOS","007A33","Boston","Celtics","2026-04-01T08:11:00.000-04:00",,"PHI","Full",,"team",,,"false","2026-04-24T19:00:00.000-04:00","scheduled","PHI","ED174C","Philadelphia","76ers","true","false","false","true","false","NBA","7","6.5","standard","false","299054","https://static.prizepicks.com/images/manual/Nikola Vučević.png","4","Boston","Nikola Vučević","C","BOS","Celtics","11617530","Single Stat","Single Stat","526","true","2026-04-24T19:10:00.000-04:00","FG Attempted","12","FG Attempted","pre_game","true",,"2026-04-24T08:13:09.053-04:00"
"false","BOS","007A33","Boston","Celtics","2026-04-01T19:10:00.000-04:00",,"BOS/PHI","Full",,"combo",,,"false","2026-04-24T19:00:00.000-04:00","scheduled","PHI","ED174C","Philadelphia","76ers","true","false","false","true","false","NBA","7","6","standard","true","314871","https://static.prizepicks.com/images/players/CMBO_group_lcJyShdVZlCXK9tTnwAmjlc1.webp","8 + 0",,"Paul George + Jayson Tatum","F","PHI/BOS","76ers/Celtics","11589568","Single Stat","Single Stat","534","true","2026-04-24T19:10:00.000-04:00","3-PT Made (Combo)","10","3PTM","pre_game","true",,"2026-04-24T13:44:43.547-04:00"
"false","BOS","007A33","Boston","Celtics","2026-04-23T19:10:00.000-04:00",,"PHI","Full",,"team",,,"false","2026-04-24T19:00:00.000-04:00","scheduled","PHI","ED174C","Philadelphia","76ers","true","false","false","true","false","NBA","7","6","standard","false","188003","https://static.prizepicks.com/images/players/NBA/Jaylen_Brown_NBA_player_utxCqIIRlnJz1PvPg4Ljnl44.webp","7","Boston","Jaylen Brown","G-F","BOS","Celtics","11611074","Single Stat","Single Stat","535","true","2026-04-24T19:10:00.000-04:00","Rebounds","2","Rebounds","pre_game","true",,"2026-04-23T23:30:57.938-04:00"
"false","BOS","007A33","Boston","Celtics","2026-04-23T19:10:00.000-04:00",,"PHI","Full",,"team",,,"false","2026-04-24T19:00:00.000-04:00","scheduled","PHI","ED174C","Philadelphia","76ers","true","false","false","true","false","NBA","7","6","standard","false","187999","https://static.prizepicks.com/images/players/NBA/Jayson_Tatum_NBA_player_m62yMQl0xSxuv8M28c75TQG0.webp","0","Boston","Jayson Tatum","F-G","BOS","Celtics","11615216","Single Stat","Single Stat","536","true","2026-04-24T19:10:00.000-04:00","Assists","5","Assists","pre_game","true",,"2026-04-23T23:30:57.938-04:00"
"false","BOS","007A33","Boston","Celtics","2026-04-01T08:11:00.000-04:00",,"BOS","Full",,"team",,,"false","2026-04-24T19:00:00.000-04:00","scheduled","PHI","ED174C","Philadelphia","76ers","true","false","false","true","false","NBA","7","6","standard","false","271603","https://static.prizepicks.com/images/manual/VJ_Edgecomb.png","77","Philadelphia","VJ Edgecombe","G","PHI","76ers","11630298","Single Stat","Single Stat","537","true","2026-04-24T19:10:00.000-04:00","FG Made","7","FG Made","pre_game","true",,"2026-04-24T08:12:58.737-04:00"
,"BOS","007A33","Boston","Celtics","2026-04-24T04:42:00.636-04:00",,"BOS","Full",,"team",,,"false","2026-04-24T19:00:00.000-04:00","scheduled","PHI","ED174C","Philadelphia","76ers","true","false","false","true","false","NBA","7","6","standard","false","226663","https://static.prizepicks.com/images/players/NBA/Justin_Edwards_NBA_player_gSWhc1qNXvNcrbGrHE11WfGs.webp","11","Philadelphia","Justin Edwards","F","PHI","76ers","11646411","Single Stat","Single Stat","538","true","2026-04-24T19:10:00.000-04:00","Pts+Asts","10","Pts+Asts","pre_game","true",,"2026-04-24T10:53:37.071-04:00"
"false","BOS","007A33","Boston","Celtics","2026-04-01T08:11:00.000-04:00",,"BOS","Full",,"team",,,"false","2026-04-24T19:00:00.000-04:00","scheduled","PHI","ED174C","Philadelphia","76ers","true","false","false","true","false","NBA","7","6","standard","false","217536","https://static.prizepicks.com/images/players/NBA/Paul_George_NBA_player_H4SFculbifsDYkJeMUCIHqCm.webp","8","Philadelphia","Paul George","F","PHI","76ers","11651627","Single Stat","Single Stat","539","true","2026-04-24T19:10:00.000-04:00","FG Made","7","FG Made","pre_game","true",,"2026-04-24T09:09:09.514-04:00"
"false","BOS","007A33","Boston","Celtics","2026-04-01T08:11:00.000-04:00",,"PHI","Full",,"team",,,"false","2026-04-24T19:00:00.000-04:00","scheduled","PHI","ED174C","Philadelphia","76ers","true","false","false","true","false","NBA","7","6","standard","false","85744","https://static.prizepicks.com/images/players/NBA/Sam_Hauser_NBA_player_HO74M8ygKdc0YDcjRveTWVHw.webp","30","Boston","Sam Hauser","F","BOS","Celtics","11651682","Single Stat","Single Stat","540","true","2026-04-24T19:10:00.000-04:00","3-PT Attempted","8","3PTA","pre_game","true",,"2026-04-24T08:56:26.048-04:00"
"false","BOS","007A33","Boston","Celtics","2026-04-01T08:11:00.000-04:00",,"PHI","Full",,"team",,,"false","2026-04-24T19:00:00.000-04:00","scheduled","PHI","ED174C","Philadelphia","76ers","true","false","false","true","false","NBA","7","6","standard","false","186551","https://static.prizepicks.com/images/players/NBA/Neemias_Queta_NBA_player_PrhzuamNgCHm5kczjwO8Rg6q.webp","88","Boston","Neemias Queta","C","BOS","Celtics","11651779","Single Stat","Single Stat","541","true","2026-04-24T19:10:00.000-04:00","FG Attempted","12","FG Attempted","pre_game","true",,"2026-04-24T08:59:54.716-04:00"
"false","BOS","007A33","Boston","Celtics","2026-04-01T08:11:00.000-04:00",,"BOS","Full",,"team",,,"false","2026-04-24T19:00:00.000-04:00","scheduled","PHI","ED174C","Philadelphia","76ers","true","false","false","true","false","NBA","7","6","standard","false","228006","https://static.prizepicks.com/images/manual/Quentin_Grimes.png","5","Philadelphia","Quentin Grimes","G","PHI","76ers","11651786","Single Stat","Single Stat","542","true","2026-04-24T19:10:00.000-04:00","FG Attempted","12","FG Attempted","pre_game","true",,"2026-04-24T09:13:24.407-04:00"
"true","BOS","007A33","Boston","Celtics","2026-04-23T19:10:00.000-04:00",,"BOS","Full",,"team",,,"false","2026-04-24T19:00:00.000-04:00","scheduled","PHI","ED174C","Philadelphia","76ers","true","false","false","true","false","NBA","7","5.5","standard","false","174595","https://static.prizepicks.com/images/players/NBA/Kelly_Oubre_Jr._NBA_player_XUGImHjsqxeRtcBiPgSDXMYm.webp","9","Philadelphia","Kelly Oubre","F-G","PHI","76ers","11585176","Single Stat","Single Stat","549","true","2026-04-24T19:10:00.000-04:00","Rebounds","2","Rebounds","pre_game","true",,"2026-04-24T11:43:33.914-04:00"
,"BOS","007A33","Boston","Celtics","2026-04-23T19:10:00.000-04:00",,"BOS","Full",,"team",,,"false","2026-04-24T19:00:00.000-04:00","scheduled","PHI","ED174C","Philadelphia","76ers","true","false","false","true","false","NBA","7","5.5","standard","false","271603","https://static.prizepicks.com/images/manual/VJ_Edgecomb.png","77","Philadelphia","VJ Edgecombe","G","PHI","76ers","11585343","Single Stat","Single Stat","558","true","2026-04-24T19:10:00.000-04:00","Rebounds","2","Rebounds","pre_game","true",,"2026-04-23T23:31:06.164-04:00"
"false","BOS","007A33","Boston","Celtics","2026-04-01T19:10:00.000-04:00",,"BOS/PHI","Full",,"combo",,,"false","2026-04-24T19:00:00.000-04:00","scheduled","PHI","ED174C","Philadelphia","76ers","true","false","false","true","false","NBA","7","5.5","standard","true","314874","https://static.prizepicks.com/images/players/CMBO_group_rHgFtqG2EdHUDNxmwGgMY312.webp","0",,"Tyrese Maxey + Jayson Tatum","G","PHI/BOS","76ers/Celtics","11589566","Single Stat","Single Stat","562","true","2026-04-24T19:10:00.000-04:00","3-PT Made (Combo)","10","3PTM","pre_game","true",,"2026-04-24T11:36:57.368-04:00"
,"BOS","007A33","Boston","Celtics","2026-04-01T08:11:00.000-04:00",,"PHI","Full",,"team",,,"false","2026-04-24T19:00:00.000-04:00","scheduled","PHI","ED174C","Philadelphia","76ers","true","false","false","true","false","NBA","7","5.5","standard","false","188003","https://static.prizepicks.com/images/players/NBA/Jaylen_Brown_NBA_player_utxCqIIRlnJz1PvPg4Ljnl44.webp","7","Boston","Jaylen Brown","G-F","BOS","Celtics","11592479","Single Stat","Single Stat","563","true","2026-04-24T19:10:00.000-04:00","3-PT Attempted","8","3PTA","pre_game","true",,"2026-04-24T08:13:18.684-04:00"
,"BOS","007A33","Boston","Celtics","2026-04-01T08:11:00.000-04:00",,"PHI","Full",,"team",,,"false","2026-04-24T19:00:00.000-04:00","scheduled","PHI","ED174C","Philadelphia","76ers","true","false","false","true","false","NBA","7","5.5","standard","false","188003","https://static.prizepicks.com/images/players/NBA/Jaylen_Brown_NBA_player_utxCqIIRlnJz1PvPg4Ljnl44.webp","7","Boston","Jaylen Brown","G-F","BOS","Celtics","11592486","Single Stat","Single Stat","564","true","2026-04-24T19:10:00.000-04:00","Free Throws Made","11","FTM","pre_game","true",,"2026-04-24T12:22:51.451-04:00"
,"BOS","007A33","Boston","Celtics","2026-04-01T08:11:00.000-04:00",,"PHI","Full",,"team",,,"false","2026-04-24T19:00:00.000-04:00","scheduled","PHI","ED174C","Philadelphia","76ers","true","false","false","true","false","NBA","7","5.5","standard","false","187999","https://static.prizepicks.com/images/players/NBA/Jayson_Tatum_NBA_player_m62yMQl0xSxuv8M28c75TQG0.webp","0","Boston","Jayson Tatum","F-G","BOS","Celtics","11592497","Single Stat","Single Stat","565","true","2026-04-24T19:10:00.000-04:00","Free Throws Attempted","30","FTA","pre_game","true",,"2026-04-24T08:13:40.052-04:00"
"false","BOS","007A33","Boston","Celtics","2026-04-01T08:11:00.000-04:00",,"BOS","Full",,"team",,,"false","2026-04-24T19:00:00.000-04:00","scheduled","PHI","ED174C","Philadelphia","76ers","true","false","false","true","false","NBA","7","5.5","standard","false","271603","https://static.prizepicks.com/images/manual/VJ_Edgecomb.png","77","Philadelphia","VJ Edgecombe","G","PHI","76ers","11651685","Single Stat","Single Stat","583","true","2026-04-24T19:10:00.000-04:00","3-PT Attempted","8","3PTA","pre_game","true",,"2026-04-24T13:45:39.412-04:00"
"false","BOS","007A33","Boston","Celtics","2026-04-01T08:11:00.000-04:00",,"BOS","Full",,"team",,,"false","2026-04-24T19:00:00.000-04:00","scheduled","PHI","ED174C","Philadelphia","76ers","true","false","false","true","false","NBA","7","5.5","standard","false","87376","https://static.prizepicks.com/images/players/NBA/Andre_Drummond_NBA_player_yTx85rs0OpaJusfrmRBYIAaa.webp","1","Philadelphia","Andre Drummond","C","PHI","76ers","11651783","Single Stat","Single Stat","584","true","2026-04-24T19:10:00.000-04:00","FG Attempted","12","FG Attempted","pre_game","true",,"2026-04-24T08:58:23.820-04:00"
"false","BOS","007A33","Boston","Celtics","2026-04-01T08:11:00.000-04:00",,"BOS","Full",,"team",,,"false","2026-04-24T19:00:00.000-04:00","scheduled","PHI","ED174C","Philadelphia","76ers","true","false","false","true","false","NBA","7","5.5","standard","false","87376","https://static.prizepicks.com/images/players/NBA/Andre_Drummond_NBA_player_yTx85rs0OpaJusfrmRBYIAaa.webp","1","Philadelphia","Andre Drummond","C","PHI","76ers","11652604","Single Stat","Single Stat","585","true","2026-04-24T19:10:00.000-04:00","Defensive Rebounds","8","Defensive Rebounds","pre_game","true",,"2026-04-24T10:36:46.150-04:00"
"false","BOS","007A33","Boston","Celtics","2026-04-01T08:11:00.000-04:00",,"PHI","Full",,"team",,,"false","2026-04-24T19:00:00.000-04:00","scheduled","PHI","ED174C","Philadelphia","76ers","true","false","false","true","false","NBA","7","5.5","standard","false","186551","https://static.prizepicks.com/images/players/NBA/Neemias_Queta_NBA_player_PrhzuamNgCHm5kczjwO8Rg6q.webp","88","Boston","Neemias Queta","C","BOS","Celtics","11652605","Single Stat","Single Stat","586","true","2026-04-24T19:10:00.000-04:00","Defensive Rebounds","8","Defensive Rebounds","pre_game","true",,"2026-04-24T10:37:55.994-04:00"
"false","BOS","007A33","Boston","Celtics","2026-04-01T08:11:00.000-04:00",,"BOS/PHI","Full",,"combo",,,"false","2026-04-24T19:00:00.000-04:00","scheduled","PHI","ED174C","Philadelphia","76ers","true","false","false","true","false","NBA","7","5","standard","true","314881","https://static.prizepicks.com/images/players/CMBO_group_2tQn7BLCPP7wBOd8yZnh8iZ.webp","77 + 0",,"VJ Edgecombe + Jayson Tatum","G","PHI/BOS","76ers/Celtics","11589653","Single Stat","Single Stat","588","true","2026-04-24T19:10:00.000-04:00","3-PT Made (Combo)","10","3PTM","pre_game","true",,"2026-04-24T11:01:47.865-04:00"
"false","BOS","007A33","Boston","Celtics","2026-04-23T19:10:00.000-04:00",,"PHI","Full",,"team",,,"false","2026-04-24T19:00:00.000-04:00","scheduled","PHI","ED174C","Philadelphia","76ers","true","false","false","true","false","NBA","7","5","standard","false","299054","https://static.prizepicks.com/images/manual/Nikola Vučević.png","4","Boston","Nikola Vučević","C","BOS","Celtics","11611076","Single Stat","Single Stat","589","true","2026-04-24T19:10:00.000-04:00","Rebounds","2","Rebounds","pre_game","true",,"2026-04-23T23:30:57.938-04:00"
"false","BOS","007A33","Boston","Celtics","2026-04-23T19:10:00.000-04:00",,"BOS","Full",,"team",,,"false","2026-04-24T19:00:00.000-04:00","scheduled","PHI","ED174C","Philadelphia","76ers","true","false","false","true","false","NBA","7","5","standard","false","217536","https://static.prizepicks.com/images/players/NBA/Paul_George_NBA_player_H4SFculbifsDYkJeMUCIHqCm.webp","8","Philadelphia","Paul George","F","PHI","76ers","11635074","Single Stat","Single Stat","590","true","2026-04-24T19:10:00.000-04:00","Rebounds","2","Rebounds","pre_game","true",,"2026-04-23T19:23:42.172-04:00"
"false","BOS","007A33","Boston","Celtics","2026-04-01T08:11:00.000-04:00",,"PHI","Full",,"team",,,"false","2026-04-24T19:00:00.000-04:00","scheduled","PHI","ED174C","Philadelphia","76ers","true","false","false","true","false","NBA","7","5","standard","false","60021","https://static.prizepicks.com/images/players/NBA/Derrick_White_NBA_player_j31gwnz7z94eWcwKbT1RB8J.webp","9","Boston","Derrick White","G","BOS","Celtics","11651621","Single Stat","Single Stat","591","true","2026-04-24T19:10:00.000-04:00","FG Made","7","FG Made","pre_game","true",,"2026-04-24T08:46:14.945-04:00"
"false","BOS","007A33","Boston","Celtics","2026-04-01T08:11:00.000-04:00",,"BOS","Full",,"team",,,"false","2026-04-24T19:00:00.000-04:00","scheduled","PHI","ED174C","Philadelphia","76ers","true","false","false","true","false","NBA","7","5","standard","false","174595","https://static.prizepicks.com/images/players/NBA/Kelly_Oubre_Jr._NBA_player_XUGImHjsqxeRtcBiPgSDXMYm.webp","9","Philadelphia","Kelly Oubre","F-G","PHI","76ers","11651626","Single Stat","Single Stat","592","true","2026-04-24T19:10:00.000-04:00","FG Made","7","FG Made","pre_game","true",,"2026-04-24T08:44:38.576-04:00"
"false","BOS","007A33","Boston","Celtics","2026-04-01T08:11:00.000-04:00",,"BOS","Full",,"team",,,"false","2026-04-24T19:00:00.000-04:00","scheduled","PHI","ED174C","Philadelphia","76ers","true","false","false","true","false","NBA","7","5","standard","false","174595","https://static.prizepicks.com/images/players/NBA/Kelly_Oubre_Jr._NBA_player_XUGImHjsqxeRtcBiPgSDXMYm.webp","9","Philadelphia","Kelly Oubre","F-G","PHI","76ers","11651683","Single Stat","Single Stat","593","true","2026-04-24T19:10:00.000-04:00","3-PT Attempted","8","3PTA","pre_game","true",,"2026-04-24T08:50:11.709-04:00"
"false","BOS","007A33","Boston","Celtics","2026-04-01T08:11:00.000-04:00",,"BOS","Full",,"team",,,"false","2026-04-24T19:00:00.000-04:00","scheduled","PHI","ED174C","Philadelphia","76ers","true","false","false","true","false","NBA","7","5","standard","false","226663","https://static.prizepicks.com/images/players/NBA/Justin_Edwards_NBA_player_gSWhc1qNXvNcrbGrHE11WfGs.webp","11","Philadelphia","Justin Edwards","F","PHI","76ers","11651784","Single Stat","Single Stat","594","true","2026-04-24T19:10:00.000-04:00","FG Attempted","12","FG Attempted","pre_game","true",,"2026-04-24T09:24:16.059-04:00"
"false","BOS","007A33","Boston","Celtics","2026-04-01T08:11:00.000-04:00",,"BOS","Full",,"team",,,"false","2026-04-24T19:00:00.000-04:00","scheduled","PHI","ED174C","Philadelphia","76ers","true","false","false","true","false","NBA","7","5","standard","false","188005","https://static.prizepicks.com/images/players/NBA/Tyrese_Maxey_NBA_player_2Em7ba9RgTz4wL2vdHJo0xwR.webp","0","Philadelphia","Tyrese Maxey","G","PHI","76ers","11651857","Single Stat","Single Stat","595","true","2026-04-24T19:10:00.000-04:00","Free Throws Made","11","FTM","pre_game","true",,"2026-04-24T09:06:56.107-04:00"
,"BOS","007A33","Boston","Celtics","2026-04-23T19:10:00.000-04:00",,"PHI","Full",,"team",,,"false","2026-04-24T19:00:00.000-04:00","scheduled","PHI","ED174C","Philadelphia","76ers","true","false","false","true","false","NBA","7","4.5","standard","false","60021","https://static.prizepicks.com/images/players/NBA/Derrick_White_NBA_player_j31gwnz7z94eWcwKbT1RB8J.webp","9","Boston","Derrick White","G","BOS","Celtics","11585056","Single Stat","Single Stat","597","true","2026-04-24T19:10:00.000-04:00","Assists","5","Assists","pre_game","true",,"2026-04-23T23:30:57.938-04:00"
,"BOS","007A33","Boston","Celtics","2026-04-23T19:10:00.000-04:00",,"PHI","Full",,"team",,,"false","2026-04-24T19:00:00.000-04:00","scheduled","PHI","ED174C","Philadelphia","76ers","true","false","false","true","false","NBA","7","4.5","standard","false","188003","https://static.prizepicks.com/images/players/NBA/Jaylen_Brown_NBA_player_utxCqIIRlnJz1PvPg4Ljnl44.webp","7","Boston","Jaylen Brown","G-F","BOS","Celtics","11585086","Single Stat","Single Stat","598","true","2026-04-24T19:10:00.000-04:00","Assists","5","Assists","pre_game","true",,"2026-04-23T23:30:57.938-04:00"
,"BOS","007A33","Boston","Celtics","2026-04-01T08:11:00.000-04:00",,"PHI","Full",,"team",,,"false","2026-04-24T19:00:00.000-04:00","scheduled","PHI","ED174C","Philadelphia","76ers","true","false","false","true","false","NBA","7","4.5","standard","false","187999","https://static.prizepicks.com/images/players/NBA/Jayson_Tatum_NBA_player_m62yMQl0xSxuv8M28c75TQG0.webp","0","Boston","Jayson Tatum","F-G","BOS","Celtics","11592498","Single Stat","Single Stat","619","true","2026-04-24T19:10:00.000-04:00","Free Throws Made","11","FTM","pre_game","true",,"2026-04-24T14:07:21.463-04:00"
,"BOS","007A33","Boston","Celtics","2026-04-23T19:10:00.000-04:00",,"BOS","Full",,"team",,,"false","2026-04-24T19:00:00.000-04:00","scheduled","PHI","ED174C","Philadelphia","76ers","true","false","false","true","false","NBA","7","4.5","standard","false","226663","https://static.prizepicks.com/images/players/NBA/Justin_Edwards_NBA_player_gSWhc1qNXvNcrbGrHE11WfGs.webp","11","Philadelphia","Justin Edwards","F","PHI","76ers","11594557","Single Stat","Single Stat","628","true","2026-04-24T19:10:00.000-04:00","Points","0","Points","pre_game","true",,"2026-04-24T13:55:05.690-04:00"
"false","BOS","007A33","Boston","Celtics","2026-04-01T08:11:00.000-04:00",,"PHI","Full",,"team",,,"false","2026-04-24T19:00:00.000-04:00","scheduled","PHI","ED174C","Philadelphia","76ers","true","false","false","true","false","NBA","7","4.5","standard","false","25443","https://static.prizepicks.com/images/players/NBA/Payton_Pritchard_NBA_player_mETqObZeSRGUv7JuHzL8Roy.webp","11","Boston","Payton Pritchard","G","BOS","Celtics","11655117","Single Stat","Single Stat","646","true","2026-04-24T19:10:00.000-04:00","FG Made","7","FG Made","pre_game","true",,"2026-04-24T13:33:06.937-04:00"
"false","BOS","007A33","Boston","Celtics","2026-04-23T19:10:00.000-04:00",,"PHI","Full",,"team",,,"false","2026-04-24T19:00:00.000-04:00","scheduled","PHI","ED174C","Philadelphia","76ers","true","false","false","true","false","NBA","7","4","standard","false","60021","https://static.prizepicks.com/images/players/NBA/Derrick_White_NBA_player_j31gwnz7z94eWcwKbT1RB8J.webp","9","Boston","Derrick White","G","BOS","Celtics","11611072","Single Stat","Single Stat","647","true","2026-04-24T19:10:00.000-04:00","Rebounds","2","Rebounds","pre_game","true",,"2026-04-23T23:30:57.938-04:00"
"false","BOS","007A33","Boston","Celtics","2026-04-23T19:10:00.000-04:00",,"PHI","Full",,"team",,,"false","2026-04-24T19:00:00.000-04:00","scheduled","PHI","ED174C","Philadelphia","76ers","true","false","false","true","false","NBA","7","4","standard","false","25443","https://static.prizepicks.com/images/players/NBA/Payton_Pritchard_NBA_player_mETqObZeSRGUv7JuHzL8Roy.webp","11","Boston","Payton Pritchard","G","BOS","Celtics","11615217","Single Stat","Single Stat","648","true","2026-04-24T19:10:00.000-04:00","Assists","5","Assists","pre_game","true",,"2026-04-23T23:30:57.938-04:00"
"false","BOS","007A33","Boston","Celtics","2026-04-23T19:10:00.000-04:00",,"BOS","Full",,"team",,,"false","2026-04-24T19:00:00.000-04:00","scheduled","PHI","ED174C","Philadelphia","76ers","true","false","false","true","false","NBA","7","4","standard","false","271603","https://static.prizepicks.com/images/manual/VJ_Edgecomb.png","77","Philadelphia","VJ Edgecombe","G","PHI","76ers","11615218","Single Stat","Single Stat","649","true","2026-04-24T19:10:00.000-04:00","Assists","5","Assists","pre_game","true",,"2026-04-23T23:31:06.164-04:00"
"false","BOS","007A33","Boston","Celtics","2026-04-01T08:11:00.000-04:00",,"PHI","Full",,"team",,,"false","2026-04-24T19:00:00.000-04:00","scheduled","PHI","ED174C","Philadelphia","76ers","true","false","false","true","false","NBA","7","4","standard","false","186551","https://static.prizepicks.com/images/players/NBA/Neemias_Queta_NBA_player_PrhzuamNgCHm5kczjwO8Rg6q.webp","88","Boston","Neemias Queta","C","BOS","Celtics","11651623","Single Stat","Single Stat","650","true","2026-04-24T19:10:00.000-04:00","FG Made","7","FG Made","pre_game","true",,"2026-04-24T08:51:45.224-04:00"
"false","BOS","007A33","Boston","Celtics","2026-04-01T08:11:00.000-04:00",,"BOS","Full",,"team",,,"false","2026-04-24T19:00:00.000-04:00","scheduled","PHI","ED174C","Philadelphia","76ers","true","false","false","true","false","NBA","7","4","standard","false","271603","https://static.prizepicks.com/images/manual/VJ_Edgecomb.png","77","Philadelphia","VJ Edgecombe","G","PHI","76ers","11652606","Single Stat","Single Stat","651","true","2026-04-24T19:10:00.000-04:00","Defensive Rebounds","8","Defensive Rebounds","pre_game","true",,"2026-04-24T10:40:46.528-04:00"
,"BOS","007A33","Boston","Celtics","2026-04-23T19:10:00.000-04:00",,"BOS","Full",,"team",,,"false","2026-04-24T19:00:00.000-04:00","scheduled","PHI","ED174C","Philadelphia","76ers","true","false","false","true","false","NBA","7","3.5","standard","false","217536","https://static.prizepicks.com/images/players/NBA/Paul_George_NBA_player_H4SFculbifsDYkJeMUCIHqCm.webp","8","Philadelphia","Paul George","F","PHI","76ers","11585214","Single Stat","Single Stat","660","true","2026-04-24T19:10:00.000-04:00","Assists","5","Assists","pre_game","true",,"2026-04-23T23:31:06.164-04:00"
,"BOS","007A33","Boston","Celtics","2026-04-23T19:10:00.000-04:00",,"PHI","Full",,"team",,,"false","2026-04-24T19:00:00.000-04:00","scheduled","PHI","ED174C","Philadelphia","76ers","true","false","false","true","false","NBA","7","3.5","standard","false","85744","https://static.prizepicks.com/images/players/NBA/Sam_Hauser_NBA_player_HO74M8ygKdc0YDcjRveTWVHw.webp","30","Boston","Sam Hauser","F","BOS","Celtics","11585268","Single Stat","Single Stat","662","true","2026-04-24T19:10:00.000-04:00","Rebounds","2","Rebounds","pre_game","true",,"2026-04-23T23:30:57.938-04:00"
,"BOS","007A33","Boston","Celtics","2026-04-23T19:10:00.000-04:00",,"BOS","Full",,"team",,,"false","2026-04-24T19:00:00.000-04:00","scheduled","PHI","ED174C","Philadelphia","76ers","true","false","false","true","false","NBA","7","3.5","standard","false","188005","https://static.prizepicks.com/images/players/NBA/Tyrese_Maxey_NBA_player_2Em7ba9RgTz4wL2vdHJo0xwR.webp","0","Philadelphia","Tyrese Maxey","G","PHI","76ers","11585304","Single Stat","Single Stat","664","true","2026-04-24T19:10:00.000-04:00","Rebounds","2","Rebounds","pre_game","true",,"2026-04-23T23:31:06.164-04:00"
,"BOS","007A33","Boston","Celtics","2026-04-23T19:10:00.000-04:00",,"BOS","Full",,"team",,,"false","2026-04-24T19:00:00.000-04:00","scheduled","PHI","ED174C","Philadelphia","76ers","true","false","false","true","false","NBA","7","3.5","standard","false","223940","https://static.prizepicks.com/images/players/NBA/Adem_Bona_NBA_player_do4VYax6rPJ0mPrIPB0xWm5o.webp","30","Philadelphia","Adem Bona","F","PHI","76ers","11592465","Single Stat","Single Stat","671","true","2026-04-24T19:10:00.000-04:00","Points","0","Points","pre_game","true",,"2026-04-23T23:31:06.164-04:00"
"false","BOS","007A33","Boston","Celtics","2026-04-01T08:11:00.000-04:00",,"PHI","Full",,"team",,,"false","2026-04-24T19:00:00.000-04:00","scheduled","PHI","ED174C","Philadelphia","76ers","true","false","false","true","false","NBA","7","3","standard","false","299054","https://static.prizepicks.com/images/manual/Nikola Vučević.png","4","Boston","Nikola Vučević","C","BOS","Celtics","11651624","Single Stat","Single Stat","707","true","2026-04-24T19:10:00.000-04:00","FG Made","7","FG Made","pre_game","true",,"2026-04-24T08:50:25.157-04:00"
"false","BOS","007A33","Boston","Celtics","2026-04-01T08:11:00.000-04:00",,"PHI","Full",,"team",,,"false","2026-04-24T19:00:00.000-04:00","scheduled","PHI","ED174C","Philadelphia","76ers","true","false","false","true","false","NBA","7","3","standard","false","85744","https://static.prizepicks.com/images/players/NBA/Sam_Hauser_NBA_player_HO74M8ygKdc0YDcjRveTWVHw.webp","30","Boston","Sam Hauser","F","BOS","Celtics","11651625","Single Stat","Single Stat","708","true","2026-04-24T19:10:00.000-04:00","FG Made","7","FG Made","pre_game","true",,"2026-04-24T08:41:00.356-04:00"
"false","BOS","007A33","Boston","Celtics","2026-04-01T08:11:00.000-04:00",,"BOS","Full",,"team",,,"false","2026-04-24T19:00:00.000-04:00","scheduled","PHI","ED174C","Philadelphia","76ers","true","false","false","true","false","NBA","7","3","standard","false","223940","https://static.prizepicks.com/images/players/NBA/Adem_Bona_NBA_player_do4VYax6rPJ0mPrIPB0xWm5o.webp","30","Philadelphia","Adem Bona","F","PHI","76ers","11651782","Single Stat","Single Stat","709","true","2026-04-24T19:10:00.000-04:00","FG Attempted","12","FG Attempted","pre_game","true",,"2026-04-24T09:04:13.795-04:00"
"false","BOS","007A33","Boston","Celtics","2026-04-01T08:11:00.000-04:00",,"BOS","Full",,"team",,,"false","2026-04-24T19:00:00.000-04:00","scheduled","PHI","ED174C","Philadelphia","76ers","true","false","false","true","false","NBA","7","3","standard","false","217536","https://static.prizepicks.com/images/players/NBA/Paul_George_NBA_player_H4SFculbifsDYkJeMUCIHqCm.webp","8","Philadelphia","Paul George","F","PHI","76ers","11651856","Single Stat","Single Stat","710","true","2026-04-24T19:10:00.000-04:00","Free Throws Made","11","FTM","pre_game","true",,"2026-04-24T09:15:23.720-04:00"
"true","BOS","007A33","Boston","Celtics","2026-04-23T19:10:00.000-04:00",,"PHI","Full",,"team",,,"false","2026-04-24T19:00:00.000-04:00","scheduled","PHI","ED174C","Philadelphia","76ers","true","false","false","true","false","NBA","7","2.5","standard","false","60021","https://static.prizepicks.com/images/players/NBA/Derrick_White_NBA_player_j31gwnz7z94eWcwKbT1RB8J.webp","9","Boston","Derrick White","G","BOS","Celtics","11585051","Single Stat","Single Stat","711","true","2026-04-24T19:10:00.000-04:00","3-PT Made","4","3PTM","pre_game","true",,"2026-04-24T07:33:23.556-04:00"
,"BOS","007A33","Boston","Celtics","2026-04-23T19:10:00.000-04:00",,"PHI","Full",,"team",,,"false","2026-04-24T19:00:00.000-04:00","scheduled","PHI","ED174C","Philadelphia","76ers","true","false","false","true","false","NBA","7","2.5","standard","false","187999","https://static.prizepicks.com/images/players/NBA/Jayson_Tatum_NBA_player_m62yMQl0xSxuv8M28c75TQG0.webp","0","Boston","Jayson Tatum","F-G","BOS","Celtics","11592501","Single Stat","Single Stat","737","true","2026-04-24T19:10:00.000-04:00","Turnovers","33","Turnovers","pre_game","true",,"2026-04-23T23:30:57.938-04:00"
,"BOS","007A33","Boston","Celtics","2026-04-01T08:11:00.000-04:00",,"BOS","Full",,"team",,,"false","2026-04-24T19:00:00.000-04:00","scheduled","PHI","ED174C","Philadelphia","76ers","true","false","false","true","false","NBA","7","2.5","standard","false","226663","https://static.prizepicks.com/images/players/NBA/Justin_Edwards_NBA_player_gSWhc1qNXvNcrbGrHE11WfGs.webp","11","Philadelphia","Justin Edwards","F","PHI","76ers","11617298","Single Stat","Single Stat","758","true","2026-04-24T19:10:00.000-04:00","3-PT Attempted","8","3PTA","pre_game","true",,"2026-04-24T08:13:18.684-04:00"
"true","BOS","007A33","Boston","Celtics","2026-04-01T08:11:00.000-04:00",,"BOS","Full",,"team",,,"false","2026-04-24T19:00:00.000-04:00","scheduled","PHI","ED174C","Philadelphia","76ers","true","false","false","true","false","NBA","7","2.5","standard","false","226663","https://static.prizepicks.com/images/players/NBA/Justin_Edwards_NBA_player_gSWhc1qNXvNcrbGrHE11WfGs.webp","11","Philadelphia","Justin Edwards","F","PHI","76ers","11617315","Single Stat","Single Stat","761","true","2026-04-24T19:10:00.000-04:00","Two Pointers Attempted","1000","2-PT Att","pre_game","true",,"2026-04-24T09:08:34.081-04:00"
,"BOS","007A33","Boston","Celtics","2026-04-01T08:11:00.000-04:00",,"BOS","Full",,"team",,,"false","2026-04-24T19:00:00.000-04:00","scheduled","PHI","ED174C","Philadelphia","76ers","true","false","false","true","false","NBA","7","2.5","standard","false","228006","https://static.prizepicks.com/images/manual/Quentin_Grimes.png","5","Philadelphia","Quentin Grimes","G","PHI","76ers","11617321","Single Stat","Single Stat","762","true","2026-04-24T19:10:00.000-04:00","3-PT Attempted","8","3PTA","pre_game","true",,"2026-04-24T08:13:18.684-04:00"
,"BOS","007A33","Boston","Celtics","2026-04-01T08:11:00.000-04:00",,"BOS","Full",,"team",,,"false","2026-04-24T19:00:00.000-04:00","scheduled","PHI","ED174C","Philadelphia","76ers","true","false","false","true","false","NBA","7","2.5","standard","false","87376","https://static.prizepicks.com/images/players/NBA/Andre_Drummond_NBA_player_yTx85rs0OpaJusfrmRBYIAaa.webp","1","Philadelphia","Andre Drummond","C","PHI","76ers","11617503","Single Stat","Single Stat","766","true","2026-04-24T19:10:00.000-04:00","FG Made","7","FG Made","pre_game","true",,"2026-04-24T08:12:58.737-04:00"
"false","BOS","007A33","Boston","Celtics","2026-04-01T08:11:00.000-04:00",,"BOS","Full",,"team",,,"false","2026-04-24T19:00:00.000-04:00","scheduled","PHI","ED174C","Philadelphia","76ers","true","false","false","true","false","NBA","7","2.5","standard","false","87376","https://static.prizepicks.com/images/players/NBA/Andre_Drummond_NBA_player_yTx85rs0OpaJusfrmRBYIAaa.webp","1","Philadelphia","Andre Drummond","C","PHI","76ers","11652601","Single Stat","Single Stat","789","true","2026-04-24T19:10:00.000-04:00","Offensive Rebounds","7","Offensive Rebounds","pre_game","true",,"2026-04-24T10:49:35.401-04:00"
"false","BOS","007A33","Boston","Celtics","2026-04-01T08:11:00.000-04:00",,"BOS","Full",,"team",,,"false","2026-04-24T19:00:00.000-04:00","scheduled","PHI","ED174C","Philadelphia","76ers","true","false","false","true","false","NBA","7","2","standard","false","271603","https://static.prizepicks.com/images/manual/VJ_Edgecomb.png","77","Philadelphia","VJ Edgecombe","G","PHI","76ers","11652865","Single Stat","Single Stat","793","true","2026-04-24T19:10:00.000-04:00","3-PT Made","4","3PTM","pre_game","true",,"2026-04-24T11:18:34.226-04:00"
"false","BOS","007A33","Boston","Celtics","2026-04-01T08:11:00.000-04:00",,"PHI","Full",,"team",,,"false","2026-04-24T19:00:00.000-04:00","scheduled","PHI","ED174C","Philadelphia","76ers","true","false","false","true","false","NBA","7","2","standard","false","25443","https://static.prizepicks.com/images/players/NBA/Payton_Pritchard_NBA_player_mETqObZeSRGUv7JuHzL8Roy.webp","11","Boston","Payton Pritchard","G","BOS","Celtics","11655100","Single Stat","Single Stat","794","true","2026-04-24T19:10:00.000-04:00","3-PT Made","4","3PTM","pre_game","true",,"2026-04-24T13:29:27.625-04:00"
"true","BOS","007A33","Boston","Celtics","2026-04-23T19:10:00.000-04:00",,"PHI","Full",,"team",,,"false","2026-04-24T19:00:00.000-04:00","scheduled","PHI","ED174C","Philadelphia","76ers","true","false","false","true","false","NBA","7","1.5","standard","false","188003","https://static.prizepicks.com/images/players/NBA/Jaylen_Brown_NBA_player_utxCqIIRlnJz1PvPg4Ljnl44.webp","7","Boston","Jaylen Brown","G-F","BOS","Celtics","11585082","Single Stat","Single Stat","796","true","2026-04-24T19:10:00.000-04:00","3-PT Made","4","3PTM","pre_game","true",,"2026-04-23T23:30:57.938-04:00"
"true","BOS","007A33","Boston","Celtics","2026-04-23T19:10:00.000-04:00",,"PHI","Full",,"team",,,"false","2026-04-24T19:00:00.000-04:00","scheduled","PHI","ED174C","Philadelphia","76ers","true","false","false","true","false","NBA","7","1.5","standard","false","60021","https://static.prizepicks.com/images/players/NBA/Derrick_White_NBA_player_j31gwnz7z94eWcwKbT1RB8J.webp","9","Boston","Derrick White","G","BOS","Celtics","11592476","Single Stat","Single Stat","811","true","2026-04-24T19:10:00.000-04:00","Turnovers","33","Turnovers","pre_game","true",,"2026-04-23T23:30:57.938-04:00"
,"BOS","007A33","Boston","Celtics","2026-04-23T19:10:00.000-04:00",,"PHI","Full",,"team",,,"false","2026-04-24T19:00:00.000-04:00","scheduled","PHI","ED174C","Philadelphia","76ers","true","false","false","true","false","NBA","7","1.5","standard","false","187999","https://static.prizepicks.com/images/players/NBA/Jayson_Tatum_NBA_player_m62yMQl0xSxuv8M28c75TQG0.webp","0","Boston","Jayson Tatum","F-G","BOS","Celtics","11592494","Single Stat","Single Stat","813","true","2026-04-24T19:10:00.000-04:00","Blks+Stls","31","Blks+Stls","pre_game","true",,"2026-04-23T23:30:57.938-04:00"
"true","BOS","007A33","Boston","Celtics","2026-04-01T08:11:00.000-04:00",,"BOS","Full",,"team",,,"false","2026-04-24T19:00:00.000-04:00","scheduled","PHI","ED174C","Philadelphia","76ers","true","false","false","true","false","NBA","7","1.5","standard","false","228006","https://static.prizepicks.com/images/manual/Quentin_Grimes.png","5","Philadelphia","Quentin Grimes","G","PHI","76ers","11617327","Single Stat","Single Stat","842","true","2026-04-24T19:10:00.000-04:00","Free Throws Attempted","30","FTA","pre_game","true",,"2026-04-24T09:12:24.469-04:00"
,"BOS","007A33","Boston","Celtics","2026-04-01T08:11:00.000-04:00",,"BOS","Full",,"team",,,"false","2026-04-24T19:00:00.000-04:00","scheduled","PHI","ED174C","Philadelphia","76ers","true","false","false","true","false","NBA","7","1.5","standard","false","228006","https://static.prizepicks.com/images/manual/Quentin_Grimes.png","5","Philadelphia","Quentin Grimes","G","PHI","76ers","11617328","Single Stat","Single Stat","843","true","2026-04-24T19:10:00.000-04:00","Personal Fouls","30","Personal Fouls","pre_game","true",,"2026-04-24T08:14:09.758-04:00"
,"BOS","007A33","Boston","Celtics","2026-04-01T08:11:00.000-04:00",,"PHI","Full",,"team",,,"false","2026-04-24T19:00:00.000-04:00","scheduled","PHI","ED174C","Philadelphia","76ers","true","false","false","true","false","NBA","7","1.5","standard","false","299054","https://static.prizepicks.com/images/manual/Nikola Vučević.png","4","Boston","Nikola Vučević","C","BOS","Celtics","11630234","Single Stat","Single Stat","855","true","2026-04-24T19:10:00.000-04:00","Personal Fouls","30","Personal Fouls","pre_game","true",,"2026-04-24T08:14:09.758-04:00"
,"BOS","007A33","Boston","Celtics","2026-04-01T08:11:00.000-04:00",,"BOS","Full",,"team",,,"false","2026-04-24T19:00:00.000-04:00","scheduled","PHI","ED174C","Philadelphia","76ers","true","false","false","true","false","NBA","7","1.5","standard","false","87376","https://static.prizepicks.com/images/players/NBA/Andre_Drummond_NBA_player_yTx85rs0OpaJusfrmRBYIAaa.webp","1","Philadelphia","Andre Drummond","C","PHI","76ers","11630284","Single Stat","Single Stat","857","true","2026-04-24T19:10:00.000-04:00","3-PT Attempted","8","3PTA","pre_game","true",,"2026-04-24T08:13:18.684-04:00"
"true","BOS","007A33","Boston","Celtics","2026-04-23T19:10:00.000-04:00",,"PHI","Full",,"team",,,"false","2026-04-24T19:00:00.000-04:00","scheduled","PHI","ED174C","Philadelphia","76ers","true","false","false","true","false","NBA","7","1.5","standard","false","299054","https://static.prizepicks.com/images/manual/Nikola Vučević.png","4","Boston","Nikola Vučević","C","BOS","Celtics","11630293","Single Stat","Single Stat","859","true","2026-04-24T19:10:00.000-04:00","Assists","5","Assists","pre_game","true",,"2026-04-24T11:44:53.840-04:00"
,"BOS","007A33","Boston","Celtics","2026-04-01T08:11:00.000-04:00",,"BOS","Full",,"team",,,"false","2026-04-24T19:00:00.000-04:00","scheduled","PHI","ED174C","Philadelphia","76ers","true","false","false","true","false","NBA","7","1.5","standard","false","226663","https://static.prizepicks.com/images/players/NBA/Justin_Edwards_NBA_player_gSWhc1qNXvNcrbGrHE11WfGs.webp","11","Philadelphia","Justin Edwards","F","PHI","76ers","11633580","Single Stat","Single Stat","863","true","2026-04-24T19:10:00.000-04:00","Personal Fouls","30","Personal Fouls","pre_game","true",,"2026-04-24T08:14:09.758-04:00"
"false","BOS","007A33","Boston","Celtics","2026-04-01T08:11:00.000-04:00",,"BOS","Full",,"team",,,"false","2026-04-24T19:00:00.000-04:00","scheduled","PHI","ED174C","Philadelphia","76ers","true","false","false","true","false","NBA","7","1.5","standard","false","271603","https://static.prizepicks.com/images/manual/VJ_Edgecomb.png","77","Philadelphia","VJ Edgecombe","G","PHI","76ers","11652603","Single Stat","Single Stat","885","true","2026-04-24T19:10:00.000-04:00","Offensive Rebounds","7","Offensive Rebounds","pre_game","true",,"2026-04-24T10:40:44.837-04:00"
,"BOS","007A33","Boston","Celtics","2026-04-01T08:11:00.000-04:00",,"PHI","Full",,"team",,,"false","2026-04-24T19:00:00.000-04:00","scheduled","PHI","ED174C","Philadelphia","76ers","true","false","false","true","false","NBA","7","0.5","standard","false","25443","https://static.prizepicks.com/images/players/NBA/Payton_Pritchard_NBA_player_mETqObZeSRGUv7JuHzL8Roy.webp","11","Boston","Payton Pritchard","G","BOS","Celtics","11592547","Single Stat","Single Stat","910","true","2026-04-24T19:10:00.000-04:00","Free Throws Made","11","FTM","pre_game","true",,"2026-04-24T08:13:40.052-04:00"
,"BOS","007A33","Boston","Celtics","2026-04-23T19:10:00.000-04:00",,"PHI","Full",,"team",,,"false","2026-04-24T19:00:00.000-04:00","scheduled","PHI","ED174C","Philadelphia","76ers","true","false","false","true","false","NBA","7","0.5","standard","false","25443","https://static.prizepicks.com/images/players/NBA/Payton_Pritchard_NBA_player_mETqObZeSRGUv7JuHzL8Roy.webp","11","Boston","Payton Pritchard","G","BOS","Celtics","11592551","Single Stat","Single Stat","911","true","2026-04-24T19:10:00.000-04:00","Steals","24","Steals","pre_game","true",,"2026-04-23T23:30:57.938-04:00"
"true","BOS","007A33","Boston","Celtics","2026-04-23T19:10:00.000-04:00",,"BOS","Full",,"team",,,"false","2026-04-24T19:00:00.000-04:00","scheduled","PHI","ED174C","Philadelphia","76ers","true","false","false","true","false","NBA","7","0.5","standard","false","226663","https://static.prizepicks.com/images/players/NBA/Justin_Edwards_NBA_player_gSWhc1qNXvNcrbGrHE11WfGs.webp","11","Philadelphia","Justin Edwards","F","PHI","76ers","11617312","Single Stat","Single Stat","931","true","2026-04-24T19:10:00.000-04:00","Steals","24","Steals","pre_game","true",,"2026-04-24T09:11:40.974-04:00"
,"BOS","007A33","Boston","Celtics","2026-04-23T19:10:00.000-04:00",,"BOS","Full",,"team",,,"false","2026-04-24T19:00:00.000-04:00","scheduled","PHI","ED174C","Philadelphia","76ers","true","false","false","true","false","NBA","7","0.5","standard","false","228006","https://static.prizepicks.com/images/manual/Quentin_Grimes.png","5","Philadelphia","Quentin Grimes","G","PHI","76ers","11617325","Single Stat","Single Stat","933","true","2026-04-24T19:10:00.000-04:00","Blks+Stls","31","Blks+Stls","pre_game","true",,"2026-04-23T23:31:06.164-04:00"
,"BOS","007A33","Boston","Celtics","2026-04-23T19:10:00.000-04:00",,"BOS","Full",,"team",,,"false","2026-04-24T19:00:00.000-04:00","scheduled","PHI","ED174C","Philadelphia","76ers","true","false","false","true","false","NBA","7","0.5","standard","false","87376","https://static.prizepicks.com/images/players/NBA/Andre_Drummond_NBA_player_yTx85rs0OpaJusfrmRBYIAaa.webp","1","Philadelphia","Andre Drummond","C","PHI","76ers","11617513","Single Stat","Single Stat","942","true","2026-04-24T19:10:00.000-04:00","Steals","24","Steals","pre_game","true",,"2026-04-23T23:31:06.164-04:00"
"false","BOS","007A33","Boston","Celtics","2026-04-01T08:11:00.000-04:00",,"BOS","Full",,"team",,,"false","2026-04-24T19:00:00.000-04:00","scheduled","PHI","ED174C","Philadelphia","76ers","true","false","false","true","false","NBA","7","0.5","standard","false","174595","https://static.prizepicks.com/images/players/NBA/Kelly_Oubre_Jr._NBA_player_XUGImHjsqxeRtcBiPgSDXMYm.webp","9","Philadelphia","Kelly Oubre","F-G","PHI","76ers","11652481","Single Stat","Single Stat","984","true","2026-04-24T19:10:00.000-04:00","Dunks","18","Dunks","pre_game","true",,"2026-04-24T10:26:04.146-04:00"
"false","BOS","007A33","Boston","Celtics","2026-04-01T08:11:00.000-04:00",,"PHI","Full",,"team",,,"false","2026-04-24T19:00:00.000-04:00","scheduled","PHI","ED174C","Philadelphia","76ers","true","false","false","true","false","NBA","7","0.5","standard","false","25443","https://static.prizepicks.com/images/players/NBA/Payton_Pritchard_NBA_player_mETqObZeSRGUv7JuHzL8Roy.webp","11","Boston","Payton Pritchard","G","BOS","Celtics","11652773","Single Stat","Single Stat","991","true","2026-04-24T19:10:00.000-04:00","Offensive Rebounds","7","Offensive Rebounds","pre_game","true",,"2026-04-24T11:04:44.235-04:00"
"false","LAL","FDB927","Los Angeles","Lakers","2026-04-01T19:49:00.000-04:00",,"LAL/HOU","Full",,"combo",,,"false","2026-04-24T20:00:00.000-04:00","scheduled","HOU","CE1141","Houston","Rockets","true","false","false","true","false","NBA","7","47.5","standard","true","307820","https://static.prizepicks.com/images/players/CMBO_group_1OkVGNDOXZMcfQDy80aZHar8.webp","7 + 23",,"Kevin Durant + LeBron James","F","HOU/LAL","Rockets/Lakers","11594192","Single Stat","Single Stat","1001","true","2026-04-24T20:10:00.000-04:00","Points (Combo)","19","Points","pre_game","true",,"2026-04-23T22:00:24.913-04:00"
"false","LAL","FDB927","Los Angeles","Lakers","2026-04-01T08:11:00.000-04:00",,"HOU","Full",,"team",,,"false","2026-04-24T20:00:00.000-04:00","scheduled","HOU","CE1141","Houston","Rockets","true","false","false","true","false","NBA","7","46.5","standard","false","188012","https://static.prizepicks.com/images/players/nba/LeBron_James_0afbe608-940a-4d5d-a1f7-468718c67d91.webp","23","Los Angeles","LeBron James","F","LAL","Lakers","11652004","Fantasy Score","Fantasy Score","1003","true","2026-04-24T20:10:00.000-04:00","Fantasy Score","6","Fantasy Score","pre_game","true",,"2026-04-24T09:21:13.380-04:00"
"false","LAL","FDB927","Los Angeles","Lakers","2026-04-01T19:49:00.000-04:00",,"LAL/HOU","Full",,"combo",,,"false","2026-04-24T20:00:00.000-04:00","scheduled","HOU","CE1141","Houston","Rockets","true","false","false","true","false","NBA","7","44.5","standard","true","307814","https://static.prizepicks.com/images/players/CMBO_group_liEtCZaOgdgyK9vmgQDLNgQg.webp","28 + 23",,"Alperen Sengun + LeBron James","C","HOU/LAL","Rockets/Lakers","11594271","Single Stat","Single Stat","1009","true","2026-04-24T20:10:00.000-04:00","Points (Combo)","19","Points","pre_game","true",,"2026-04-23T22:00:24.913-04:00"
"false","LAL","FDB927","Los Angeles","Lakers","2026-04-01T08:11:00.000-04:00",,"LAL","Full",,"team",,,"false","2026-04-24T20:00:00.000-04:00","scheduled","HOU","CE1141","Houston","Rockets","true","false","false","true","false","NBA","7","43.5","standard","false","55716","https://static.prizepicks.com/images/players/NBA/Alperen_Sengun_NBA_player_MDK6kDvHMx5WTOvQ8y4FbDYv.webp","28","Houston","Alperen Sengun","C","HOU","Rockets","11651983","Fantasy Score","Fantasy Score","1010","true","2026-04-24T20:10:00.000-04:00","Fantasy Score","6","Fantasy Score","pre_game","true",,"2026-04-24T09:28:39.514-04:00"
"false","LAL","FDB927","Los Angeles","Lakers","2026-04-01T19:49:00.000-04:00",,"LAL/HOU","Full",,"combo",,,"false","2026-04-24T20:00:00.000-04:00","scheduled","HOU","CE1141","Houston","Rockets","true","false","false","true","false","NBA","7","41.5","standard","true","307815","https://static.prizepicks.com/images/players/CMBO_group_isgYku3mYqCqdus0asTLPoxE.webp","1 + 23",,"Amen Thompson + LeBron James","G-F","HOU/LAL","Rockets/Lakers","11594304","Single Stat","Single Stat","1011","true","2026-04-24T20:10:00.000-04:00","Points (Combo)","19","Points","pre_game","true",,"2026-04-23T22:00:24.913-04:00"
"false","LAL","FDB927","Los Angeles","Lakers","2026-04-01T08:11:00.000-04:00",,"LAL","Full",,"team",,,"false","2026-04-24T20:00:00.000-04:00","scheduled","HOU","CE1141","Houston","Rockets","true","false","false","true","false","NBA","7","40","standard","false","265114","https://static.prizepicks.com/images/manual/kevindurant.webp","7","Houston","Kevin Durant","F","HOU","Rockets","11651989","Fantasy Score","Fantasy Score","1013","true","2026-04-24T20:10:00.000-04:00","Fantasy Score","6","Fantasy Score","pre_game","true",,"2026-04-24T09:24:10.254-04:00"
,"LAL","FDB927","Los Angeles","Lakers","2026-04-23T20:10:00.000-04:00",,"HOU","Full",,"team",,,"false","2026-04-24T20:00:00.000-04:00","scheduled","HOU","CE1141","Houston","Rockets","true","false","false","true","false","NBA","7","39.5","standard","false","188012","https://static.prizepicks.com/images/players/nba/LeBron_James_0afbe608-940a-4d5d-a1f7-468718c67d91.webp","23","Los Angeles","LeBron James","F","LAL","Lakers","11593070","Single Stat","Single Stat","1014","true","2026-04-24T20:10:00.000-04:00","Pts+Rebs+Asts","1","PRA","pre_game","true",,"2026-04-24T09:16:02.937-04:00"
"false","LAL","FDB927","Los Angeles","Lakers","2026-04-01T08:11:00.000-04:00",,"LAL","Full",,"team",,,"false","2026-04-24T20:00:00.000-04:00","scheduled","HOU","CE1141","Houston","Rockets","true","false","false","true","false","NBA","7","38.5","standard","false","174285","https://static.prizepicks.com/images/manual/amenthom.png","1","Houston","Amen Thompson","G-F","HOU","Rockets","11651984","Fantasy Score","Fantasy Score","1023","true","2026-04-24T20:10:00.000-04:00","Fantasy Score","6","Fantasy Score","pre_game","true",,"2026-04-24T09:23:39.304-04:00"
,"LAL","FDB927","Los Angeles","Lakers","2026-04-23T20:10:00.000-04:00",,"LAL","Full",,"team",,,"false","2026-04-24T20:00:00.000-04:00","scheduled","HOU","CE1141","Houston","Rockets","true","false","false","true","false","NBA","7","35.5","standard","false","55716","https://static.prizepicks.com/images/players/NBA/Alperen_Sengun_NBA_player_MDK6kDvHMx5WTOvQ8y4FbDYv.webp","28","Houston","Alperen Sengun","C","HOU","Rockets","11592996","Single Stat","Single Stat","1029","true","2026-04-24T20:10:00.000-04:00","Pts+Rebs+Asts","1","PRA","pre_game","true",,"2026-04-23T23:31:25.631-04:00"
"false","LAL","FDB927","Los Angeles","Lakers","2026-04-01T19:49:00.000-04:00",,"LAL/HOU","Full",,"combo",,,"false","2026-04-24T20:00:00.000-04:00","scheduled","HOU","CE1141","Houston","Rockets","true","false","false","true","false","NBA","7","35","standard","true","314945","https://static.prizepicks.com/images/players/CMBO_group_74OdHgp2AN89FAKdURcNPtVp.webp","28",,"Alperen Sengun + Rui Hachimura","C","HOU/LAL","Rockets/Lakers","11594283","Single Stat","Single Stat","1031","true","2026-04-24T20:10:00.000-04:00","Points (Combo)","19","Points","pre_game","true",,"2026-04-23T22:00:24.913-04:00"
,"LAL","FDB927","Los Angeles","Lakers","2026-04-23T20:10:00.000-04:00",,"LAL","Full",,"team",,,"false","2026-04-24T20:00:00.000-04:00","scheduled","HOU","CE1141","Houston","Rockets","true","false","false","true","false","NBA","7","34.5","standard","false","265114","https://static.prizepicks.com/images/manual/kevindurant.webp","7","Houston","Kevin Durant","F","HOU","Rockets","11593054","Single Stat","Single Stat","1032","true","2026-04-24T20:10:00.000-04:00","Pts+Rebs+Asts","1","PRA","pre_game","true",,"2026-04-24T10:18:28.941-04:00"
"false","LAL","FDB927","Los Angeles","Lakers","2026-04-01T19:49:00.000-04:00",,"LAL/HOU","Full",,"combo",,,"false","2026-04-24T20:00:00.000-04:00","scheduled","HOU","CE1141","Houston","Rockets","true","false","false","true","false","NBA","7","34.5","standard","true","314943","https://static.prizepicks.com/images/manual/Alperen Sengun + Luke Kennard.png","28 + 10",,"Alperen Sengun + Luke Kennard","C","HOU/LAL","Rockets/Lakers","11594224","Single Stat","Single Stat","1042","true","2026-04-24T20:10:00.000-04:00","Points (Combo)","19","Points","pre_game","true",,"2026-04-24T09:27:21.533-04:00"
,"LAL","FDB927","Los Angeles","Lakers","2026-04-23T20:10:00.000-04:00",,"HOU","Full",,"team",,,"false","2026-04-24T20:00:00.000-04:00","scheduled","HOU","CE1141","Houston","Rockets","true","false","false","true","false","NBA","7","32.5","standard","false","188012","https://static.prizepicks.com/images/players/nba/LeBron_James_0afbe608-940a-4d5d-a1f7-468718c67d91.webp","23","Los Angeles","LeBron James","F","LAL","Lakers","11593068","Single Stat","Single Stat","1045","true","2026-04-24T20:10:00.000-04:00","Pts+Asts","10","Pts+Asts","pre_game","true",,"2026-04-23T23:31:19.994-04:00"
"false","LAL","FDB927","Los Angeles","Lakers","2026-04-01T19:49:00.000-04:00",,"LAL/HOU","Full",,"combo",,,"false","2026-04-24T20:00:00.000-04:00","scheduled","HOU","CE1141","Houston","Rockets","true","false","false","true","false","NBA","7","32.5","standard","true","314942","https://static.prizepicks.com/images/players/CMBO_group_pMNeLvMuBNixIuXi8SvyRKMt.webp","28 + 36",,"Alperen Sengun + Marcus Smart","C","HOU/LAL","Rockets/Lakers","11594204","Single Stat","Single Stat","1046","true","2026-04-24T20:10:00.000-04:00","Points (Combo)","19","Points","pre_game","true",,"2026-04-23T22:00:24.913-04:00"
"false","LAL","FDB927","Los Angeles","Lakers","2026-04-01T19:49:00.000-04:00",,"LAL/HOU","Full",,"combo",,,"false","2026-04-24T20:00:00.000-04:00","scheduled","HOU","CE1141","Houston","Rockets","true","false","false","true","false","NBA","7","32","standard","true","314944","https://static.prizepicks.com/images/manual/Amen Thompson + Luke Kennard.png","1 + 10",,"Amen Thompson + Luke Kennard","G-F","HOU/LAL","Rockets/Lakers","11594274","Single Stat","Single Stat","1050","true","2026-04-24T20:10:00.000-04:00","Points (Combo)","19","Points","pre_game","true",,"2026-04-23T22:00:24.913-04:00"
"false","LAL","FDB927","Los Angeles","Lakers","2026-04-01T19:49:00.000-04:00",,"LAL/HOU","Full",,"combo",,,"false","2026-04-24T20:00:00.000-04:00","scheduled","HOU","CE1141","Houston","Rockets","true","false","false","true","false","NBA","7","31.5","standard","true","314946","https://static.prizepicks.com/images/players/CMBO_group_V1wDzuutZACdhUkJ7lNzvMOt.webp","1 + 28",,"Amen Thompson + Rui Hachimura","G-F","HOU/LAL","Rockets/Lakers","11594295","Single Stat","Single Stat","1051","true","2026-04-24T20:10:00.000-04:00","Points (Combo)","19","Points","pre_game","true",,"2026-04-23T22:00:24.913-04:00"
,"LAL","FDB927","Los Angeles","Lakers","2026-04-23T20:10:00.000-04:00",,"LAL","Full",,"team",,,"false","2026-04-24T20:00:00.000-04:00","scheduled","HOU","CE1141","Houston","Rockets","true","false","false","true","false","NBA","7","30.5","standard","false","174285","https://static.prizepicks.com/images/manual/amenthom.png","1","Houston","Amen Thompson","G-F","HOU","Rockets","11593011","Single Stat","Single Stat","1056","true","2026-04-24T20:10:00.000-04:00","Pts+Rebs+Asts","1","PRA","pre_game","true",,"2026-04-23T23:31:25.631-04:00"
,"LAL","FDB927","Los Angeles","Lakers","2026-04-23T20:10:00.000-04:00",,"HOU","Full",,"team",,,"false","2026-04-24T20:00:00.000-04:00","scheduled","HOU","CE1141","Houston","Rockets","true","false","false","true","false","NBA","7","30.5","standard","false","188012","https://static.prizepicks.com/images/players/nba/LeBron_James_0afbe608-940a-4d5d-a1f7-468718c67d91.webp","23","Los Angeles","LeBron James","F","LAL","Lakers","11593069","Single Stat","Single Stat","1057","true","2026-04-24T20:10:00.000-04:00","Pts+Rebs","18","Pts+Rebs","pre_game","true",,"2026-04-24T12:06:22.332-04:00"
,"LAL","FDB927","Los Angeles","Lakers","2026-04-23T20:10:00.000-04:00",,"LAL","Full",,"team",,,"false","2026-04-24T20:00:00.000-04:00","scheduled","HOU","CE1141","Houston","Rockets","true","false","false","true","false","NBA","7","29.5","standard","false","55716","https://static.prizepicks.com/images/players/NBA/Alperen_Sengun_NBA_player_MDK6kDvHMx5WTOvQ8y4FbDYv.webp","28","Houston","Alperen Sengun","C","HOU","Rockets","11592995","Single Stat","Single Stat","1059","true","2026-04-24T20:10:00.000-04:00","Pts+Rebs","18","Pts+Rebs","pre_game","true",,"2026-04-23T23:31:25.631-04:00"
,"LAL","FDB927","Los Angeles","Lakers","2026-04-23T20:10:00.000-04:00",,"LAL","Full",,"team",,,"false","2026-04-24T20:00:00.000-04:00","scheduled","HOU","CE1141","Houston","Rockets","true","false","false","true","false","NBA","7","29.5","standard","false","265114","https://static.prizepicks.com/images/manual/kevindurant.webp","7","Houston","Kevin Durant","F","HOU","Rockets","11593053","Single Stat","Single Stat","1060","true","2026-04-24T20:10:00.000-04:00","Pts+Rebs","18","Pts+Rebs","pre_game","true",,"2026-04-24T13:42:07.393-04:00"
"false","LAL","FDB927","Los Angeles","Lakers","2026-04-01T19:49:00.000-04:00",,"LAL/HOU","Full",,"combo",,,"false","2026-04-24T20:00:00.000-04:00","scheduled","HOU","CE1141","Houston","Rockets","true","false","false","true","false","NBA","7","29.5","standard","true","314948","https://static.prizepicks.com/images/manual/Jabari Smith + Luke Kennard.png","10",,"Jabari Smith + Luke Kennard","F","HOU/LAL","Rockets/Lakers","11638517","Single Stat","Single Stat","1076","true","2026-04-24T20:10:00.000-04:00","Points (Combo)","19","Points","pre_game","true",,"2026-04-23T22:35:26.063-04:00"
"false","LAL","FDB927","Los Angeles","Lakers","2026-04-01T08:11:00.000-04:00",,"LAL","Full",,"team",,,"false","2026-04-24T20:00:00.000-04:00","scheduled","HOU","CE1141","Houston","Rockets","true","false","false","true","false","NBA","7","29.5","standard","false","79867","https://static.prizepicks.com/images/players/NBA/Jabari_Smith_NBA_player_ci1Do1I1DugpXxHkdZW3pTYE.webp","10","Houston","Jabari Smith","F","HOU","Rockets","11651985","Fantasy Score","Fantasy Score","1077","true","2026-04-24T20:10:00.000-04:00","Fantasy Score","6","Fantasy Score","pre_game","true",,"2026-04-24T09:36:19.094-04:00"
,"LAL","FDB927","Los Angeles","Lakers","2026-04-23T20:10:00.000-04:00",,"LAL","Full",,"team",,,"false","2026-04-24T20:00:00.000-04:00","scheduled","HOU","CE1141","Houston","Rockets","true","false","false","true","false","NBA","7","28.5","standard","false","265114","https://static.prizepicks.com/images/manual/kevindurant.webp","7","Houston","Kevin Durant","F","HOU","Rockets","11593052","Single Stat","Single Stat","1078","true","2026-04-24T20:10:00.000-04:00","Pts+Asts","10","Pts+Asts","pre_game","true",,"2026-04-23T23:31:25.631-04:00"
"false","LAL","FDB927","Los Angeles","Lakers","2026-04-01T08:11:00.000-04:00",,"HOU","Full",,"team",,,"false","2026-04-24T20:00:00.000-04:00","scheduled","HOU","CE1141","Houston","Rockets","true","false","false","true","false","NBA","7","27","standard","false","269516","https://static.prizepicks.com/images/manual/Deandre Ayton.png","5","Los Angeles","Deandre Ayton","C","LAL","Lakers","11651995","Fantasy Score","Fantasy Score","1092","true","2026-04-24T20:10:00.000-04:00","Fantasy Score","6","Fantasy Score","pre_game","true",,"2026-04-24T09:33:36.546-04:00"
,"LAL","FDB927","Los Angeles","Lakers","2026-04-23T20:10:00.000-04:00",,"LAL","Full",,"team",,,"false","2026-04-24T20:00:00.000-04:00","scheduled","HOU","CE1141","Houston","Rockets","true","false","false","true","false","NBA","7","26.5","standard","false","55716","https://static.prizepicks.com/images/players/NBA/Alperen_Sengun_NBA_player_MDK6kDvHMx5WTOvQ8y4FbDYv.webp","28","Houston","Alperen Sengun","C","HOU","Rockets","11592994","Single Stat","Single Stat","1093","true","2026-04-24T20:10:00.000-04:00","Pts+Asts","10","Pts+Asts","pre_game","true",,"2026-04-24T00:43:51.502-04:00"
"false","LAL","FDB927","Los Angeles","Lakers","2026-04-01T08:11:00.000-04:00",,"HOU","Full",,"team",,,"false","2026-04-24T20:00:00.000-04:00","scheduled","HOU","CE1141","Houston","Rockets","true","false","false","true","false","NBA","7","25.5","standard","false","299434","https://static.prizepicks.com/images/manual/Luke_KennardLAL.png","10","Los Angeles","Luke Kennard","G","LAL","Lakers","11652007","Fantasy Score","Fantasy Score","1100","true","2026-04-24T20:10:00.000-04:00","Fantasy Score","6","Fantasy Score","pre_game","true",,"2026-04-24T09:21:34.752-04:00"
"false","LAL","FDB927","Los Angeles","Lakers","2026-04-01T08:11:00.000-04:00",,"HOU","Full",,"team",,,"false","2026-04-24T20:00:00.000-04:00","scheduled","HOU","CE1141","Houston","Rockets","true","false","false","true","false","NBA","7","25.5","standard","false","269532","https://static.prizepicks.com/images/players/NBA/Marcus_Smart_NBA_player_3IwFmERFX6cbC5PnKrmA3XxI.webp","36","Los Angeles","Marcus Smart","G","LAL","Lakers","11652011","Fantasy Score","Fantasy Score","1101","true","2026-04-24T20:10:00.000-04:00","Fantasy Score","6","Fantasy Score","pre_game","true",,"2026-04-24T09:21:55.806-04:00"
,"LAL","FDB927","Los Angeles","Lakers","2026-04-23T20:10:00.000-04:00",,"LAL","Full",,"team",,,"false","2026-04-24T20:00:00.000-04:00","scheduled","HOU","CE1141","Houston","Rockets","true","false","false","true","false","NBA","7","25","standard","false","174285","https://static.prizepicks.com/images/manual/amenthom.png","1","Houston","Amen Thompson","G-F","HOU","Rockets","11593010","Single Stat","Single Stat","1102","true","2026-04-24T20:10:00.000-04:00","Pts+Rebs","18","Pts+Rebs","pre_game","true",,"2026-04-24T14:07:39.176-04:00"
,"LAL","FDB927","Los Angeles","Lakers","2026-04-23T20:10:00.000-04:00",,"LAL","Full",,"team",,,"false","2026-04-24T20:00:00.000-04:00","scheduled","HOU","CE1141","Houston","Rockets","true","false","false","true","false","NBA","7","23.5","standard","false","174285","https://static.prizepicks.com/images/manual/amenthom.png","1","Houston","Amen Thompson","G-F","HOU","Rockets","11593009","Single Stat","Single Stat","1125","true","2026-04-24T20:10:00.000-04:00","Pts+Asts","10","Pts+Asts","pre_game","true",,"2026-04-23T23:31:25.631-04:00"
,"LAL","FDB927","Los Angeles","Lakers","2026-04-23T20:10:00.000-04:00",,"LAL","Full",,"team",,,"false","2026-04-24T20:00:00.000-04:00","scheduled","HOU","CE1141","Houston","Rockets","true","false","false","true","false","NBA","7","23.5","standard","false","265114","https://static.prizepicks.com/images/manual/kevindurant.webp","7","Houston","Kevin Durant","F","HOU","Rockets","11593050","Single Stat","Single Stat","1126","true","2026-04-24T20:10:00.000-04:00","Points","0","Points","pre_game","true",,"2026-04-24T10:13:55.868-04:00"
,"LAL","FDB927","Los Angeles","Lakers","2026-04-23T20:10:00.000-04:00",,"HOU","Full",,"team",,,"false","2026-04-24T20:00:00.000-04:00","scheduled","HOU","CE1141","Houston","Rockets","true","false","false","true","false","NBA","7","23.5","standard","false","188012","https://static.prizepicks.com/images/players/nba/LeBron_James_0afbe608-940a-4d5d-a1f7-468718c67d91.webp","23","Los Angeles","LeBron James","F","LAL","Lakers","11593066","Single Stat","Single Stat","1127","true","2026-04-24T20:10:00.000-04:00","Points","0","Points","pre_game","true",,"2026-04-24T13:39:12.556-04:00"
,"LAL","FDB927","Los Angeles","Lakers","2026-04-23T20:10:00.000-04:00",,"LAL","Full",,"team",,,"false","2026-04-24T20:00:00.000-04:00","scheduled","HOU","CE1141","Houston","Rockets","true","false","false","true","false","NBA","7","23.5","standard","false","79867","https://static.prizepicks.com/images/players/NBA/Jabari_Smith_NBA_player_ci1Do1I1DugpXxHkdZW3pTYE.webp","10","Houston","Jabari Smith","F","HOU","Rockets","11593437","Single Stat","Single Stat","1128","true","2026-04-24T20:10:00.000-04:00","Pts+Rebs+Asts","1","PRA","pre_game","true",,"2026-04-23T23:31:25.631-04:00"
"false","LAL","FDB927","Los Angeles","Lakers","2026-04-01T08:11:00.000-04:00",,"LAL","Full",,"team",,,"false","2026-04-24T20:00:00.000-04:00","scheduled","HOU","CE1141","Houston","Rockets","true","false","false","true","false","NBA","7","22.5","standard","false","92908","https://static.prizepicks.com/images/players/NBA/Tari_Eason_NBA_player_2SDGUfmgoxDvwBTvUIST5lgc.webp","17","Houston","Tari Eason","F","HOU","Rockets","11651992","Fantasy Score","Fantasy Score","1139","true","2026-04-24T20:10:00.000-04:00","Fantasy Score","6","Fantasy Score","pre_game","true",,"2026-04-24T12:24:16.385-04:00"
"false","LAL","FDB927","Los Angeles","Lakers","2026-04-01T08:11:00.000-04:00",,"HOU","Full",,"team",,,"false","2026-04-24T20:00:00.000-04:00","scheduled","HOU","CE1141","Houston","Rockets","true","false","false","true","false","NBA","7","22.5","standard","false","95575","https://static.prizepicks.com/images/players/NBA/Rui_Hachimura_NBA_player_NjpblF7fZNwR0X80b0E1ZiaU.webp","28","Los Angeles","Rui Hachimura","F","LAL","Lakers","11652014","Fantasy Score","Fantasy Score","1140","true","2026-04-24T20:10:00.000-04:00","Fantasy Score","6","Fantasy Score","pre_game","true",,"2026-04-24T12:32:22.730-04:00"
,"LAL","FDB927","Los Angeles","Lakers","2026-04-23T20:10:00.000-04:00",,"LAL","Full",,"team",,,"false","2026-04-24T20:00:00.000-04:00","scheduled","HOU","CE1141","Houston","Rockets","true","false","false","true","false","NBA","7","22","standard","false","79867","https://static.prizepicks.com/images/players/NBA/Jabari_Smith_NBA_player_ci1Do1I1DugpXxHkdZW3pTYE.webp","10","Houston","Jabari Smith","F","HOU","Rockets","11593033","Single Stat","Single Stat","1141","true","2026-04-24T20:10:00.000-04:00","Pts+Rebs","18","Pts+Rebs","pre_game","true",,"2026-04-23T23:31:25.631-04:00"
,"LAL","FDB927","Los Angeles","Lakers","2026-04-23T20:10:00.000-04:00",,"HOU","Full",,"team",,,"false","2026-04-24T20:00:00.000-04:00","scheduled","HOU","CE1141","Houston","Rockets","true","false","false","true","false","NBA","7","22","standard","false","269516","https://static.prizepicks.com/images/manual/Deandre Ayton.png","5","Los Angeles","Deandre Ayton","C","LAL","Lakers","11597735","Single Stat","Single Stat","1142","true","2026-04-24T20:10:00.000-04:00","Pts+Rebs+Asts","1","PRA","pre_game","true",,"2026-04-24T13:56:16.138-04:00"
,"LAL","FDB927","Los Angeles","Lakers","2026-04-23T20:10:00.000-04:00",,"HOU","Full",,"team",,,"false","2026-04-24T20:00:00.000-04:00","scheduled","HOU","CE1141","Houston","Rockets","true","false","false","true","false","NBA","7","21.5","standard","false","299434","https://static.prizepicks.com/images/manual/Luke_KennardLAL.png","10","Los Angeles","Luke Kennard","G","LAL","Lakers","11593083","Single Stat","Single Stat","1143","true","2026-04-24T20:10:00.000-04:00","Pts+Rebs+Asts","1","PRA","pre_game","true",,"2026-04-23T23:31:19.994-04:00"
,"LAL","FDB927","Los Angeles","Lakers","2026-04-23T20:10:00.000-04:00",,"HOU","Full",,"team",,,"false","2026-04-24T20:00:00.000-04:00","scheduled","HOU","CE1141","Houston","Rockets","true","false","false","true","false","NBA","7","20.5","standard","false","269516","https://static.prizepicks.com/images/manual/Deandre Ayton.png","5","Los Angeles","Deandre Ayton","C","LAL","Lakers","11593022","Single Stat","Single Stat","1152","true","2026-04-24T20:10:00.000-04:00","Pts+Rebs","18","Pts+Rebs","pre_game","true",,"2026-04-23T23:31:19.994-04:00"
,"LAL","FDB927","Los Angeles","Lakers","2026-04-23T20:10:00.000-04:00",,"LAL","Full",,"team",,,"false","2026-04-24T20:00:00.000-04:00","scheduled","HOU","CE1141","Houston","Rockets","true","false","false","true","false","NBA","7","20.5","standard","false","55716","https://static.prizepicks.com/images/players/NBA/Alperen_Sengun_NBA_player_MDK6kDvHMx5WTOvQ8y4FbDYv.webp","28","Houston","Alperen Sengun","C","HOU","Rockets","11593436","Single Stat","Single Stat","1153","true","2026-04-24T20:10:00.000-04:00","Points","0","Points","pre_game","true",,"2026-04-23T23:31:25.631-04:00"
"false","LAL","FDB927","Los Angeles","Lakers","2026-04-01T08:11:00.000-04:00",,"LAL","Full",,"team",,,"false","2026-04-24T20:00:00.000-04:00","scheduled","HOU","CE1141","Houston","Rockets","true","false","false","true","false","NBA","7","20.5","standard","false","221514","https://static.prizepicks.com/images/players/NBA/Reed_Sheppard_NBA_player_WkcelnNzKfVZHTN7vTYM4JYf.webp","15","Houston","Reed Sheppard","G","HOU","Rockets","11651990","Fantasy Score","Fantasy Score","1161","true","2026-04-24T20:10:00.000-04:00","Fantasy Score","6","Fantasy Score","pre_game","true",,"2026-04-24T13:51:52.876-04:00"
,"LAL","FDB927","Los Angeles","Lakers","2026-04-23T20:10:00.000-04:00",,"HOU","Full",,"team",,,"false","2026-04-24T20:00:00.000-04:00","scheduled","HOU","CE1141","Houston","Rockets","true","false","false","true","false","NBA","7","19.5","standard","false","269532","https://static.prizepicks.com/images/players/NBA/Marcus_Smart_NBA_player_3IwFmERFX6cbC5PnKrmA3XxI.webp","36","Los Angeles","Marcus Smart","G","LAL","Lakers","11593099","Single Stat","Single Stat","1172","true","2026-04-24T20:10:00.000-04:00","Pts+Rebs+Asts","1","PRA","pre_game","true",,"2026-04-24T10:56:41.728-04:00"
"false","LAL","FDB927","Los Angeles","Lakers","2026-04-01T08:11:00.000-04:00",,"HOU","Full",,"team",,,"false","2026-04-24T20:00:00.000-04:00","scheduled","HOU","CE1141","Houston","Rockets","true","false","false","true","false","NBA","7","19","standard","false","188012","https://static.prizepicks.com/images/players/nba/LeBron_James_0afbe608-940a-4d5d-a1f7-468718c67d91.webp","23","Los Angeles","LeBron James","F","LAL","Lakers","11651806","Single Stat","Single Stat","1198","true","2026-04-24T20:10:00.000-04:00","FG Attempted","12","FG Attempted","pre_game","true",,"2026-04-24T08:56:18.185-04:00"
,"LAL","FDB927","Los Angeles","Lakers","2026-04-23T20:10:00.000-04:00",,"HOU","Full",,"team",,,"false","2026-04-24T20:00:00.000-04:00","scheduled","HOU","CE1141","Houston","Rockets","true","false","false","true","false","NBA","7","18.5","standard","false","95575","https://static.prizepicks.com/images/players/NBA/Rui_Hachimura_NBA_player_NjpblF7fZNwR0X80b0E1ZiaU.webp","28","Los Angeles","Rui Hachimura","F","LAL","Lakers","11597807","Single Stat","Single Stat","1203","true","2026-04-24T20:10:00.000-04:00","Pts+Rebs+Asts","1","PRA","pre_game","true",,"2026-04-24T12:23:47.641-04:00"
,"LAL","FDB927","Los Angeles","Lakers","2026-04-23T20:10:00.000-04:00",,"LAL","Full",,"team",,,"false","2026-04-24T20:00:00.000-04:00","scheduled","HOU","CE1141","Houston","Rockets","true","false","false","true","false","NBA","7","17.5","standard","false","174285","https://static.prizepicks.com/images/manual/amenthom.png","1","Houston","Amen Thompson","G-F","HOU","Rockets","11593007","Single Stat","Single Stat","1210","true","2026-04-24T20:10:00.000-04:00","Points","0","Points","pre_game","true",,"2026-04-23T23:31:25.631-04:00"
,"LAL","FDB927","Los Angeles","Lakers","2026-04-23T20:10:00.000-04:00",,"LAL","Full",,"team",,,"false","2026-04-24T20:00:00.000-04:00","scheduled","HOU","CE1141","Houston","Rockets","true","false","false","true","false","NBA","7","17.5","standard","false","79867","https://static.prizepicks.com/images/players/NBA/Jabari_Smith_NBA_player_ci1Do1I1DugpXxHkdZW3pTYE.webp","10","Houston","Jabari Smith","F","HOU","Rockets","11593032","Single Stat","Single Stat","1211","true","2026-04-24T20:10:00.000-04:00","Pts+Asts","10","Pts+Asts","pre_game","true",,"2026-04-24T10:33:08.159-04:00"
,"LAL","FDB927","Los Angeles","Lakers","2026-04-23T20:10:00.000-04:00",,"HOU","Full",,"team",,,"false","2026-04-24T20:00:00.000-04:00","scheduled","HOU","CE1141","Houston","Rockets","true","false","false","true","false","NBA","7","17.5","standard","false","299434","https://static.prizepicks.com/images/manual/Luke_KennardLAL.png","10","Los Angeles","Luke Kennard","G","LAL","Lakers","11593082","Single Stat","Single Stat","1212","true","2026-04-24T20:10:00.000-04:00","Pts+Asts","10","Pts+Asts","pre_game","true",,"2026-04-23T23:31:19.994-04:00"
,"LAL","FDB927","Los Angeles","Lakers","2026-04-23T20:10:00.000-04:00",,"HOU","Full",,"team",,,"false","2026-04-24T20:00:00.000-04:00","scheduled","HOU","CE1141","Houston","Rockets","true","false","false","true","false","NBA","7","17.5","standard","false","269532","https://static.prizepicks.com/images/players/NBA/Marcus_Smart_NBA_player_3IwFmERFX6cbC5PnKrmA3XxI.webp","36","Los Angeles","Marcus Smart","G","LAL","Lakers","11593097","Single Stat","Single Stat","1213","true","2026-04-24T20:10:00.000-04:00","Pts+Asts","10","Pts+Asts","pre_game","true",,"2026-04-24T03:43:18.592-04:00"
,"LAL","FDB927","Los Angeles","Lakers","2026-04-23T20:10:00.000-04:00",,"HOU","Full",,"team",,,"false","2026-04-24T20:00:00.000-04:00","scheduled","HOU","CE1141","Houston","Rockets","true","false","false","true","false","NBA","7","17.5","standard","false","95575","https://static.prizepicks.com/images/players/NBA/Rui_Hachimura_NBA_player_NjpblF7fZNwR0X80b0E1ZiaU.webp","28","Los Angeles","Rui Hachimura","F","LAL","Lakers","11593108","Single Stat","Single Stat","1214","true","2026-04-24T20:10:00.000-04:00","Pts+Rebs","18","Pts+Rebs","pre_game","true",,"2026-04-23T23:31:19.994-04:00"
,"LAL","FDB927","Los Angeles","Lakers","2026-04-23T20:10:00.000-04:00",,"HOU","Full",,"team",,,"false","2026-04-24T20:00:00.000-04:00","scheduled","HOU","CE1141","Houston","Rockets","true","false","false","true","false","NBA","7","17.5","standard","false","299434","https://static.prizepicks.com/images/manual/Luke_KennardLAL.png","10","Los Angeles","Luke Kennard","G","LAL","Lakers","11593441","Single Stat","Single Stat","1215","true","2026-04-24T20:10:00.000-04:00","Pts+Rebs","18","Pts+Rebs","pre_game","true",,"2026-04-24T10:21:45.901-04:00"
,"LAL","FDB927","Los Angeles","Lakers","2026-04-01T08:11:00.000-04:00",,"LAL","Full",,"team",,,"false","2026-04-24T20:00:00.000-04:00","scheduled","HOU","CE1141","Houston","Rockets","true","false","false","true","false","NBA","7","17","standard","false","265114","https://static.prizepicks.com/images/manual/kevindurant.webp","7","Houston","Kevin Durant","F","HOU","Rockets","11596674","Single Stat","Single Stat","1227","true","2026-04-24T20:10:00.000-04:00","FG Attempted","12","FG Attempted","pre_game","true",,"2026-04-24T08:13:09.053-04:00"
"false","LAL","FDB927","Los Angeles","Lakers","2026-03-31T19:49:00.000-04:00",,"LAL/HOU","Full",,"combo",,,"false","2026-04-24T20:00:00.000-04:00","scheduled","HOU","CE1141","Houston","Rockets","true","false","false","true","false","NBA","7","17","standard","true","307816","https://static.prizepicks.com/images/players/CMBO_group_bk1CDIzronc3EUiwBxPQu62W.webp","28 + 5",,"Alperen Sengun + Deandre Ayton","C","HOU/LAL","Rockets/Lakers","11614785","Single Stat","Single Stat","1228","true","2026-04-24T20:10:00.000-04:00","Rebounds (Combo)","10","Rebounds","pre_game","true",,"2026-04-24T14:05:12.733-04:00"
,"LAL","FDB927","Los Angeles","Lakers","2026-04-23T20:10:00.000-04:00",,"LAL","Full",,"team",,,"false","2026-04-24T20:00:00.000-04:00","scheduled","HOU","CE1141","Houston","Rockets","true","false","false","true","false","NBA","7","16.5","standard","false","92908","https://static.prizepicks.com/images/players/NBA/Tari_Eason_NBA_player_2SDGUfmgoxDvwBTvUIST5lgc.webp","17","Houston","Tari Eason","F","HOU","Rockets","11597821","Single Stat","Single Stat","1235","true","2026-04-24T20:10:00.000-04:00","Pts+Rebs+Asts","1","PRA","pre_game","true",,"2026-04-24T11:27:12.759-04:00"
"false","LAL","FDB927","Los Angeles","Lakers","2026-03-31T19:49:00.000-04:00",,"LAL/HOU","Full",,"combo",,,"false","2026-04-24T20:00:00.000-04:00","scheduled","HOU","CE1141","Houston","Rockets","true","false","false","true","false","NBA","7","15.5","standard","true","307814","https://static.prizepicks.com/images/players/CMBO_group_liEtCZaOgdgyK9vmgQDLNgQg.webp","28 + 23",,"Alperen Sengun + LeBron James","C","HOU/LAL","Rockets/Lakers","11594346","Single Stat","Single Stat","1242","true","2026-04-24T20:10:00.000-04:00","Rebounds (Combo)","10","Rebounds","pre_game","true",,"2026-04-23T22:16:41.537-04:00"
,"LAL","FDB927","Los Angeles","Lakers","2026-04-23T20:10:00.000-04:00",,"LAL","Full",,"team",,,"false","2026-04-24T20:00:00.000-04:00","scheduled","HOU","CE1141","Houston","Rockets","true","false","false","true","false","NBA","7","15.5","standard","false","79867","https://static.prizepicks.com/images/players/NBA/Jabari_Smith_NBA_player_ci1Do1I1DugpXxHkdZW3pTYE.webp","10","Houston","Jabari Smith","F","HOU","Rockets","11594565","Single Stat","Single Stat","1243","true","2026-04-24T20:10:00.000-04:00","Points","0","Points","pre_game","true",,"2026-04-23T23:31:25.631-04:00"
,"LAL","FDB927","Los Angeles","Lakers","2026-04-23T20:10:00.000-04:00",,"LAL","Full",,"team",,,"false","2026-04-24T20:00:00.000-04:00","scheduled","HOU","CE1141","Houston","Rockets","true","false","false","true","false","NBA","7","15.5","standard","false","92908","https://static.prizepicks.com/images/players/NBA/Tari_Eason_NBA_player_2SDGUfmgoxDvwBTvUIST5lgc.webp","17","Houston","Tari Eason","F","HOU","Rockets","11594651","Single Stat","Single Stat","1244","true","2026-04-24T20:10:00.000-04:00","Pts+Rebs","18","Pts+Rebs","pre_game","true",,"2026-04-23T23:31:25.631-04:00"
,"LAL","FDB927","Los Angeles","Lakers","2026-04-23T20:10:00.000-04:00",,"LAL","Full",,"team",,,"false","2026-04-24T20:00:00.000-04:00","scheduled","HOU","CE1141","Houston","Rockets","true","false","false","true","false","NBA","7","15.5","standard","false","221514","https://static.prizepicks.com/images/players/NBA/Reed_Sheppard_NBA_player_WkcelnNzKfVZHTN7vTYM4JYf.webp","15","Houston","Reed Sheppard","G","HOU","Rockets","11594867","Single Stat","Single Stat","1245","true","2026-04-24T20:10:00.000-04:00","Pts+Rebs+Asts","1","PRA","pre_game","true",,"2026-04-24T08:40:16.722-04:00"
"true","LAL","FDB927","Los Angeles","Lakers","2026-04-23T20:10:00.000-04:00",,"HOU","Full",,"team",,,"false","2026-04-24T20:00:00.000-04:00","scheduled","HOU","CE1141","Houston","Rockets","true","false","false","true","false","NBA","7","15.5","standard","false","188012","https://static.prizepicks.com/images/players/nba/LeBron_James_0afbe608-940a-4d5d-a1f7-468718c67d91.webp","23","Los Angeles","LeBron James","F","LAL","Lakers","11595887","Single Stat","Single Stat","1246","true","2026-04-24T20:10:00.000-04:00","Rebs+Asts","7","Rebs+Asts","pre_game","true",,"2026-04-23T23:31:19.994-04:00"
"false","LAL","FDB927","Los Angeles","Lakers","2026-03-31T19:49:00.000-04:00",,"LAL/HOU","Full",,"combo",,,"false","2026-04-24T20:00:00.000-04:00","scheduled","HOU","CE1141","Houston","Rockets","true","false","false","true","false","NBA","7","15.5","standard","true","307817","https://static.prizepicks.com/images/players/CMBO_group_i8TfJ6aVnLS1dprTbux12FRN.webp","1 + 5",,"Amen Thompson + Deandre Ayton","G-F","HOU/LAL","Rockets/Lakers","11614774","Single Stat","Single Stat","1249","true","2026-04-24T20:10:00.000-04:00","Rebounds (Combo)","10","Rebounds","pre_game","true",,"2026-04-23T22:16:41.537-04:00"
"false","LAL","FDB927","Los Angeles","Lakers","2026-04-01T08:11:00.000-04:00",,"LAL","Full",,"team",,,"false","2026-04-24T20:00:00.000-04:00","scheduled","HOU","CE1141","Houston","Rockets","true","false","false","true","false","NBA","7","15.5","standard","false","55716","https://static.prizepicks.com/images/players/NBA/Alperen_Sengun_NBA_player_MDK6kDvHMx5WTOvQ8y4FbDYv.webp","28","Houston","Alperen Sengun","C","HOU","Rockets","11651797","Single Stat","Single Stat","1253","true","2026-04-24T20:10:00.000-04:00","FG Attempted","12","FG Attempted","pre_game","true",,"2026-04-24T08:56:18.194-04:00"
,"LAL","FDB927","Los Angeles","Lakers","2026-04-23T20:10:00.000-04:00",,"HOU","Full",,"team",,,"false","2026-04-24T20:00:00.000-04:00","scheduled","HOU","CE1141","Houston","Rockets","true","false","false","true","false","NBA","7","14.5","standard","false","269532","https://static.prizepicks.com/images/players/NBA/Marcus_Smart_NBA_player_3IwFmERFX6cbC5PnKrmA3XxI.webp","36","Los Angeles","Marcus Smart","G","LAL","Lakers","11593098","Single Stat","Single Stat","1259","true","2026-04-24T20:10:00.000-04:00","Pts+Rebs","18","Pts+Rebs","pre_game","true",,"2026-04-23T23:31:19.994-04:00"
"false","LAL","FDB927","Los Angeles","Lakers","2026-03-31T19:49:00.000-04:00",,"LAL/HOU","Full",,"combo",,,"false","2026-04-24T20:00:00.000-04:00","scheduled","HOU","CE1141","Houston","Rockets","true","false","false","true","false","NBA","7","14.5","standard","true","307815","https://static.prizepicks.com/images/players/CMBO_group_isgYku3mYqCqdus0asTLPoxE.webp","1 + 23",,"Amen Thompson + LeBron James","G-F","HOU/LAL","Rockets/Lakers","11594345","Single Stat","Single Stat","1268","true","2026-04-24T20:10:00.000-04:00","Rebounds (Combo)","10","Rebounds","pre_game","true",,"2026-04-23T22:16:41.537-04:00"
,"LAL","FDB927","Los Angeles","Lakers","2026-04-23T20:10:00.000-04:00",,"HOU","Full",,"team",,,"false","2026-04-24T20:00:00.000-04:00","scheduled","HOU","CE1141","Houston","Rockets","true","false","false","true","false","NBA","7","14.5","standard","false","95575","https://static.prizepicks.com/images/players/NBA/Rui_Hachimura_NBA_player_NjpblF7fZNwR0X80b0E1ZiaU.webp","28","Los Angeles","Rui Hachimura","F","LAL","Lakers","11597802","Single Stat","Single Stat","1277","true","2026-04-24T20:10:00.000-04:00","Pts+Asts","10","Pts+Asts","pre_game","true",,"2026-04-23T23:31:19.994-04:00"
"false","LAL","FDB927","Los Angeles","Lakers","2026-04-01T08:11:00.000-04:00",,"HOU","Full",,"team",,,"false","2026-04-24T20:00:00.000-04:00","scheduled","HOU","CE1141","Houston","Rockets","true","false","false","true","false","NBA","7","14.5","standard","false","150853","https://static.prizepicks.com/images/players/NBA/Jaxson_Hayes_NBA_player_F20FXTx2w0TzMWUMTJcY3OxC.webp","11","Los Angeles","Jaxson Hayes","C-F","LAL","Lakers","11652000","Fantasy Score","Fantasy Score","1283","true","2026-04-24T20:10:00.000-04:00","Fantasy Score","6","Fantasy Score","pre_game","true",,"2026-04-24T09:42:06.903-04:00"
,"LAL","FDB927","Los Angeles","Lakers","2026-04-23T20:10:00.000-04:00",,"HOU","Full",,"team",,,"false","2026-04-24T20:00:00.000-04:00","scheduled","HOU","CE1141","Houston","Rockets","true","false","false","true","false","NBA","7","13.5","standard","false","95575","https://static.prizepicks.com/images/players/NBA/Rui_Hachimura_NBA_player_NjpblF7fZNwR0X80b0E1ZiaU.webp","28","Los Angeles","Rui Hachimura","F","LAL","Lakers","11593107","Single Stat","Single Stat","1284","true","2026-04-24T20:10:00.000-04:00","Points","0","Points","pre_game","true",,"2026-04-24T10:14:44.823-04:00"
,"LAL","FDB927","Los Angeles","Lakers","2026-04-23T20:10:00.000-04:00",,"HOU","Full",,"team",,,"false","2026-04-24T20:00:00.000-04:00","scheduled","HOU","CE1141","Houston","Rockets","true","false","false","true","false","NBA","7","13.5","standard","false","299434","https://static.prizepicks.com/images/manual/Luke_KennardLAL.png","10","Los Angeles","Luke Kennard","G","LAL","Lakers","11593746","Single Stat","Single Stat","1285","true","2026-04-24T20:10:00.000-04:00","Points","0","Points","pre_game","true",,"2026-04-24T12:33:36.678-04:00"
"true","LAL","FDB927","Los Angeles","Lakers","2026-04-23T20:10:00.000-04:00",,"LAL","Full",,"team",,,"false","2026-04-24T20:00:00.000-04:00","scheduled","HOU","CE1141","Houston","Rockets","true","false","false","true","false","NBA","7","13.5","standard","false","221514","https://static.prizepicks.com/images/players/NBA/Reed_Sheppard_NBA_player_WkcelnNzKfVZHTN7vTYM4JYf.webp","15","Houston","Reed Sheppard","G","HOU","Rockets","11595261","Single Stat","Single Stat","1287","true","2026-04-24T20:10:00.000-04:00","Pts+Asts","10","Pts+Asts","pre_game","true",,"2026-04-24T11:14:00.038-04:00"
,"LAL","FDB927","Los Angeles","Lakers","2026-04-23T20:10:00.000-04:00",,"LAL","Full",,"team",,,"false","2026-04-24T20:00:00.000-04:00","scheduled","HOU","CE1141","Houston","Rockets","true","false","false","true","false","NBA","7","13","standard","false","174285","https://static.prizepicks.com/images/manual/amenthom.png","1","Houston","Amen Thompson","G-F","HOU","Rockets","11628262","Single Stat","Single Stat","1295","true","2026-04-24T20:10:00.000-04:00","Rebs+Asts","7","Rebs+Asts","pre_game","true",,"2026-04-23T23:31:25.631-04:00"
"false","LAL","FDB927","Los Angeles","Lakers","2026-04-01T08:11:00.000-04:00",,"LAL","Full",,"team",,,"false","2026-04-24T20:00:00.000-04:00","scheduled","HOU","CE1141","Houston","Rockets","true","false","false","true","false","NBA","7","13","standard","false","79867","https://static.prizepicks.com/images/players/NBA/Jabari_Smith_NBA_player_ci1Do1I1DugpXxHkdZW3pTYE.webp","10","Houston","Jabari Smith","F","HOU","Rockets","11651799","Single Stat","Single Stat","1296","true","2026-04-24T20:10:00.000-04:00","FG Attempted","12","FG Attempted","pre_game","true",,"2026-04-24T08:58:00.263-04:00"
,"LAL","FDB927","Los Angeles","Lakers","2026-04-23T20:10:00.000-04:00",,"HOU","Full",,"team",,,"false","2026-04-24T20:00:00.000-04:00","scheduled","HOU","CE1141","Houston","Rockets","true","false","false","true","false","NBA","7","12.5","standard","false","269516","https://static.prizepicks.com/images/manual/Deandre Ayton.png","5","Los Angeles","Deandre Ayton","C","LAL","Lakers","11593020","Single Stat","Single Stat","1298","true","2026-04-24T20:10:00.000-04:00","Points","0","Points","pre_game","true",,"2026-04-23T23:31:19.994-04:00"
,"LAL","FDB927","Los Angeles","Lakers","2026-04-23T20:10:00.000-04:00",,"LAL","Full",,"team",,,"false","2026-04-24T20:00:00.000-04:00","scheduled","HOU","CE1141","Houston","Rockets","true","false","false","true","false","NBA","7","12.5","standard","false","221514","https://static.prizepicks.com/images/players/NBA/Reed_Sheppard_NBA_player_WkcelnNzKfVZHTN7vTYM4JYf.webp","15","Houston","Reed Sheppard","G","HOU","Rockets","11594866","Single Stat","Single Stat","1299","true","2026-04-24T20:10:00.000-04:00","Pts+Rebs","18","Pts+Rebs","pre_game","true",,"2026-04-23T23:31:25.631-04:00"
"false","LAL","FDB927","Los Angeles","Lakers","2026-04-01T08:11:00.000-04:00",,"LAL","Full",,"team",,,"false","2026-04-24T20:00:00.000-04:00","scheduled","HOU","CE1141","Houston","Rockets","true","false","false","true","false","NBA","7","12.5","standard","false","174285","https://static.prizepicks.com/images/manual/amenthom.png","1","Houston","Amen Thompson","G-F","HOU","Rockets","11651798","Single Stat","Single Stat","1311","true","2026-04-24T20:10:00.000-04:00","FG Attempted","12","FG Attempted","pre_game","true",,"2026-04-24T08:59:05.587-04:00"
"false","LAL","FDB927","Los Angeles","Lakers","2026-04-01T08:11:00.000-04:00",,"LAL","Full",,"team",,,"false","2026-04-24T20:00:00.000-04:00","scheduled","HOU","CE1141","Houston","Rockets","true","false","false","true","false","NBA","7","12.5","standard","false","273314","https://static.prizepicks.com/images/players/NBA/Josh_Okogie_NBA_player_wZeMomUFHhEYcycPBkWCru8q.webp","20","Houston","Josh Okogie","G","HOU","Rockets","11651987","Fantasy Score","Fantasy Score","1312","true","2026-04-24T20:10:00.000-04:00","Fantasy Score","6","Fantasy Score","pre_game","true",,"2026-04-24T10:35:38.214-04:00"
,"LAL","FDB927","Los Angeles","Lakers","2026-04-23T20:10:00.000-04:00",,"HOU","Full",,"team",,,"false","2026-04-24T20:00:00.000-04:00","scheduled","HOU","CE1141","Houston","Rockets","true","false","false","true","false","NBA","7","12","standard","false","269532","https://static.prizepicks.com/images/players/NBA/Marcus_Smart_NBA_player_3IwFmERFX6cbC5PnKrmA3XxI.webp","36","Los Angeles","Marcus Smart","G","LAL","Lakers","11593095","Single Stat","Single Stat","1314","true","2026-04-24T20:10:00.000-04:00","Points","0","Points","pre_game","true",,"2026-04-23T23:31:19.994-04:00"
"false","LAL","FDB927","Los Angeles","Lakers","2026-04-01T08:11:00.000-04:00",,"HOU","Full",,"team",,,"false","2026-04-24T20:00:00.000-04:00","scheduled","HOU","CE1141","Houston","Rockets","true","false","false","true","false","NBA","7","12","standard","false","299434","https://static.prizepicks.com/images/manual/Luke_KennardLAL.png","10","Los Angeles","Luke Kennard","G","LAL","Lakers","11651807","Single Stat","Single Stat","1315","true","2026-04-24T20:10:00.000-04:00","FG Attempted","12","FG Attempted","pre_game","true",,"2026-04-24T08:56:18.202-04:00"
"false","LAL","FDB927","Los Angeles","Lakers","2026-04-01T08:11:00.000-04:00",,"HOU","Full",,"team",,,"false","2026-04-24T20:00:00.000-04:00","scheduled","HOU","CE1141","Houston","Rockets","true","false","false","true","false","NBA","7","12","standard","false","95575","https://static.prizepicks.com/images/players/NBA/Rui_Hachimura_NBA_player_NjpblF7fZNwR0X80b0E1ZiaU.webp","28","Los Angeles","Rui Hachimura","F","LAL","Lakers","11651809","Single Stat","Single Stat","1316","true","2026-04-24T20:10:00.000-04:00","FG Attempted","12","FG Attempted","pre_game","true",,"2026-04-24T08:59:00.846-04:00"
"false","LAL","FDB927","Los Angeles","Lakers","2026-04-01T08:11:00.000-04:00",,"HOU","Full",,"team",,,"false","2026-04-24T20:00:00.000-04:00","scheduled","HOU","CE1141","Houston","Rockets","true","false","false","true","false","NBA","7","12","standard","false","271614","https://static.prizepicks.com/images/players/NBA/Jake_LaRavia_NBA_player_UfILsUddZdj0bZ7BuLRiZ2SU.webp","12","Los Angeles","Jake LaRavia","F","LAL","Lakers","11651998","Fantasy Score","Fantasy Score","1317","true","2026-04-24T20:10:00.000-04:00","Fantasy Score","6","Fantasy Score","pre_game","true",,"2026-04-24T09:42:35.588-04:00"
,"LAL","FDB927","Los Angeles","Lakers","2026-04-01T08:11:00.000-04:00",,"LAL","Full",,"team",,,"false","2026-04-24T20:00:00.000-04:00","scheduled","HOU","CE1141","Houston","Rockets","true","false","false","true","false","NBA","7","11.5","standard","false","265114","https://static.prizepicks.com/images/manual/kevindurant.webp","7","Houston","Kevin Durant","F","HOU","Rockets","11596688","Single Stat","Single Stat","1335","true","2026-04-24T20:10:00.000-04:00","Two Pointers Attempted","1000","2-PT Att","pre_game","true",,"2026-04-24T08:13:51.819-04:00"
"true","LAL","FDB927","Los Angeles","Lakers","2026-04-01T08:11:00.000-04:00",,"LAL","Full",,"team",,,"false","2026-04-24T20:00:00.000-04:00","scheduled","HOU","CE1141","Houston","Rockets","true","false","false","true","false","NBA","7","11.5","standard","false","174285","https://static.prizepicks.com/images/manual/amenthom.png","1","Houston","Amen Thompson","G-F","HOU","Rockets","11630945","Single Stat","Single Stat","1341","true","2026-04-24T20:10:00.000-04:00","Two Pointers Attempted","1000","2-PT Att","pre_game","true",,"2026-04-24T09:08:34.589-04:00"
"false","LAL","FDB927","Los Angeles","Lakers","2026-04-01T20:10:00.000-04:00",,"LAL/HOU","Full",,"combo",,,"false","2026-04-24T20:00:00.000-04:00","scheduled","HOU","CE1141","Houston","Rockets","true","false","false","true","false","NBA","7","11","standard","true","314942","https://static.prizepicks.com/images/players/CMBO_group_pMNeLvMuBNixIuXi8SvyRKMt.webp","28 + 36",,"Alperen Sengun + Marcus Smart","C","HOU/LAL","Rockets/Lakers","11594350","Single Stat","Single Stat","1343","true","2026-04-24T20:10:00.000-04:00","Assists (Combo)","10","Assists","pre_game","true",,"2026-04-23T14:07:21.712-04:00"
"false","LAL","FDB927","Los Angeles","Lakers","2026-04-01T20:10:00.000-04:00",,"LAL/HOU","Full",,"combo",,,"false","2026-04-24T20:00:00.000-04:00","scheduled","HOU","CE1141","Houston","Rockets","true","false","false","true","false","NBA","7","11","standard","true","314947","https://static.prizepicks.com/images/players/CMBO_group_tN53W3Jhk95hiZ7PJV4SSvR.webp","1 + 36",,"Amen Thompson + Marcus Smart","G-F","HOU/LAL","Rockets/Lakers","11594353","Single Stat","Single Stat","1344","true","2026-04-24T20:10:00.000-04:00","Assists (Combo)","10","Assists","pre_game","true",,"2026-04-24T13:18:25.956-04:00"
"false","LAL","FDB927","Los Angeles","Lakers","2026-04-01T08:11:00.000-04:00",,"HOU","Full",,"team",,,"false","2026-04-24T20:00:00.000-04:00","scheduled","HOU","CE1141","Houston","Rockets","true","false","false","true","false","NBA","7","11","standard","false","269532","https://static.prizepicks.com/images/players/NBA/Marcus_Smart_NBA_player_3IwFmERFX6cbC5PnKrmA3XxI.webp","36","Los Angeles","Marcus Smart","G","LAL","Lakers","11651808","Single Stat","Single Stat","1345","true","2026-04-24T20:10:00.000-04:00","FG Attempted","12","FG Attempted","pre_game","true",,"2026-04-24T08:58:08.959-04:00"
"true","LAL","FDB927","Los Angeles","Lakers","2026-04-23T20:10:00.000-04:00",,"HOU","Full",,"team",,,"false","2026-04-24T20:00:00.000-04:00","scheduled","HOU","CE1141","Houston","Rockets","true","false","false","true","false","NBA","7","10.5","standard","false","150853","https://static.prizepicks.com/images/players/NBA/Jaxson_Hayes_NBA_player_F20FXTx2w0TzMWUMTJcY3OxC.webp","11","Los Angeles","Jaxson Hayes","C-F","LAL","Lakers","11602238","Single Stat","Single Stat","1358","true","2026-04-24T20:10:00.000-04:00","Pts+Rebs+Asts","1","PRA","pre_game","true",,"2026-04-23T23:31:19.994-04:00"
,"LAL","FDB927","Los Angeles","Lakers","2026-04-23T20:10:00.000-04:00",,"LAL","Full",,"team",,,"false","2026-04-24T20:00:00.000-04:00","scheduled","HOU","CE1141","Houston","Rockets","true","false","false","true","false","NBA","7","10","standard","false","265114","https://static.prizepicks.com/images/manual/kevindurant.webp","7","Houston","Kevin Durant","F","HOU","Rockets","11593059","Single Stat","Single Stat","1360","true","2026-04-24T20:10:00.000-04:00","Rebs+Asts","7","Rebs+Asts","pre_game","true",,"2026-04-23T23:31:25.631-04:00"
,"LAL","FDB927","Los Angeles","Lakers","2026-04-23T20:10:00.000-04:00",,"LAL","Full",,"team",,,"false","2026-04-24T20:00:00.000-04:00","scheduled","HOU","CE1141","Houston","Rockets","true","false","false","true","false","NBA","7","10","standard","false","221514","https://static.prizepicks.com/images/players/NBA/Reed_Sheppard_NBA_player_WkcelnNzKfVZHTN7vTYM4JYf.webp","15","Houston","Reed Sheppard","G","HOU","Rockets","11594862","Single Stat","Single Stat","1361","true","2026-04-24T20:10:00.000-04:00","Points","0","Points","pre_game","true",,"2026-04-23T23:31:25.631-04:00"
"false","LAL","FDB927","Los Angeles","Lakers","2026-04-01T20:10:00.000-04:00",,"LAL/HOU","Full",,"combo",,,"false","2026-04-24T20:00:00.000-04:00","scheduled","HOU","CE1141","Houston","Rockets","true","false","false","true","false","NBA","7","9.5","standard","true","314943","https://static.prizepicks.com/images/manual/Alperen Sengun + Luke Kennard.png","28 + 10",,"Alperen Sengun + Luke Kennard","C","HOU/LAL","Rockets/Lakers","11594349","Single Stat","Single Stat","1376","true","2026-04-24T20:10:00.000-04:00","Assists (Combo)","10","Assists","pre_game","true",,"2026-04-22T04:08:09.405-04:00"
,"LAL","FDB927","Los Angeles","Lakers","2026-04-23T20:10:00.000-04:00",,"HOU","Full",,"team",,,"false","2026-04-24T20:00:00.000-04:00","scheduled","HOU","CE1141","Houston","Rockets","true","false","false","true","false","NBA","7","9.5","standard","false","150853","https://static.prizepicks.com/images/players/NBA/Jaxson_Hayes_NBA_player_F20FXTx2w0TzMWUMTJcY3OxC.webp","11","Los Angeles","Jaxson Hayes","C-F","LAL","Lakers","11594645","Single Stat","Single Stat","1377","true","2026-04-24T20:10:00.000-04:00","Pts+Rebs","18","Pts+Rebs","pre_game","true",,"2026-04-23T23:31:19.994-04:00"
"false","LAL","FDB927","Los Angeles","Lakers","2026-04-23T20:10:00.000-04:00",,"LAL","Full",,"team",,,"false","2026-04-24T20:00:00.000-04:00","scheduled","HOU","CE1141","Houston","Rockets","true","false","false","true","false","NBA","7","9.5","standard","false","92908","https://static.prizepicks.com/images/players/NBA/Tari_Eason_NBA_player_2SDGUfmgoxDvwBTvUIST5lgc.webp","17","Houston","Tari Eason","F","HOU","Rockets","11594872","Single Stat","Single Stat","1381","true","2026-04-24T20:10:00.000-04:00","Points","0","Points","pre_game","true",,"2026-04-24T10:14:01.435-04:00"
,"LAL","FDB927","Los Angeles","Lakers","2026-04-01T08:11:00.000-04:00",,"HOU","Full",,"team",,,"false","2026-04-24T20:00:00.000-04:00","scheduled","HOU","CE1141","Houston","Rockets","true","false","false","true","false","NBA","7","9.5","standard","false","269516","https://static.prizepicks.com/images/manual/Deandre Ayton.png","5","Los Angeles","Deandre Ayton","C","LAL","Lakers","11595588","Single Stat","Single Stat","1382","true","2026-04-24T20:10:00.000-04:00","Two Pointers Attempted","1000","2-PT Att","pre_game","true",,"2026-04-24T09:47:10.543-04:00"
"false","LAL","FDB927","Los Angeles","Lakers","2026-04-01T08:11:00.000-04:00",,"HOU","Full",,"team",,,"false","2026-04-24T20:00:00.000-04:00","scheduled","HOU","CE1141","Houston","Rockets","true","false","false","true","false","NBA","7","9.5","standard","false","269516","https://static.prizepicks.com/images/manual/Deandre Ayton.png","5","Los Angeles","Deandre Ayton","C","LAL","Lakers","11651803","Single Stat","Single Stat","1397","true","2026-04-24T20:10:00.000-04:00","FG Attempted","12","FG Attempted","pre_game","true",,"2026-04-24T09:11:02.745-04:00"
"false","LAL","FDB927","Los Angeles","Lakers","2026-04-01T20:10:00.000-04:00",,"LAL/HOU","Full",,"combo",,,"false","2026-04-24T20:00:00.000-04:00","scheduled","HOU","CE1141","Houston","Rockets","true","false","false","true","false","NBA","7","9","standard","true","314944","https://static.prizepicks.com/images/manual/Amen Thompson + Luke Kennard.png","1 + 10",,"Amen Thompson + Luke Kennard","G-F","HOU/LAL","Rockets/Lakers","11594348","Single Stat","Single Stat","1398","true","2026-04-24T20:10:00.000-04:00","Assists (Combo)","10","Assists","pre_game","true",,"2026-04-22T23:41:55.012-04:00"
"false","LAL","FDB927","Los Angeles","Lakers","2026-04-23T20:10:00.000-04:00",,"HOU","Full",,"team",,,"false","2026-04-24T20:00:00.000-04:00","scheduled","HOU","CE1141","Houston","Rockets","true","false","false","true","false","NBA","7","9","standard","false","271614","https://static.prizepicks.com/images/players/NBA/Jake_LaRavia_NBA_player_UfILsUddZdj0bZ7BuLRiZ2SU.webp","12","Los Angeles","Jake LaRavia","F","LAL","Lakers","11601087","Single Stat","Single Stat","1399","true","2026-04-24T20:10:00.000-04:00","Pts+Rebs+Asts","1","PRA","pre_game","true",,"2026-04-24T07:21:42.606-04:00"
"false","LAL","FDB927","Los Angeles","Lakers","2026-04-01T08:11:00.000-04:00",,"HOU","Full",,"team",,,"false","2026-04-24T20:00:00.000-04:00","scheduled","HOU","CE1141","Houston","Rockets","true","false","false","true","false","NBA","7","9","standard","false","269516","https://static.prizepicks.com/images/manual/Deandre Ayton.png","5","Los Angeles","Deandre Ayton","C","LAL","Lakers","11651511","Single Stat","Single Stat","1400","true","2026-04-24T20:10:00.000-04:00","Rebs+Asts","7","Rebs+Asts","pre_game","true",,"2026-04-24T08:43:27.472-04:00"
"false","LAL","FDB927","Los Angeles","Lakers","2026-04-01T08:11:00.000-04:00",,"HOU","Full",,"team",,,"false","2026-04-24T20:00:00.000-04:00","scheduled","HOU","CE1141","Houston","Rockets","true","false","false","true","false","NBA","7","9","standard","false","188012","https://static.prizepicks.com/images/players/nba/LeBron_James_0afbe608-940a-4d5d-a1f7-468718c67d91.webp","23","Los Angeles","LeBron James","F","LAL","Lakers","11651652","Single Stat","Single Stat","1401","true","2026-04-24T20:10:00.000-04:00","FG Made","7","FG Made","pre_game","true",,"2026-04-24T08:45:40.144-04:00"
"true","LAL","FDB927","Los Angeles","Lakers","2026-04-23T20:10:00.000-04:00",,"LAL","Full",,"team",,,"false","2026-04-24T20:00:00.000-04:00","scheduled","HOU","CE1141","Houston","Rockets","true","false","false","true","false","NBA","7","8.5","standard","false","273314","https://static.prizepicks.com/images/players/NBA/Josh_Okogie_NBA_player_wZeMomUFHhEYcycPBkWCru8q.webp","20","Houston","Josh Okogie","G","HOU","Rockets","11597772","Single Stat","Single Stat","1411","true","2026-04-24T20:10:00.000-04:00","Pts+Rebs+Asts","1","PRA","pre_game","true",,"2026-04-23T23:31:25.631-04:00"
"false","LAL","FDB927","Los Angeles","Lakers","2026-04-01T08:11:00.000-04:00",,"LAL","Full",,"team",,,"false","2026-04-24T20:00:00.000-04:00","scheduled","HOU","CE1141","Houston","Rockets","true","false","false","true","false","NBA","7","8.5","standard","false","221514","https://static.prizepicks.com/images/players/NBA/Reed_Sheppard_NBA_player_WkcelnNzKfVZHTN7vTYM4JYf.webp","15","Houston","Reed Sheppard","G","HOU","Rockets","11651801","Single Stat","Single Stat","1420","true","2026-04-24T20:10:00.000-04:00","FG Attempted","12","FG Attempted","pre_game","true",,"2026-04-24T09:06:26.310-04:00"
"false","LAL","FDB927","Los Angeles","Lakers","2026-04-01T08:11:00.000-04:00",,"LAL","Full",,"team",,,"false","2026-04-24T20:00:00.000-04:00","scheduled","HOU","CE1141","Houston","Rockets","true","false","false","true","false","NBA","7","8.5","standard","false","92908","https://static.prizepicks.com/images/players/NBA/Tari_Eason_NBA_player_2SDGUfmgoxDvwBTvUIST5lgc.webp","17","Houston","Tari Eason","F","HOU","Rockets","11651802","Single Stat","Single Stat","1421","true","2026-04-24T20:10:00.000-04:00","FG Attempted","12","FG Attempted","pre_game","true",,"2026-04-24T12:19:37.508-04:00"
"false","LAL","FDB927","Los Angeles","Lakers","2026-04-23T20:10:00.000-04:00",,"HOU","Full",,"team",,,"false","2026-04-24T20:00:00.000-04:00","scheduled","HOU","CE1141","Houston","Rockets","true","false","false","true","false","NBA","7","8","standard","false","269516","https://static.prizepicks.com/images/manual/Deandre Ayton.png","5","Los Angeles","Deandre Ayton","C","LAL","Lakers","11611080","Single Stat","Single Stat","1422","true","2026-04-24T20:10:00.000-04:00","Rebounds","2","Rebounds","pre_game","true",,"2026-04-23T23:31:19.994-04:00"
"false","LAL","FDB927","Los Angeles","Lakers","2026-04-23T20:10:00.000-04:00",,"HOU","Full",,"team",,,"false","2026-04-24T20:00:00.000-04:00","scheduled","HOU","CE1141","Houston","Rockets","true","false","false","true","false","NBA","7","8","standard","false","188012","https://static.prizepicks.com/images/players/nba/LeBron_James_0afbe608-940a-4d5d-a1f7-468718c67d91.webp","23","Los Angeles","LeBron James","F","LAL","Lakers","11615221","Single Stat","Single Stat","1423","true","2026-04-24T20:10:00.000-04:00","Assists","5","Assists","pre_game","true",,"2026-04-24T12:48:07.906-04:00"
"false","LAL","FDB927","Los Angeles","Lakers","2026-04-01T08:11:00.000-04:00",,"LAL","Full",,"team",,,"false","2026-04-24T20:00:00.000-04:00","scheduled","HOU","CE1141","Houston","Rockets","true","false","false","true","false","NBA","7","8","standard","false","79867","https://static.prizepicks.com/images/players/NBA/Jabari_Smith_NBA_player_ci1Do1I1DugpXxHkdZW3pTYE.webp","10","Houston","Jabari Smith","F","HOU","Rockets","11651499","Single Stat","Single Stat","1424","true","2026-04-24T20:10:00.000-04:00","Rebs+Asts","7","Rebs+Asts","pre_game","true",,"2026-04-24T08:29:41.319-04:00"
"false","LAL","FDB927","Los Angeles","Lakers","2026-04-01T08:11:00.000-04:00",,"LAL","Full",,"team",,,"false","2026-04-24T20:00:00.000-04:00","scheduled","HOU","CE1141","Houston","Rockets","true","false","false","true","false","NBA","7","8","standard","false","55716","https://static.prizepicks.com/images/players/NBA/Alperen_Sengun_NBA_player_MDK6kDvHMx5WTOvQ8y4FbDYv.webp","28","Houston","Alperen Sengun","C","HOU","Rockets","11651646","Single Stat","Single Stat","1425","true","2026-04-24T20:10:00.000-04:00","FG Made","7","FG Made","pre_game","true",,"2026-04-24T12:21:04.942-04:00"
"false","LAL","FDB927","Los Angeles","Lakers","2026-04-01T08:11:00.000-04:00",,"LAL","Full",,"team",,,"false","2026-04-24T20:00:00.000-04:00","scheduled","HOU","CE1141","Houston","Rockets","true","false","false","true","false","NBA","7","8","standard","false","265114","https://static.prizepicks.com/images/manual/kevindurant.webp","7","Houston","Kevin Durant","F","HOU","Rockets","11651649","Single Stat","Single Stat","1426","true","2026-04-24T20:10:00.000-04:00","FG Made","7","FG Made","pre_game","true",,"2026-04-24T08:45:03.997-04:00"
,"LAL","FDB927","Los Angeles","Lakers","2026-04-23T20:10:00.000-04:00",,"HOU","Full",,"team",,,"false","2026-04-24T20:00:00.000-04:00","scheduled","HOU","CE1141","Houston","Rockets","true","false","false","true","false","NBA","7","7.5","standard","false","269532","https://static.prizepicks.com/images/players/NBA/Marcus_Smart_NBA_player_3IwFmERFX6cbC5PnKrmA3XxI.webp","36","Los Angeles","Marcus Smart","G","LAL","Lakers","11593102","Single Stat","Single Stat","1437","true","2026-04-24T20:10:00.000-04:00","Rebs+Asts","7","Rebs+Asts","pre_game","true",,"2026-04-23T23:31:19.994-04:00"
"true","LAL","FDB927","Los Angeles","Lakers","2026-04-01T08:11:00.000-04:00",,"HOU","Full",,"team",,,"false","2026-04-24T20:00:00.000-04:00","scheduled","HOU","CE1141","Houston","Rockets","true","false","false","true","false","NBA","7","7.5","standard","false","188012","https://static.prizepicks.com/images/players/nba/LeBron_James_0afbe608-940a-4d5d-a1f7-468718c67d91.webp","23","Los Angeles","LeBron James","F","LAL","Lakers","11595601","Single Stat","Single Stat","1445","true","2026-04-24T20:10:00.000-04:00","Two Pointers Made","1001","2-PT Made","pre_game","true",,"2026-04-24T09:10:42.770-04:00"
,"LAL","FDB927","Los Angeles","Lakers","2026-04-24T01:09:51.495-04:00",,"HOU","Full",,"team",,,"false","2026-04-24T20:00:00.000-04:00","scheduled","HOU","CE1141","Houston","Rockets","true","false","false","true","false","NBA","7","7.5","standard","false","271614","https://static.prizepicks.com/images/players/NBA/Jake_LaRavia_NBA_player_UfILsUddZdj0bZ7BuLRiZ2SU.webp","12","Los Angeles","Jake LaRavia","F","LAL","Lakers","11642915","Single Stat","Single Stat","1455","true","2026-04-24T20:10:00.000-04:00","Pts+Rebs","18","Pts+Rebs","pre_game","true",,"2026-04-24T04:06:32.430-04:00"
"false","LAL","FDB927","Los Angeles","Lakers","2026-04-23T20:10:00.000-04:00",,"HOU","Full",,"team",,,"false","2026-04-24T20:00:00.000-04:00","scheduled","HOU","CE1141","Houston","Rockets","true","false","false","true","false","NBA","7","7","standard","false","299434","https://static.prizepicks.com/images/manual/Luke_KennardLAL.png","10","Los Angeles","Luke Kennard","G","LAL","Lakers","11593085","Single Stat","Single Stat","1458","true","2026-04-24T20:10:00.000-04:00","Rebs+Asts","7","Rebs+Asts","pre_game","true",,"2026-04-24T07:28:35.951-04:00"
,"LAL","FDB927","Los Angeles","Lakers","2026-04-23T20:10:00.000-04:00",,"LAL","Full",,"team",,,"false","2026-04-24T20:00:00.000-04:00","scheduled","HOU","CE1141","Houston","Rockets","true","false","false","true","false","NBA","7","7","standard","false","273314","https://static.prizepicks.com/images/players/NBA/Josh_Okogie_NBA_player_wZeMomUFHhEYcycPBkWCru8q.webp","20","Houston","Josh Okogie","G","HOU","Rockets","11598413","Single Stat","Single Stat","1459","true","2026-04-24T20:10:00.000-04:00","Pts+Rebs","18","Pts+Rebs","pre_game","true",,"2026-04-23T23:31:25.631-04:00"
"false","LAL","FDB927","Los Angeles","Lakers","2026-04-23T20:10:00.000-04:00",,"HOU","Full",,"team",,,"false","2026-04-24T20:00:00.000-04:00","scheduled","HOU","CE1141","Houston","Rockets","true","false","false","true","false","NBA","7","7","standard","false","188012","https://static.prizepicks.com/images/players/nba/LeBron_James_0afbe608-940a-4d5d-a1f7-468718c67d91.webp","23","Los Angeles","LeBron James","F","LAL","Lakers","11611081","Single Stat","Single Stat","1460","true","2026-04-24T20:10:00.000-04:00","Rebounds","2","Rebounds","pre_game","true",,"2026-04-23T23:31:19.994-04:00"
"false","LAL","FDB927","Los Angeles","Lakers","2026-04-01T08:11:00.000-04:00",,"LAL","Full",,"team",,,"false","2026-04-24T20:00:00.000-04:00","scheduled","HOU","CE1141","Houston","Rockets","true","false","false","true","false","NBA","7","7","standard","false","174285","https://static.prizepicks.com/images/manual/amenthom.png","1","Houston","Amen Thompson","G-F","HOU","Rockets","11651647","Single Stat","Single Stat","1461","true","2026-04-24T20:10:00.000-04:00","FG Made","7","FG Made","pre_game","true",,"2026-04-24T08:44:29.789-04:00"
"false","LAL","FDB927","Los Angeles","Lakers","2026-04-01T08:11:00.000-04:00",,"LAL","Full",,"team",,,"false","2026-04-24T20:00:00.000-04:00","scheduled","HOU","CE1141","Houston","Rockets","true","false","false","true","false","NBA","7","7","standard","false","174285","https://static.prizepicks.com/images/manual/amenthom.png","1","Houston","Amen Thompson","G-F","HOU","Rockets","11652589","Single Stat","Single Stat","1462","true","2026-04-24T20:10:00.000-04:00","Rebounds","2","Rebounds","pre_game","true",,"2026-04-24T10:37:19.813-04:00"
"true","LAL","FDB927","Los Angeles","Lakers","2026-04-23T20:10:00.000-04:00",,"LAL","Full",,"team",,,"false","2026-04-24T20:00:00.000-04:00","scheduled","HOU","CE1141","Houston","Rockets","true","false","false","true","false","NBA","7","6.5","standard","false","79867","https://static.prizepicks.com/images/players/NBA/Jabari_Smith_NBA_player_ci1Do1I1DugpXxHkdZW3pTYE.webp","10","Houston","Jabari Smith","F","HOU","Rockets","11593035","Single Stat","Single Stat","1463","true","2026-04-24T20:10:00.000-04:00","Rebounds","2","Rebounds","pre_game","true",,"2026-04-23T23:31:25.631-04:00"
,"LAL","FDB927","Los Angeles","Lakers","2026-04-01T08:11:00.000-04:00",,"LAL","Full",,"team",,,"false","2026-04-24T20:00:00.000-04:00","scheduled","HOU","CE1141","Houston","Rockets","true","false","false","true","false","NBA","7","6.5","standard","false","174285","https://static.prizepicks.com/images/manual/amenthom.png","1","Houston","Amen Thompson","G-F","HOU","Rockets","11596647","Single Stat","Single Stat","1480","true","2026-04-24T20:10:00.000-04:00","Two Pointers Made","1001","2-PT Made","pre_game","true",,"2026-04-24T09:10:42.969-04:00"
"false","LAL","FDB927","Los Angeles","Lakers","2026-04-01T08:11:00.000-04:00",,"LAL","Full",,"team",,,"false","2026-04-24T20:00:00.000-04:00","scheduled","HOU","CE1141","Houston","Rockets","true","false","false","true","false","NBA","7","6.5","standard","false","79867","https://static.prizepicks.com/images/players/NBA/Jabari_Smith_NBA_player_ci1Do1I1DugpXxHkdZW3pTYE.webp","10","Houston","Jabari Smith","F","HOU","Rockets","11651690","Single Stat","Single Stat","1495","true","2026-04-24T20:10:00.000-04:00","3-PT Attempted","8","3PTA","pre_game","true",,"2026-04-24T08:50:53.446-04:00"
"false","LAL","FDB927","Los Angeles","Lakers","2026-04-23T20:10:00.000-04:00",,"LAL","Full",,"team",,,"false","2026-04-24T20:00:00.000-04:00","scheduled","HOU","CE1141","Houston","Rockets","true","false","false","true","false","NBA","7","6","standard","false","55716","https://static.prizepicks.com/images/players/NBA/Alperen_Sengun_NBA_player_MDK6kDvHMx5WTOvQ8y4FbDYv.webp","28","Houston","Alperen Sengun","C","HOU","Rockets","11635081","Single Stat","Single Stat","1497","true","2026-04-24T20:10:00.000-04:00","Assists","5","Assists","pre_game","true",,"2026-04-23T23:31:25.631-04:00"
"false","LAL","FDB927","Los Angeles","Lakers","2026-04-01T08:11:00.000-04:00",,"LAL","Full",,"team",,,"false","2026-04-24T20:00:00.000-04:00","scheduled","HOU","CE1141","Houston","Rockets","true","false","false","true","false","NBA","7","6","standard","false","265114","https://static.prizepicks.com/images/manual/kevindurant.webp","7","Houston","Kevin Durant","F","HOU","Rockets","11651691","Single Stat","Single Stat","1498","true","2026-04-24T20:10:00.000-04:00","3-PT Attempted","8","3PTA","pre_game","true",,"2026-04-24T08:54:21.626-04:00"
"false","LAL","FDB927","Los Angeles","Lakers","2026-04-01T08:11:00.000-04:00",,"LAL","Full",,"team",,,"false","2026-04-24T20:00:00.000-04:00","scheduled","HOU","CE1141","Houston","Rockets","true","false","false","true","false","NBA","7","6","standard","false","221514","https://static.prizepicks.com/images/players/NBA/Reed_Sheppard_NBA_player_WkcelnNzKfVZHTN7vTYM4JYf.webp","15","Houston","Reed Sheppard","G","HOU","Rockets","11651692","Single Stat","Single Stat","1499","true","2026-04-24T20:10:00.000-04:00","3-PT Attempted","8","3PTA","pre_game","true",,"2026-04-24T08:53:04.078-04:00"
"false","LAL","FDB927","Los Angeles","Lakers","2026-04-01T08:11:00.000-04:00",,"LAL","Full",,"team",,,"false","2026-04-24T20:00:00.000-04:00","scheduled","HOU","CE1141","Houston","Rockets","true","false","false","true","false","NBA","7","6","standard","false","55716","https://static.prizepicks.com/images/players/NBA/Alperen_Sengun_NBA_player_MDK6kDvHMx5WTOvQ8y4FbDYv.webp","28","Houston","Alperen Sengun","C","HOU","Rockets","11652584","Single Stat","Single Stat","1500","true","2026-04-24T20:10:00.000-04:00","Defensive Rebounds","8","Defensive Rebounds","pre_game","true",,"2026-04-24T11:11:21.726-04:00"
,"LAL","FDB927","Los Angeles","Lakers","2026-04-23T20:10:00.000-04:00",,"LAL","Full",,"team",,,"false","2026-04-24T20:00:00.000-04:00","scheduled","HOU","CE1141","Houston","Rockets","true","false","false","true","false","NBA","7","5.5","standard","false","174285","https://static.prizepicks.com/images/manual/amenthom.png","1","Houston","Amen Thompson","G-F","HOU","Rockets","11593003","Single Stat","Single Stat","1502","true","2026-04-24T20:10:00.000-04:00","Assists","5","Assists","pre_game","true",,"2026-04-23T23:31:25.631-04:00"
,"LAL","FDB927","Los Angeles","Lakers","2026-04-23T20:10:00.000-04:00",,"HOU","Full",,"team",,,"false","2026-04-24T20:00:00.000-04:00","scheduled","HOU","CE1141","Houston","Rockets","true","false","false","true","false","NBA","7","5.5","standard","false","150853","https://static.prizepicks.com/images/players/NBA/Jaxson_Hayes_NBA_player_F20FXTx2w0TzMWUMTJcY3OxC.webp","11","Los Angeles","Jaxson Hayes","C-F","LAL","Lakers","11594644","Single Stat","Single Stat","1513","true","2026-04-24T20:10:00.000-04:00","Points","0","Points","pre_game","true",,"2026-04-24T10:14:38.540-04:00"
,"LAL","FDB927","Los Angeles","Lakers","2026-04-23T20:10:00.000-04:00",,"LAL","Full",,"team",,,"false","2026-04-24T20:00:00.000-04:00","scheduled","HOU","CE1141","Houston","Rockets","true","false","false","true","false","NBA","7","5.5","standard","false","92908","https://static.prizepicks.com/images/players/NBA/Tari_Eason_NBA_player_2SDGUfmgoxDvwBTvUIST5lgc.webp","17","Houston","Tari Eason","F","HOU","Rockets","11594652","Single Stat","Single Stat","1514","true","2026-04-24T20:10:00.000-04:00","Rebounds","2","Rebounds","pre_game","true",,"2026-04-23T23:31:25.631-04:00"
,"LAL","FDB927","Los Angeles","Lakers","2026-04-01T08:11:00.000-04:00",,"HOU","Full",,"team",,,"false","2026-04-24T20:00:00.000-04:00","scheduled","HOU","CE1141","Houston","Rockets","true","false","false","true","false","NBA","7","5.5","standard","false","269516","https://static.prizepicks.com/images/manual/Deandre Ayton.png","5","Los Angeles","Deandre Ayton","C","LAL","Lakers","11595580","Single Stat","Single Stat","1516","true","2026-04-24T20:10:00.000-04:00","FG Made","7","FG Made","pre_game","true",,"2026-04-24T08:12:58.737-04:00"
,"LAL","FDB927","Los Angeles","Lakers","2026-04-01T08:11:00.000-04:00",,"HOU","Full",,"team",,,"false","2026-04-24T20:00:00.000-04:00","scheduled","HOU","CE1141","Houston","Rockets","true","false","false","true","false","NBA","7","5.5","standard","false","269516","https://static.prizepicks.com/images/manual/Deandre Ayton.png","5","Los Angeles","Deandre Ayton","C","LAL","Lakers","11595589","Single Stat","Single Stat","1517","true","2026-04-24T20:10:00.000-04:00","Two Pointers Made","1001","2-PT Made","pre_game","true",,"2026-04-24T09:14:31.195-04:00"
"false","LAL","FDB927","Los Angeles","Lakers","2026-04-01T08:11:00.000-04:00",,"LAL","Full",,"team",,,"false","2026-04-24T20:00:00.000-04:00","scheduled","HOU","CE1141","Houston","Rockets","true","false","false","true","false","NBA","7","5.5","standard","false","79867","https://static.prizepicks.com/images/players/NBA/Jabari_Smith_NBA_player_ci1Do1I1DugpXxHkdZW3pTYE.webp","10","Houston","Jabari Smith","F","HOU","Rockets","11651648","Single Stat","Single Stat","1536","true","2026-04-24T20:10:00.000-04:00","FG Made","7","FG Made","pre_game","true",,"2026-04-24T08:44:28.596-04:00"
"false","LAL","FDB927","Los Angeles","Lakers","2026-04-01T08:11:00.000-04:00",,"HOU","Full",,"team",,,"false","2026-04-24T20:00:00.000-04:00","scheduled","HOU","CE1141","Houston","Rockets","true","false","false","true","false","NBA","7","5.5","standard","false","269516","https://static.prizepicks.com/images/manual/Deandre Ayton.png","5","Los Angeles","Deandre Ayton","C","LAL","Lakers","11652586","Single Stat","Single Stat","1537","true","2026-04-24T20:10:00.000-04:00","Defensive Rebounds","8","Defensive Rebounds","pre_game","true",,"2026-04-24T11:04:15.312-04:00"
"false","LAL","FDB927","Los Angeles","Lakers","2026-04-23T20:10:00.000-04:00",,"LAL","Full",,"team",,,"false","2026-04-24T20:00:00.000-04:00","scheduled","HOU","CE1141","Houston","Rockets","true","false","false","true","false","NBA","7","5","standard","false","265114","https://static.prizepicks.com/images/manual/kevindurant.webp","7","Houston","Kevin Durant","F","HOU","Rockets","11611078","Single Stat","Single Stat","1538","true","2026-04-24T20:10:00.000-04:00","Rebounds","2","Rebounds","pre_game","true",,"2026-04-23T23:31:25.631-04:00"
"false","LAL","FDB927","Los Angeles","Lakers","2026-04-23T20:10:00.000-04:00",,"LAL","Full",,"team",,,"false","2026-04-24T20:00:00.000-04:00","scheduled","HOU","CE1141","Houston","Rockets","true","false","false","true","false","NBA","7","5","standard","false","265114","https://static.prizepicks.com/images/manual/kevindurant.webp","7","Houston","Kevin Durant","F","HOU","Rockets","11615220","Single Stat","Single Stat","1539","true","2026-04-24T20:10:00.000-04:00","Assists","5","Assists","pre_game","true",,"2026-04-23T23:31:25.631-04:00"
"false","LAL","FDB927","Los Angeles","Lakers","2026-04-23T20:10:00.000-04:00",,"HOU","Full",,"team",,,"false","2026-04-24T20:00:00.000-04:00","scheduled","HOU","CE1141","Houston","Rockets","true","false","false","true","false","NBA","7","5","standard","false","269532","https://static.prizepicks.com/images/players/NBA/Marcus_Smart_NBA_player_3IwFmERFX6cbC5PnKrmA3XxI.webp","36","Los Angeles","Marcus Smart","G","LAL","Lakers","11615222","Single Stat","Single Stat","1540","true","2026-04-24T20:10:00.000-04:00","Assists","5","Assists","pre_game","true",,"2026-04-23T23:31:19.994-04:00"
"false","LAL","FDB927","Los Angeles","Lakers","2026-04-01T08:11:00.000-04:00",,"LAL","Full",,"team",,,"false","2026-04-24T20:00:00.000-04:00","scheduled","HOU","CE1141","Houston","Rockets","true","false","false","true","false","NBA","7","5","standard","false","221514","https://static.prizepicks.com/images/players/NBA/Reed_Sheppard_NBA_player_WkcelnNzKfVZHTN7vTYM4JYf.webp","15","Houston","Reed Sheppard","G","HOU","Rockets","11651510","Single Stat","Single Stat","1541","true","2026-04-24T20:10:00.000-04:00","Rebs+Asts","7","Rebs+Asts","pre_game","true",,"2026-04-24T08:51:00.461-04:00"
"false","LAL","FDB927","Los Angeles","Lakers","2026-04-01T08:11:00.000-04:00",,"HOU","Full",,"team",,,"false","2026-04-24T20:00:00.000-04:00","scheduled","HOU","CE1141","Houston","Rockets","true","false","false","true","false","NBA","7","5","standard","false","95575","https://static.prizepicks.com/images/players/NBA/Rui_Hachimura_NBA_player_NjpblF7fZNwR0X80b0E1ZiaU.webp","28","Los Angeles","Rui Hachimura","F","LAL","Lakers","11651512","Single Stat","Single Stat","1542","true","2026-04-24T20:10:00.000-04:00","Rebs+Asts","7","Rebs+Asts","pre_game","true",,"2026-04-24T08:57:04.433-04:00"
"false","LAL","FDB927","Los Angeles","Lakers","2026-04-01T08:11:00.000-04:00",,"HOU","Full",,"team",,,"false","2026-04-24T20:00:00.000-04:00","scheduled","HOU","CE1141","Houston","Rockets","true","false","false","true","false","NBA","7","5","standard","false","299434","https://static.prizepicks.com/images/manual/Luke_KennardLAL.png","10","Los Angeles","Luke Kennard","G","LAL","Lakers","11651653","Single Stat","Single Stat","1543","true","2026-04-24T20:10:00.000-04:00","FG Made","7","FG Made","pre_game","true",,"2026-04-24T08:42:50.918-04:00"
"false","LAL","FDB927","Los Angeles","Lakers","2026-04-01T08:11:00.000-04:00",,"HOU","Full",,"team",,,"false","2026-04-24T20:00:00.000-04:00","scheduled","HOU","CE1141","Houston","Rockets","true","false","false","true","false","NBA","7","5","standard","false","95575","https://static.prizepicks.com/images/players/NBA/Rui_Hachimura_NBA_player_NjpblF7fZNwR0X80b0E1ZiaU.webp","28","Los Angeles","Rui Hachimura","F","LAL","Lakers","11651655","Single Stat","Single Stat","1544","true","2026-04-24T20:10:00.000-04:00","FG Made","7","FG Made","pre_game","true",,"2026-04-24T08:48:41.817-04:00"
"false","LAL","FDB927","Los Angeles","Lakers","2026-04-01T08:11:00.000-04:00",,"HOU","Full",,"team",,,"false","2026-04-24T20:00:00.000-04:00","scheduled","HOU","CE1141","Houston","Rockets","true","false","false","true","false","NBA","7","5","standard","false","95575","https://static.prizepicks.com/images/players/NBA/Rui_Hachimura_NBA_player_NjpblF7fZNwR0X80b0E1ZiaU.webp","28","Los Angeles","Rui Hachimura","F","LAL","Lakers","11651696","Single Stat","Single Stat","1545","true","2026-04-24T20:10:00.000-04:00","3-PT Attempted","8","3PTA","pre_game","true",,"2026-04-24T09:01:38.346-04:00"
"false","LAL","FDB927","Los Angeles","Lakers","2026-03-31T20:10:00.000-04:00",,"LAL/HOU","Full",,"combo",,,"false","2026-04-24T20:00:00.000-04:00","scheduled","HOU","CE1141","Houston","Rockets","true","false","false","true","false","NBA","7","4.5","standard","true","314948","https://static.prizepicks.com/images/manual/Jabari Smith + Luke Kennard.png","10",,"Jabari Smith + Luke Kennard","F","HOU/LAL","Rockets/Lakers","11594354","Single Stat","Single Stat","1559","true","2026-04-24T20:10:00.000-04:00","3-PT Made (Combo)","10","3PTM","pre_game","true",,"2026-04-23T22:12:58.484-04:00"
"true","LAL","FDB927","Los Angeles","Lakers","2026-04-01T08:11:00.000-04:00",,"LAL","Full",,"team",,,"false","2026-04-24T20:00:00.000-04:00","scheduled","HOU","CE1141","Houston","Rockets","true","false","false","true","false","NBA","7","4.5","standard","false","92908","https://static.prizepicks.com/images/players/NBA/Tari_Eason_NBA_player_2SDGUfmgoxDvwBTvUIST5lgc.webp","17","Houston","Tari Eason","F","HOU","Rockets","11596732","Single Stat","Single Stat","1569","true","2026-04-24T20:10:00.000-04:00","Two Pointers Attempted","1000","2-PT Att","pre_game","true",,"2026-04-24T09:08:34.519-04:00"
"true","LAL","FDB927","Los Angeles","Lakers","2026-04-01T08:11:00.000-04:00",,"HOU","Full",,"team",,,"false","2026-04-24T20:00:00.000-04:00","scheduled","HOU","CE1141","Houston","Rockets","true","false","false","true","false","NBA","7","4.5","standard","false","269532","https://static.prizepicks.com/images/players/NBA/Marcus_Smart_NBA_player_3IwFmERFX6cbC5PnKrmA3XxI.webp","36","Los Angeles","Marcus Smart","G","LAL","Lakers","11597073","Single Stat","Single Stat","1570","true","2026-04-24T20:10:00.000-04:00","Two Pointers Attempted","1000","2-PT Att","pre_game","true",,"2026-04-24T13:45:39.405-04:00"
"true","LAL","FDB927","Los Angeles","Lakers","2026-04-22T22:25:51.139-04:00",,"HOU","Full",,"team",,,"false","2026-04-24T20:00:00.000-04:00","scheduled","HOU","CE1141","Houston","Rockets","true","false","false","true","false","NBA","7","4.5","standard","false","271614","https://static.prizepicks.com/images/players/NBA/Jake_LaRavia_NBA_player_UfILsUddZdj0bZ7BuLRiZ2SU.webp","12","Los Angeles","Jake LaRavia","F","LAL","Lakers","11616667","Single Stat","Single Stat","1576","true","2026-04-24T20:10:00.000-04:00","Points","0","Points","pre_game","true",,"2026-04-24T07:10:06.764-04:00"
,"LAL","FDB927","Los Angeles","Lakers","2026-04-01T08:11:00.000-04:00",,"HOU","Full",,"team",,,"false","2026-04-24T20:00:00.000-04:00","scheduled","HOU","CE1141","Houston","Rockets","true","false","false","true","false","NBA","7","4.5","standard","false","188012","https://static.prizepicks.com/images/players/nba/LeBron_James_0afbe608-940a-4d5d-a1f7-468718c67d91.webp","23","Los Angeles","LeBron James","F","LAL","Lakers","11627539","Single Stat","Single Stat","1583","true","2026-04-24T20:10:00.000-04:00","3-PT Attempted","8","3PTA","pre_game","true",,"2026-04-24T08:13:18.684-04:00"
"false","LAL","FDB927","Los Angeles","Lakers","2026-04-01T08:11:00.000-04:00",,"LAL","Full",,"team",,,"false","2026-04-24T20:00:00.000-04:00","scheduled","HOU","CE1141","Houston","Rockets","true","false","false","true","false","NBA","7","4.5","standard","false","174285","https://static.prizepicks.com/images/manual/amenthom.png","1","Houston","Amen Thompson","G-F","HOU","Rockets","11652585","Single Stat","Single Stat","1587","true","2026-04-24T20:10:00.000-04:00","Defensive Rebounds","8","Defensive Rebounds","pre_game","true",,"2026-04-24T10:51:03.743-04:00"
"false","LAL","FDB927","Los Angeles","Lakers","2026-03-31T20:10:00.000-04:00",,"LAL/HOU","Full",,"combo",,,"false","2026-04-24T20:00:00.000-04:00","scheduled","HOU","CE1141","Houston","Rockets","true","false","false","true","false","NBA","7","4","standard","true","314950","https://static.prizepicks.com/images/players/CMBO_group_EuFFvTQwpbhoZ5aSv0Hk4MWz.webp","7 + 28",,"Kevin Durant + Rui Hachimura","F","HOU/LAL","Rockets/Lakers","11594366","Single Stat","Single Stat","1590","true","2026-04-24T20:10:00.000-04:00","3-PT Made (Combo)","10","3PTM","pre_game","true",,"2026-04-23T22:12:58.484-04:00"
"false","LAL","FDB927","Los Angeles","Lakers","2026-04-23T20:10:00.000-04:00",,"HOU","Full",,"team",,,"false","2026-04-24T20:00:00.000-04:00","scheduled","HOU","CE1141","Houston","Rockets","true","false","false","true","false","NBA","7","4","standard","false","95575","https://static.prizepicks.com/images/players/NBA/Rui_Hachimura_NBA_player_NjpblF7fZNwR0X80b0E1ZiaU.webp","28","Los Angeles","Rui Hachimura","F","LAL","Lakers","11611085","Single Stat","Single Stat","1591","true","2026-04-24T20:10:00.000-04:00","Rebounds","2","Rebounds","pre_game","true",,"2026-04-23T23:31:19.994-04:00"
"false","LAL","FDB927","Los Angeles","Lakers","2026-03-31T20:10:00.000-04:00",,"LAL/HOU","Full",,"combo",,,"false","2026-04-24T20:00:00.000-04:00","scheduled","HOU","CE1141","Houston","Rockets","true","false","false","true","false","NBA","7","4","standard","true","315031","https://static.prizepicks.com/images/players/placeholder.png","15 + 10",,"Reed Sheppard + Luke Kennard","G","HOU/LAL","Rockets/Lakers","11614790","Single Stat","Single Stat","1592","true","2026-04-24T20:10:00.000-04:00","3-PT Made (Combo)","10","3PTM","pre_game","true",,"2026-04-23T22:12:58.484-04:00"
"false","LAL","FDB927","Los Angeles","Lakers","2026-03-31T20:10:00.000-04:00",,"LAL/HOU","Full",,"combo",,,"false","2026-04-24T20:00:00.000-04:00","scheduled","HOU","CE1141","Houston","Rockets","true","false","false","true","false","NBA","7","4","standard","true","307820","https://static.prizepicks.com/images/players/CMBO_group_1OkVGNDOXZMcfQDy80aZHar8.webp","7 + 23",,"Kevin Durant + LeBron James","F","HOU/LAL","Rockets/Lakers","11614792","Single Stat","Single Stat","1593","true","2026-04-24T20:10:00.000-04:00","3-PT Made (Combo)","10","3PTM","pre_game","true",,"2026-04-23T22:12:58.484-04:00"
"false","LAL","FDB927","Los Angeles","Lakers","2026-03-31T20:10:00.000-04:00",,"LAL/HOU","Full",,"combo",,,"false","2026-04-24T20:00:00.000-04:00","scheduled","HOU","CE1141","Houston","Rockets","true","false","false","true","false","NBA","7","4","standard","true","315032","https://static.prizepicks.com/images/players/CMBO_group_VfR0Rl220IXKhGB6KQhoBw85.webp","10 + 28",,"Jabari Smith + Rui Hachimura","F","HOU/LAL","Rockets/Lakers","11614793","Single Stat","Single Stat","1594","true","2026-04-24T20:10:00.000-04:00","3-PT Made (Combo)","10","3PTM","pre_game","true",,"2026-04-23T22:12:58.484-04:00"
"false","LAL","FDB927","Los Angeles","Lakers","2026-03-31T20:10:00.000-04:00",,"LAL/HOU","Full",,"combo",,,"false","2026-04-24T20:00:00.000-04:00","scheduled","HOU","CE1141","Houston","Rockets","true","false","false","true","false","NBA","7","4","standard","true","315227","https://static.prizepicks.com/images/players/CMBO_group_nPgbkvBoXqE9ySB0n9DRGF61.webp","10 + 36",,"Jabari Smith + Marcus Smart","F","HOU/LAL","Rockets/Lakers","11638964","Single Stat","Single Stat","1595","true","2026-04-24T20:10:00.000-04:00","3-PT Made (Combo)","10","3PTM","pre_game","true",,"2026-04-23T22:44:48.453-04:00"
"false","LAL","FDB927","Los Angeles","Lakers","2026-04-01T08:11:00.000-04:00",,"LAL","Full",,"team",,,"false","2026-04-24T20:00:00.000-04:00","scheduled","HOU","CE1141","Houston","Rockets","true","false","false","true","false","NBA","7","4","standard","false","92908","https://static.prizepicks.com/images/players/NBA/Tari_Eason_NBA_player_2SDGUfmgoxDvwBTvUIST5lgc.webp","17","Houston","Tari Eason","F","HOU","Rockets","11651651","Single Stat","Single Stat","1596","true","2026-04-24T20:10:00.000-04:00","FG Made","7","FG Made","pre_game","true",,"2026-04-24T08:46:06.176-04:00"
"false","LAL","FDB927","Los Angeles","Lakers","2026-04-01T08:11:00.000-04:00",,"HOU","Full",,"team",,,"false","2026-04-24T20:00:00.000-04:00","scheduled","HOU","CE1141","Houston","Rockets","true","false","false","true","false","NBA","7","4","standard","false","269532","https://static.prizepicks.com/images/players/NBA/Marcus_Smart_NBA_player_3IwFmERFX6cbC5PnKrmA3XxI.webp","36","Los Angeles","Marcus Smart","G","LAL","Lakers","11651654","Single Stat","Single Stat","1597","true","2026-04-24T20:10:00.000-04:00","FG Made","7","FG Made","pre_game","true",,"2026-04-24T08:47:52.491-04:00"
"false","LAL","FDB927","Los Angeles","Lakers","2026-04-01T08:11:00.000-04:00",,"LAL","Full",,"team",,,"false","2026-04-24T20:00:00.000-04:00","scheduled","HOU","CE1141","Houston","Rockets","true","false","false","true","false","NBA","7","4","standard","false","273314","https://static.prizepicks.com/images/players/NBA/Josh_Okogie_NBA_player_wZeMomUFHhEYcycPBkWCru8q.webp","20","Houston","Josh Okogie","G","HOU","Rockets","11651800","Single Stat","Single Stat","1598","true","2026-04-24T20:10:00.000-04:00","FG Attempted","12","FG Attempted","pre_game","true",,"2026-04-24T09:02:57.595-04:00"
"false","LAL","FDB927","Los Angeles","Lakers","2026-04-01T08:11:00.000-04:00",,"HOU","Full",,"team",,,"false","2026-04-24T20:00:00.000-04:00","scheduled","HOU","CE1141","Houston","Rockets","true","false","false","true","false","NBA","7","4","standard","false","271614","https://static.prizepicks.com/images/players/NBA/Jake_LaRavia_NBA_player_UfILsUddZdj0bZ7BuLRiZ2SU.webp","12","Los Angeles","Jake LaRavia","F","LAL","Lakers","11651804","Single Stat","Single Stat","1599","true","2026-04-24T20:10:00.000-04:00","FG Attempted","12","FG Attempted","pre_game","true",,"2026-04-24T09:01:54.788-04:00"
,"LAL","FDB927","Los Angeles","Lakers","2026-04-23T20:10:00.000-04:00",,"LAL","Full",,"team",,,"false","2026-04-24T20:00:00.000-04:00","scheduled","HOU","CE1141","Houston","Rockets","true","false","false","true","false","NBA","7","3.5","standard","false","273314","https://static.prizepicks.com/images/players/NBA/Josh_Okogie_NBA_player_wZeMomUFHhEYcycPBkWCru8q.webp","20","Houston","Josh Okogie","G","HOU","Rockets","11593040","Single Stat","Single Stat","1601","true","2026-04-24T20:10:00.000-04:00","Points","0","Points","pre_game","true",,"2026-04-24T12:42:51.743-04:00"
,"LAL","FDB927","Los Angeles","Lakers","2026-04-23T20:10:00.000-04:00",,"HOU","Full",,"team",,,"false","2026-04-24T20:00:00.000-04:00","scheduled","HOU","CE1141","Houston","Rockets","true","false","false","true","false","NBA","7","3.5","standard","false","150853","https://static.prizepicks.com/images/players/NBA/Jaxson_Hayes_NBA_player_F20FXTx2w0TzMWUMTJcY3OxC.webp","11","Los Angeles","Jaxson Hayes","C-F","LAL","Lakers","11594646","Single Stat","Single Stat","1614","true","2026-04-24T20:10:00.000-04:00","Rebounds","2","Rebounds","pre_game","true",,"2026-04-23T23:31:19.994-04:00"
,"LAL","FDB927","Los Angeles","Lakers","2026-04-01T08:11:00.000-04:00",,"HOU","Full",,"team",,,"false","2026-04-24T20:00:00.000-04:00","scheduled","HOU","CE1141","Houston","Rockets","true","false","false","true","false","NBA","7","3.5","standard","false","150853","https://static.prizepicks.com/images/players/NBA/Jaxson_Hayes_NBA_player_F20FXTx2w0TzMWUMTJcY3OxC.webp","11","Los Angeles","Jaxson Hayes","C-F","LAL","Lakers","11595825","Single Stat","Single Stat","1620","true","2026-04-24T20:10:00.000-04:00","Two Pointers Attempted","1000","2-PT Att","pre_game","true",,"2026-04-24T09:36:13.037-04:00"
"false","LAL","FDB927","Los Angeles","Lakers","2026-04-23T20:10:00.000-04:00",,"HOU","Full",,"team",,,"false","2026-04-24T20:00:00.000-04:00","scheduled","HOU","CE1141","Houston","Rockets","true","false","false","true","false","NBA","7","3.5","standard","false","299434","https://static.prizepicks.com/images/manual/Luke_KennardLAL.png","10","Los Angeles","Luke Kennard","G","LAL","Lakers","11611083","Single Stat","Single Stat","1629","true","2026-04-24T20:10:00.000-04:00","Rebounds","2","Rebounds","pre_game","true",,"2026-04-23T23:31:19.994-04:00"
"false","LAL","FDB927","Los Angeles","Lakers","2026-04-01T08:11:00.000-04:00",,"LAL","Full",,"team",,,"false","2026-04-24T20:00:00.000-04:00","scheduled","HOU","CE1141","Houston","Rockets","true","false","false","true","false","NBA","7","3.5","standard","false","221514","https://static.prizepicks.com/images/players/NBA/Reed_Sheppard_NBA_player_WkcelnNzKfVZHTN7vTYM4JYf.webp","15","Houston","Reed Sheppard","G","HOU","Rockets","11651650","Single Stat","Single Stat","1643","true","2026-04-24T20:10:00.000-04:00","FG Made","7","FG Made","pre_game","true",,"2026-04-24T08:42:51.714-04:00"
"false","LAL","FDB927","Los Angeles","Lakers","2026-04-01T08:11:00.000-04:00",,"LAL","Full",,"team",,,"false","2026-04-24T20:00:00.000-04:00","scheduled","HOU","CE1141","Houston","Rockets","true","false","false","true","false","NBA","7","3.5","standard","false","92908","https://static.prizepicks.com/images/players/NBA/Tari_Eason_NBA_player_2SDGUfmgoxDvwBTvUIST5lgc.webp","17","Houston","Tari Eason","F","HOU","Rockets","11651693","Single Stat","Single Stat","1644","true","2026-04-24T20:10:00.000-04:00","3-PT Attempted","8","3PTA","pre_game","true",,"2026-04-24T09:09:27.440-04:00"
"false","LAL","FDB927","Los Angeles","Lakers","2026-04-01T08:11:00.000-04:00",,"HOU","Full",,"team",,,"false","2026-04-24T20:00:00.000-04:00","scheduled","HOU","CE1141","Houston","Rockets","true","false","false","true","false","NBA","7","3.5","standard","false","150853","https://static.prizepicks.com/images/players/NBA/Jaxson_Hayes_NBA_player_F20FXTx2w0TzMWUMTJcY3OxC.webp","11","Los Angeles","Jaxson Hayes","C-F","LAL","Lakers","11651805","Single Stat","Single Stat","1645","true","2026-04-24T20:10:00.000-04:00","FG Attempted","12","FG Attempted","pre_game","true",,"2026-04-24T09:10:47.336-04:00"
"false","LAL","FDB927","Los Angeles","Lakers","2026-04-01T08:11:00.000-04:00",,"LAL","Full",,"team",,,"false","2026-04-24T20:00:00.000-04:00","scheduled","HOU","CE1141","Houston","Rockets","true","false","false","true","false","NBA","7","3.5","standard","false","55716","https://static.prizepicks.com/images/players/NBA/Alperen_Sengun_NBA_player_MDK6kDvHMx5WTOvQ8y4FbDYv.webp","28","Houston","Alperen Sengun","C","HOU","Rockets","11651861","Single Stat","Single Stat","1646","true","2026-04-24T20:10:00.000-04:00","Free Throws Made","11","FTM","pre_game","true",,"2026-04-24T13:35:05.730-04:00"
"false","LAL","FDB927","Los Angeles","Lakers","2026-04-01T08:11:00.000-04:00",,"LAL","Full",,"team",,,"false","2026-04-24T20:00:00.000-04:00","scheduled","HOU","CE1141","Houston","Rockets","true","false","false","true","false","NBA","7","3.5","standard","false","92908","https://static.prizepicks.com/images/players/NBA/Tari_Eason_NBA_player_2SDGUfmgoxDvwBTvUIST5lgc.webp","17","Houston","Tari Eason","F","HOU","Rockets","11652587","Single Stat","Single Stat","1647","true","2026-04-24T20:10:00.000-04:00","Defensive Rebounds","8","Defensive Rebounds","pre_game","true",,"2026-04-24T10:36:12.805-04:00"
,"LAL","FDB927","Los Angeles","Lakers","2026-04-23T20:10:00.000-04:00",,"LAL","Full",,"team",,,"false","2026-04-24T20:00:00.000-04:00","scheduled","HOU","CE1141","Houston","Rockets","true","false","false","true","false","NBA","7","2.5","standard","false","273314","https://static.prizepicks.com/images/players/NBA/Josh_Okogie_NBA_player_wZeMomUFHhEYcycPBkWCru8q.webp","20","Houston","Josh Okogie","G","HOU","Rockets","11593042","Single Stat","Single Stat","1649","true","2026-04-24T20:10:00.000-04:00","Rebounds","2","Rebounds","pre_game","true",,"2026-04-23T23:31:25.631-04:00"
,"LAL","FDB927","Los Angeles","Lakers","2026-04-23T20:10:00.000-04:00",,"HOU","Full",,"team",,,"false","2026-04-24T20:00:00.000-04:00","scheduled","HOU","CE1141","Houston","Rockets","true","false","false","true","false","NBA","7","2.5","standard","false","269532","https://static.prizepicks.com/images/players/NBA/Marcus_Smart_NBA_player_3IwFmERFX6cbC5PnKrmA3XxI.webp","36","Los Angeles","Marcus Smart","G","LAL","Lakers","11593101","Single Stat","Single Stat","1654","true","2026-04-24T20:10:00.000-04:00","Rebounds","2","Rebounds","pre_game","true",,"2026-04-23T23:31:19.994-04:00"
"true","LAL","FDB927","Los Angeles","Lakers","2026-04-23T20:10:00.000-04:00",,"HOU","Full",,"team",,,"false","2026-04-24T20:00:00.000-04:00","scheduled","HOU","CE1141","Houston","Rockets","true","false","false","true","false","NBA","7","2.5","standard","false","269532","https://static.prizepicks.com/images/players/NBA/Marcus_Smart_NBA_player_3IwFmERFX6cbC5PnKrmA3XxI.webp","36","Los Angeles","Marcus Smart","G","LAL","Lakers","11595620","Single Stat","Single Stat","1674","true","2026-04-24T20:10:00.000-04:00","Turnovers","33","Turnovers","pre_game","true",,"2026-04-24T11:49:07.569-04:00"
,"LAL","FDB927","Los Angeles","Lakers","2026-04-01T08:11:00.000-04:00",,"LAL","Full",,"team",,,"false","2026-04-24T20:00:00.000-04:00","scheduled","HOU","CE1141","Houston","Rockets","true","false","false","true","false","NBA","7","2.5","standard","false","79867","https://static.prizepicks.com/images/players/NBA/Jabari_Smith_NBA_player_ci1Do1I1DugpXxHkdZW3pTYE.webp","10","Houston","Jabari Smith","F","HOU","Rockets","11596655","Single Stat","Single Stat","1683","true","2026-04-24T20:10:00.000-04:00","Personal Fouls","30","Personal Fouls","pre_game","true",,"2026-04-24T08:14:09.758-04:00"
"true","LAL","FDB927","Los Angeles","Lakers","2026-04-01T08:11:00.000-04:00",,"LAL","Full",,"team",,,"false","2026-04-24T20:00:00.000-04:00","scheduled","HOU","CE1141","Houston","Rockets","true","false","false","true","false","NBA","7","2.5","standard","false","92908","https://static.prizepicks.com/images/players/NBA/Tari_Eason_NBA_player_2SDGUfmgoxDvwBTvUIST5lgc.webp","17","Houston","Tari Eason","F","HOU","Rockets","11598418","Single Stat","Single Stat","1698","true","2026-04-24T20:10:00.000-04:00","Personal Fouls","30","Personal Fouls","pre_game","true",,"2026-04-24T09:11:19.058-04:00"
,"LAL","FDB927","Los Angeles","Lakers","2026-04-01T08:11:00.000-04:00",,"LAL","Full",,"team",,,"false","2026-04-24T20:00:00.000-04:00","scheduled","HOU","CE1141","Houston","Rockets","true","false","false","true","false","NBA","7","2.5","standard","false","92908","https://static.prizepicks.com/images/players/NBA/Tari_Eason_NBA_player_2SDGUfmgoxDvwBTvUIST5lgc.webp","17","Houston","Tari Eason","F","HOU","Rockets","11631387","Single Stat","Single Stat","1709","true","2026-04-24T20:10:00.000-04:00","Two Pointers Made","1001","2-PT Made","pre_game","true",,"2026-04-24T08:13:51.819-04:00"
"false","LAL","FDB927","Los Angeles","Lakers","2026-04-01T08:11:00.000-04:00",,"LAL","Full",,"team",,,"false","2026-04-24T20:00:00.000-04:00","scheduled","HOU","CE1141","Houston","Rockets","true","false","false","true","false","NBA","7","2.5","standard","false","174285","https://static.prizepicks.com/images/manual/amenthom.png","1","Houston","Amen Thompson","G-F","HOU","Rockets","11652406","Single Stat","Single Stat","1721","true","2026-04-24T20:10:00.000-04:00","Dunks","18","Dunks","pre_game","true",,"2026-04-24T10:08:18.077-04:00"
"false","LAL","FDB927","Los Angeles","Lakers","2026-04-01T08:11:00.000-04:00",,"LAL","Full",,"team",,,"false","2026-04-24T20:00:00.000-04:00","scheduled","HOU","CE1141","Houston","Rockets","true","false","false","true","false","NBA","7","2.5","standard","false","55716","https://static.prizepicks.com/images/players/NBA/Alperen_Sengun_NBA_player_MDK6kDvHMx5WTOvQ8y4FbDYv.webp","28","Houston","Alperen Sengun","C","HOU","Rockets","11652580","Single Stat","Single Stat","1722","true","2026-04-24T20:10:00.000-04:00","Offensive Rebounds","7","Offensive Rebounds","pre_game","true",,"2026-04-24T10:32:07.120-04:00"
"false","LAL","FDB927","Los Angeles","Lakers","2026-04-01T08:11:00.000-04:00",,"LAL","Full",,"team",,,"false","2026-04-24T20:00:00.000-04:00","scheduled","HOU","CE1141","Houston","Rockets","true","false","false","true","false","NBA","7","2.5","standard","false","174285","https://static.prizepicks.com/images/manual/amenthom.png","1","Houston","Amen Thompson","G-F","HOU","Rockets","11652581","Single Stat","Single Stat","1723","true","2026-04-24T20:10:00.000-04:00","Offensive Rebounds","7","Offensive Rebounds","pre_game","true",,"2026-04-24T10:36:12.815-04:00"
"false","LAL","FDB927","Los Angeles","Lakers","2026-04-01T08:11:00.000-04:00",,"HOU","Full",,"team",,,"false","2026-04-24T20:00:00.000-04:00","scheduled","HOU","CE1141","Houston","Rockets","true","false","false","true","false","NBA","7","2.5","standard","false","269516","https://static.prizepicks.com/images/manual/Deandre Ayton.png","5","Los Angeles","Deandre Ayton","C","LAL","Lakers","11652582","Single Stat","Single Stat","1724","true","2026-04-24T20:10:00.000-04:00","Offensive Rebounds","7","Offensive Rebounds","pre_game","true",,"2026-04-24T10:38:52.611-04:00"
"false","LAL","FDB927","Los Angeles","Lakers","2026-04-01T08:11:00.000-04:00",,"HOU","Full",,"team",,,"false","2026-04-24T20:00:00.000-04:00","scheduled","HOU","CE1141","Houston","Rockets","true","false","false","true","false","NBA","7","2","standard","false","299434","https://static.prizepicks.com/images/manual/Luke_KennardLAL.png","10","Los Angeles","Luke Kennard","G","LAL","Lakers","11651469","Single Stat","Single Stat","1727","true","2026-04-24T20:10:00.000-04:00","3-PT Made","4","3PTM","pre_game","true",,"2026-04-24T08:24:03.378-04:00"
"false","LAL","FDB927","Los Angeles","Lakers","2026-04-01T08:11:00.000-04:00",,"LAL","Full",,"team",,,"false","2026-04-24T20:00:00.000-04:00","scheduled","HOU","CE1141","Houston","Rockets","true","false","false","true","false","NBA","7","2","standard","false","92908","https://static.prizepicks.com/images/players/NBA/Tari_Eason_NBA_player_2SDGUfmgoxDvwBTvUIST5lgc.webp","17","Houston","Tari Eason","F","HOU","Rockets","11652583","Single Stat","Single Stat","1728","true","2026-04-24T20:10:00.000-04:00","Offensive Rebounds","7","Offensive Rebounds","pre_game","true",,"2026-04-24T10:33:30.394-04:00"
"true","LAL","FDB927","Los Angeles","Lakers","2026-04-23T20:10:00.000-04:00",,"HOU","Full",,"team",,,"false","2026-04-24T20:00:00.000-04:00","scheduled","HOU","CE1141","Houston","Rockets","true","false","false","true","false","NBA","7","1.5","standard","false","188012","https://static.prizepicks.com/images/players/nba/LeBron_James_0afbe608-940a-4d5d-a1f7-468718c67d91.webp","23","Los Angeles","LeBron James","F","LAL","Lakers","11593062","Single Stat","Single Stat","1731","true","2026-04-24T20:10:00.000-04:00","3-PT Made","4","3PTM","pre_game","true",,"2026-04-24T07:33:23.655-04:00"
,"LAL","FDB927","Los Angeles","Lakers","2026-04-23T20:10:00.000-04:00",,"HOU","Full",,"team",,,"false","2026-04-24T20:00:00.000-04:00","scheduled","HOU","CE1141","Houston","Rockets","true","false","false","true","false","NBA","7","1.5","standard","false","269516","https://static.prizepicks.com/images/manual/Deandre Ayton.png","5","Los Angeles","Deandre Ayton","C","LAL","Lakers","11595578","Single Stat","Single Stat","1754","true","2026-04-24T20:10:00.000-04:00","Blks+Stls","31","Blks+Stls","pre_game","true",,"2026-04-24T00:58:55.977-04:00"
,"LAL","FDB927","Los Angeles","Lakers","2026-04-23T20:10:00.000-04:00",,"HOU","Full",,"team",,,"false","2026-04-24T20:00:00.000-04:00","scheduled","HOU","CE1141","Houston","Rockets","true","false","false","true","false","NBA","7","1.5","standard","false","95575","https://static.prizepicks.com/images/players/NBA/Rui_Hachimura_NBA_player_NjpblF7fZNwR0X80b0E1ZiaU.webp","28","Los Angeles","Rui Hachimura","F","LAL","Lakers","11595831","Single Stat","Single Stat","1771","true","2026-04-24T20:10:00.000-04:00","Blks+Stls","31","Blks+Stls","pre_game","true",,"2026-04-23T23:31:19.994-04:00"
"true","LAL","FDB927","Los Angeles","Lakers","2026-04-01T08:11:00.000-04:00",,"LAL","Full",,"team",,,"false","2026-04-24T20:00:00.000-04:00","scheduled","HOU","CE1141","Houston","Rockets","true","false","false","true","false","NBA","7","1.5","standard","false","221514","https://static.prizepicks.com/images/players/NBA/Reed_Sheppard_NBA_player_WkcelnNzKfVZHTN7vTYM4JYf.webp","15","Houston","Reed Sheppard","G","HOU","Rockets","11596706","Single Stat","Single Stat","1782","true","2026-04-24T20:10:00.000-04:00","Personal Fouls","30","Personal Fouls","pre_game","true",,"2026-04-24T09:11:19.149-04:00"
,"LAL","FDB927","Los Angeles","Lakers","2026-04-01T08:11:00.000-04:00",,"LAL","Full",,"team",,,"false","2026-04-24T20:00:00.000-04:00","scheduled","HOU","CE1141","Houston","Rockets","true","false","false","true","false","NBA","7","1.5","standard","false","92908","https://static.prizepicks.com/images/players/NBA/Tari_Eason_NBA_player_2SDGUfmgoxDvwBTvUIST5lgc.webp","17","Houston","Tari Eason","F","HOU","Rockets","11596721","Single Stat","Single Stat","1784","true","2026-04-24T20:10:00.000-04:00","Free Throws Attempted","30","FTA","pre_game","true",,"2026-04-24T08:13:40.052-04:00"
,"LAL","FDB927","Los Angeles","Lakers","2026-04-01T08:11:00.000-04:00",,"LAL","Full",,"team",,,"false","2026-04-24T20:00:00.000-04:00","scheduled","HOU","CE1141","Houston","Rockets","true","false","false","true","false","NBA","7","1.5","standard","false","273314","https://static.prizepicks.com/images/players/NBA/Josh_Okogie_NBA_player_wZeMomUFHhEYcycPBkWCru8q.webp","20","Houston","Josh Okogie","G","HOU","Rockets","11598411","Single Stat","Single Stat","1796","true","2026-04-24T20:10:00.000-04:00","Personal Fouls","30","Personal Fouls","pre_game","true",,"2026-04-24T08:14:09.758-04:00"
,"LAL","FDB927","Los Angeles","Lakers","2026-04-23T20:10:00.000-04:00",,"LAL","Full",,"team",,,"false","2026-04-24T20:00:00.000-04:00","scheduled","HOU","CE1141","Houston","Rockets","true","false","false","true","false","NBA","7","1.5","standard","false","92908","https://static.prizepicks.com/images/players/NBA/Tari_Eason_NBA_player_2SDGUfmgoxDvwBTvUIST5lgc.webp","17","Houston","Tari Eason","F","HOU","Rockets","11633782","Single Stat","Single Stat","1805","true","2026-04-24T20:10:00.000-04:00","Blks+Stls","31","Blks+Stls","pre_game","true",,"2026-04-23T23:31:25.631-04:00"
"false","LAL","FDB927","Los Angeles","Lakers","2026-04-01T08:11:00.000-04:00",,"HOU","Full",,"team",,,"false","2026-04-24T20:00:00.000-04:00","scheduled","HOU","CE1141","Houston","Rockets","true","false","false","true","false","NBA","7","1.5","standard","false","150853","https://static.prizepicks.com/images/players/NBA/Jaxson_Hayes_NBA_player_F20FXTx2w0TzMWUMTJcY3OxC.webp","11","Los Angeles","Jaxson Hayes","C-F","LAL","Lakers","11652410","Single Stat","Single Stat","1826","true","2026-04-24T20:10:00.000-04:00","Dunks","18","Dunks","pre_game","true",,"2026-04-24T10:15:24.412-04:00"
"true","LAL","FDB927","Los Angeles","Lakers","2026-04-23T20:10:00.000-04:00",,"LAL","Full",,"team",,,"false","2026-04-24T20:00:00.000-04:00","scheduled","HOU","CE1141","Houston","Rockets","true","false","false","true","false","NBA","7","0.5","standard","false","265114","https://static.prizepicks.com/images/manual/kevindurant.webp","7","Houston","Kevin Durant","F","HOU","Rockets","11594842","Single Stat","Single Stat","1838","true","2026-04-24T20:10:00.000-04:00","Blocked Shots","23","Blocked Shots","pre_game","true",,"2026-04-23T23:31:25.631-04:00"
"true","LAL","FDB927","Los Angeles","Lakers","2026-04-23T20:10:00.000-04:00",,"HOU","Full",,"team",,,"false","2026-04-24T20:00:00.000-04:00","scheduled","HOU","CE1141","Houston","Rockets","true","false","false","true","false","NBA","7","0.5","standard","false","188012","https://static.prizepicks.com/images/players/nba/LeBron_James_0afbe608-940a-4d5d-a1f7-468718c67d91.webp","23","Los Angeles","LeBron James","F","LAL","Lakers","11595591","Single Stat","Single Stat","1846","true","2026-04-24T20:10:00.000-04:00","Blocked Shots","23","Blocked Shots","pre_game","true",,"2026-04-24T07:34:06.511-04:00"
"true","LAL","FDB927","Los Angeles","Lakers","2026-04-23T20:10:00.000-04:00",,"HOU","Full",,"team",,,"false","2026-04-24T20:00:00.000-04:00","scheduled","HOU","CE1141","Houston","Rockets","true","false","false","true","false","NBA","7","0.5","standard","false","188012","https://static.prizepicks.com/images/players/nba/LeBron_James_0afbe608-940a-4d5d-a1f7-468718c67d91.webp","23","Los Angeles","LeBron James","F","LAL","Lakers","11595592","Single Stat","Single Stat","1847","true","2026-04-24T20:10:00.000-04:00","Double-Double","18","Double-Double","pre_game","true",,"2026-04-23T23:31:19.994-04:00"
"true","LAL","FDB927","Los Angeles","Lakers","2026-04-01T08:11:00.000-04:00",,"HOU","Full",,"team",,,"false","2026-04-24T20:00:00.000-04:00","scheduled","HOU","CE1141","Houston","Rockets","true","false","false","true","false","NBA","7","0.5","standard","false","150853","https://static.prizepicks.com/images/players/NBA/Jaxson_Hayes_NBA_player_F20FXTx2w0TzMWUMTJcY3OxC.webp","11","Los Angeles","Jaxson Hayes","C-F","LAL","Lakers","11595818","Single Stat","Single Stat","1852","true","2026-04-24T20:10:00.000-04:00","Free Throws Made","11","FTM","pre_game","true",,"2026-04-24T08:13:40.052-04:00"
"true","LAL","FDB927","Los Angeles","Lakers","2026-04-23T20:10:00.000-04:00",,"HOU","Full",,"team",,,"false","2026-04-24T20:00:00.000-04:00","scheduled","HOU","CE1141","Houston","Rockets","true","false","false","true","false","NBA","7","0.5","standard","false","150853","https://static.prizepicks.com/images/players/NBA/Jaxson_Hayes_NBA_player_F20FXTx2w0TzMWUMTJcY3OxC.webp","11","Los Angeles","Jaxson Hayes","C-F","LAL","Lakers","11595824","Single Stat","Single Stat","1854","true","2026-04-24T20:10:00.000-04:00","Turnovers","33","Turnovers","pre_game","true",,"2026-04-24T11:49:07.641-04:00"
,"LAL","FDB927","Los Angeles","Lakers","2026-04-01T08:11:00.000-04:00",,"LAL","Full",,"team",,,"false","2026-04-24T20:00:00.000-04:00","scheduled","HOU","CE1141","Houston","Rockets","true","false","false","true","false","NBA","7","0.5","standard","false","92908","https://static.prizepicks.com/images/players/NBA/Tari_Eason_NBA_player_2SDGUfmgoxDvwBTvUIST5lgc.webp","17","Houston","Tari Eason","F","HOU","Rockets","11596722","Single Stat","Single Stat","1872","true","2026-04-24T20:10:00.000-04:00","Free Throws Made","11","FTM","pre_game","true",,"2026-04-24T13:08:21.115-04:00"
"true","LAL","FDB927","Los Angeles","Lakers","2026-04-23T20:10:00.000-04:00",,"HOU","Full",,"team",,,"false","2026-04-24T20:00:00.000-04:00","scheduled","HOU","CE1141","Houston","Rockets","true","false","false","true","false","NBA","7","0.5","standard","false","216723","https://static.prizepicks.com/images/players/NBA/Bronny_James_NBA_player_sCb8i9tIVKMtSgZmjf6PMkKI.webp","9","Los Angeles","Bronny James","G","LAL","Lakers","11636281","Single Stat","Single Stat","1890","true","2026-04-24T20:10:00.000-04:00","Points","0","Points","pre_game","true",,"2026-04-24T11:24:29.971-04:00"
"false","LAL","FDB927","Los Angeles","Lakers","2026-04-01T08:11:00.000-04:00",,"LAL","Full",,"team",,,"false","2026-04-24T20:00:00.000-04:00","scheduled","HOU","CE1141","Houston","Rockets","true","false","false","true","false","NBA","7","0.5","standard","false","265114","https://static.prizepicks.com/images/manual/kevindurant.webp","7","Houston","Kevin Durant","F","HOU","Rockets","11652411","Single Stat","Single Stat","1918","true","2026-04-24T20:10:00.000-04:00","Dunks","18","Dunks","pre_game","true",,"2026-04-24T10:08:13.019-04:00"
"false","LAL","FDB927","Los Angeles","Lakers","2026-04-01T08:11:00.000-04:00",,"LAL","Full",,"team",,,"false","2026-04-24T20:00:00.000-04:00","scheduled","HOU","CE1141","Houston","Rockets","true","false","false","true","false","NBA","7","0.5","standard","false","265114","https://static.prizepicks.com/images/manual/kevindurant.webp","7","Houston","Kevin Durant","F","HOU","Rockets","11652803","Single Stat","Single Stat","1921","true","2026-04-24T20:10:00.000-04:00","Offensive Rebounds","7","Offensive Rebounds","pre_game","true",,"2026-04-24T10:55:08.032-04:00"
"false","LAL","FDB927","Los Angeles","Lakers","2026-04-01T08:11:00.000-04:00",,"HOU","Full",,"team",,,"false","2026-04-24T20:00:00.000-04:00","scheduled","HOU","CE1141","Houston","Rockets","true","false","false","true","false","NBA","7","0.5","standard","false","188012","https://static.prizepicks.com/images/players/nba/LeBron_James_0afbe608-940a-4d5d-a1f7-468718c67d91.webp","23","Los Angeles","LeBron James","F","LAL","Lakers","11652804","Single Stat","Single Stat","1922","true","2026-04-24T20:10:00.000-04:00","Offensive Rebounds","7","Offensive Rebounds","pre_game","true",,"2026-04-24T10:56:17.926-04:00"
"false","LAL","FDB927","Los Angeles","Lakers","2026-04-01T08:11:00.000-04:00",,"HOU","Full",,"team",,,"false","2026-04-24T20:00:00.000-04:00","scheduled","HOU","CE1141","Houston","Rockets","true","false","false","true","false","NBA","7","0.5","standard","false","271614","https://static.prizepicks.com/images/players/NBA/Jake_LaRavia_NBA_player_UfILsUddZdj0bZ7BuLRiZ2SU.webp","12","Los Angeles","Jake LaRavia","F","LAL","Lakers","11652875","Single Stat","Single Stat","1924","true","2026-04-24T20:10:00.000-04:00","3-PT Made","4","3PTM","pre_game","true",,"2026-04-24T11:04:59.819-04:00"
"false","SAS","C4CED4","San Antonio","Spurs","2026-04-01T08:11:00.000-04:00",,"POR","Full",,"team",,,"false","2026-04-24T22:30:00.000-04:00","scheduled","POR","E03A3E","Portland","Trail Blazers","true","false","false","true","false","NBA","7","53.5","standard","false","173819","https://static.prizepicks.com/images/players/NBA/Victor_Wembanyama_NBA_player_2EsUEdOt5xmywxPr6qxPdHNs.webp","1","San Antonio","Victor Wembanyama","F-C","SAS","Spurs","11652150","Fantasy Score","Fantasy Score","1929","true","2026-04-24T22:40:00.000-04:00","Fantasy Score","6","Fantasy Score","pre_game","true",,"2026-04-24T09:39:09.624-04:00"
"false","SAS","C4CED4","San Antonio","Spurs","2026-04-01T22:40:00.000-04:00",,"SAS/POR","Full",,"combo",,,"false","2026-04-24T22:30:00.000-04:00","scheduled","POR","E03A3E","Portland","Trail Blazers","true","false","false","true","false","NBA","7","43.5","standard","true","314932","https://static.prizepicks.com/images/players/CMBO_group_tvU7V29ZGXfkijqggrVskSCI.webp","8 + 4",,"Deni Avdija + De'Aaron Fox","F","POR/SAS","Trail Blazers/Spurs","11593621","Single Stat","Single Stat","1938","true","2026-04-24T22:40:00.000-04:00","Points (Combo)","19","Points","pre_game","true",,"2026-04-24T10:21:54.246-04:00"
"false","SAS","C4CED4","San Antonio","Spurs","2026-04-01T08:11:00.000-04:00",,"SAS","Full",,"team",,,"false","2026-04-24T22:30:00.000-04:00","scheduled","POR","E03A3E","Portland","Trail Blazers","true","false","false","true","false","NBA","7","42.5","standard","false","216763","https://static.prizepicks.com/images/players/NBA/Deni_Avdija_NBA_player_UseSk8t9hGI1bxQmUCphB6Zd.webp","8","Portland","Deni Avdija","F","POR","Trail Blazers","11652113","Fantasy Score","Fantasy Score","1939","true","2026-04-24T22:40:00.000-04:00","Fantasy Score","6","Fantasy Score","pre_game","true",,"2026-04-24T09:36:19.110-04:00"
"false","SAS","C4CED4","San Antonio","Spurs","2026-04-01T22:40:00.000-04:00",,"SAS/POR","Full",,"combo",,,"false","2026-04-24T22:30:00.000-04:00","scheduled","POR","E03A3E","Portland","Trail Blazers","true","false","false","true","false","NBA","7","42","standard","true","314933","https://static.prizepicks.com/images/players/CMBO_group_0UYMBCQOiZwpqf50lOFeJJKO.webp","8 + 5",,"Deni Avdija + Stephon Castle","F","POR/SAS","Trail Blazers/Spurs","11593701","Single Stat","Single Stat","1940","true","2026-04-24T22:40:00.000-04:00","Points (Combo)","19","Points","pre_game","true",,"2026-04-22T15:48:20.554-04:00"
,"SAS","C4CED4","San Antonio","Spurs","2026-04-23T22:40:00.000-04:00",,"POR","Full",,"team",,,"false","2026-04-24T22:30:00.000-04:00","scheduled","POR","E03A3E","Portland","Trail Blazers","true","false","false","true","false","NBA","7","39.5","standard","false","173819","https://static.prizepicks.com/images/players/NBA/Victor_Wembanyama_NBA_player_2EsUEdOt5xmywxPr6qxPdHNs.webp","1","San Antonio","Victor Wembanyama","F-C","SAS","Spurs","11587995","Single Stat","Single Stat","1943","true","2026-04-24T22:40:00.000-04:00","Pts+Rebs+Asts","1","PRA","pre_game","true",,"2026-04-24T08:40:56.246-04:00"
"false","SAS","C4CED4","San Antonio","Spurs","2026-04-01T08:11:00.000-04:00",,"POR","Full",,"team",,,"false","2026-04-24T22:30:00.000-04:00","scheduled","POR","E03A3E","Portland","Trail Blazers","true","false","false","true","false","NBA","7","38.5","standard","false","217804","https://static.prizepicks.com/images/players/NBA/Stephon_Castle_NBA_player_3nImU3v39rqjCKdKG1wdfekq.webp","5","San Antonio","Stephon Castle","G","SAS","Spurs","11652147","Fantasy Score","Fantasy Score","1951","true","2026-04-24T22:40:00.000-04:00","Fantasy Score","6","Fantasy Score","pre_game","true",,"2026-04-24T09:42:35.571-04:00"
,"SAS","C4CED4","San Antonio","Spurs","2026-04-23T22:40:00.000-04:00",,"SAS","Full",,"team",,,"false","2026-04-24T22:30:00.000-04:00","scheduled","POR","E03A3E","Portland","Trail Blazers","true","false","false","true","false","NBA","7","37","standard","false","216763","https://static.prizepicks.com/images/players/NBA/Deni_Avdija_NBA_player_UseSk8t9hGI1bxQmUCphB6Zd.webp","8","Portland","Deni Avdija","F","POR","Trail Blazers","11587394","Single Stat","Single Stat","1952","true","2026-04-24T22:40:00.000-04:00","Pts+Rebs+Asts","1","PRA","pre_game","true",,"2026-04-24T10:17:18.487-04:00"
,"SAS","C4CED4","San Antonio","Spurs","2026-04-23T22:40:00.000-04:00",,"POR","Full",,"team",,,"false","2026-04-24T22:30:00.000-04:00","scheduled","POR","E03A3E","Portland","Trail Blazers","true","false","false","true","false","NBA","7","36.5","standard","false","173819","https://static.prizepicks.com/images/players/NBA/Victor_Wembanyama_NBA_player_2EsUEdOt5xmywxPr6qxPdHNs.webp","1","San Antonio","Victor Wembanyama","F-C","SAS","Spurs","11587463","Single Stat","Single Stat","1954","true","2026-04-24T22:40:00.000-04:00","Pts+Rebs","18","Pts+Rebs","pre_game","true",,"2026-04-23T23:31:46.322-04:00"
"false","SAS","C4CED4","San Antonio","Spurs","2026-04-01T22:40:00.000-04:00",,"SAS/POR","Full",,"combo",,,"false","2026-04-24T22:30:00.000-04:00","scheduled","POR","E03A3E","Portland","Trail Blazers","true","false","false","true","false","NBA","7","35.5","standard","true","314930","https://static.prizepicks.com/images/players/CMBO_group_n5DNEiXTBdtfyNzQKX6mdI0u.webp","5 + 4",,"Jrue Holiday + De'Aaron Fox","G","POR/SAS","Trail Blazers/Spurs","11593581","Single Stat","Single Stat","1957","true","2026-04-24T22:40:00.000-04:00","Points (Combo)","19","Points","pre_game","true",,"2026-04-24T10:06:19.769-04:00"
"false","SAS","C4CED4","San Antonio","Spurs","2026-04-01T08:11:00.000-04:00",,"POR","Full",,"team",,,"false","2026-04-24T22:30:00.000-04:00","scheduled","POR","E03A3E","Portland","Trail Blazers","true","false","false","true","false","NBA","7","35.5","standard","false","226913","https://static.prizepicks.com/images/players/NBA/De'Aaron_Fox_NBA_player_ey65igBBNutBRz0ibXh85IuZ.webp","4","San Antonio","De'Aaron Fox","G","SAS","Spurs","11652126","Fantasy Score","Fantasy Score","1959","true","2026-04-24T22:40:00.000-04:00","Fantasy Score","6","Fantasy Score","pre_game","true",,"2026-04-24T09:40:01.893-04:00"
"false","SAS","C4CED4","San Antonio","Spurs","2026-04-01T22:40:00.000-04:00",,"SAS/POR","Full",,"combo",,,"false","2026-04-24T22:30:00.000-04:00","scheduled","POR","E03A3E","Portland","Trail Blazers","true","false","false","true","false","NBA","7","34.5","standard","true","314929","https://static.prizepicks.com/images/players/CMBO_group_gYH7duutozXPrTdoxpUX19GZ.webp","5",,"Jrue Holiday + Stephon Castle","G","POR/SAS","Trail Blazers/Spurs","11593580","Single Stat","Single Stat","1973","true","2026-04-24T22:40:00.000-04:00","Points (Combo)","19","Points","pre_game","true",,"2026-04-23T00:12:45.429-04:00"
"false","SAS","C4CED4","San Antonio","Spurs","2026-04-01T22:40:00.000-04:00",,"SAS/POR","Full",,"combo",,,"false","2026-04-24T22:30:00.000-04:00","scheduled","POR","E03A3E","Portland","Trail Blazers","true","false","false","true","false","NBA","7","34.5","standard","true","314936","https://static.prizepicks.com/images/manual/Scoot Henderson + De'Aaron Fox.png","00 + 4",,"Scoot Henderson + De'Aaron Fox","G","POR/SAS","Trail Blazers/Spurs","11593856","Single Stat","Single Stat","1974","true","2026-04-24T22:40:00.000-04:00","Points (Combo)","19","Points","pre_game","true",,"2026-04-24T10:22:05.274-04:00"
"false","SAS","C4CED4","San Antonio","Spurs","2026-04-01T22:40:00.000-04:00",,"SAS/POR","Full",,"combo",,,"false","2026-04-24T22:30:00.000-04:00","scheduled","POR","E03A3E","Portland","Trail Blazers","true","false","false","true","false","NBA","7","33.5","standard","true","314934","https://static.prizepicks.com/images/players/CMBO_group_d9vrA2WVK8rZmuoy7jmBjiXe.webp","00 + 5",,"Scoot Henderson + Stephon Castle","G","POR/SAS","Trail Blazers/Spurs","11593703","Single Stat","Single Stat","1978","true","2026-04-24T22:40:00.000-04:00","Points (Combo)","19","Points","pre_game","true",,"2026-04-24T13:22:53.943-04:00"
,"SAS","C4CED4","San Antonio","Spurs","2026-04-23T22:40:00.000-04:00",,"SAS","Full",,"team",,,"false","2026-04-24T22:30:00.000-04:00","scheduled","POR","E03A3E","Portland","Trail Blazers","true","false","false","true","false","NBA","7","31.5","standard","false","216763","https://static.prizepicks.com/images/players/NBA/Deni_Avdija_NBA_player_UseSk8t9hGI1bxQmUCphB6Zd.webp","8","Portland","Deni Avdija","F","POR","Trail Blazers","11587393","Single Stat","Single Stat","1982","true","2026-04-24T22:40:00.000-04:00","Pts+Rebs","18","Pts+Rebs","pre_game","true",,"2026-04-24T11:23:48.099-04:00"
,"SAS","C4CED4","San Antonio","Spurs","2026-04-23T22:40:00.000-04:00",,"POR","Full",,"team",,,"false","2026-04-24T22:30:00.000-04:00","scheduled","POR","E03A3E","Portland","Trail Blazers","true","false","false","true","false","NBA","7","31.5","standard","false","217804","https://static.prizepicks.com/images/players/NBA/Stephon_Castle_NBA_player_3nImU3v39rqjCKdKG1wdfekq.webp","5","San Antonio","Stephon Castle","G","SAS","Spurs","11587918","Single Stat","Single Stat","1983","true","2026-04-24T22:40:00.000-04:00","Pts+Rebs+Asts","1","PRA","pre_game","true",,"2026-04-23T23:31:46.322-04:00"
,"SAS","C4CED4","San Antonio","Spurs","2026-04-23T22:40:00.000-04:00",,"SAS","Full",,"team",,,"false","2026-04-24T22:30:00.000-04:00","scheduled","POR","E03A3E","Portland","Trail Blazers","true","false","false","true","false","NBA","7","30.5","standard","false","216763","https://static.prizepicks.com/images/players/NBA/Deni_Avdija_NBA_player_UseSk8t9hGI1bxQmUCphB6Zd.webp","8","Portland","Deni Avdija","F","POR","Trail Blazers","11587392","Single Stat","Single Stat","1985","true","2026-04-24T22:40:00.000-04:00","Pts+Asts","10","Pts+Asts","pre_game","true",,"2026-04-24T12:09:07.188-04:00"
"false","SAS","C4CED4","San Antonio","Spurs","2026-04-01T22:40:00.000-04:00",,"SAS/POR","Full",,"combo",,,"false","2026-04-24T22:30:00.000-04:00","scheduled","POR","E03A3E","Portland","Trail Blazers","true","false","false","true","false","NBA","7","30.5","standard","true","314931","https://static.prizepicks.com/images/players/CMBO_group_Bt3LBewVYqbWa9oLTeJgvccI.webp","5 + 24",,"Jrue Holiday + Devin Vassell","G","POR/SAS","Trail Blazers/Spurs","11593618","Single Stat","Single Stat","1988","true","2026-04-24T22:40:00.000-04:00","Points (Combo)","19","Points","pre_game","true",,"2026-04-23T20:29:13.558-04:00"
"false","SAS","C4CED4","San Antonio","Spurs","2026-04-01T08:11:00.000-04:00",,"SAS","Full",,"team",,,"false","2026-04-24T22:30:00.000-04:00","scheduled","POR","E03A3E","Portland","Trail Blazers","true","false","false","true","false","NBA","7","30.5","standard","false","269530","https://static.prizepicks.com/images/players/NBA/Jrue_Holiday_NBA_player_dAWYsY1Z7zsmD6Os0ZQIpxC.webp","5","Portland","Jrue Holiday","G","POR","Trail Blazers","11652118","Fantasy Score","Fantasy Score","1991","true","2026-04-24T22:40:00.000-04:00","Fantasy Score","6","Fantasy Score","pre_game","true",,"2026-04-24T09:38:15.376-04:00"
"false","SAS","C4CED4","San Antonio","Spurs","2026-04-01T22:40:00.000-04:00",,"SAS/POR","Full",,"combo",,,"false","2026-04-24T22:30:00.000-04:00","scheduled","POR","E03A3E","Portland","Trail Blazers","true","false","false","true","false","NBA","7","29","standard","true","314935","https://static.prizepicks.com/images/players/CMBO_group_UP2qXOsUwulbFGPjwW9Of3f.webp","00 + 24",,"Scoot Henderson + Devin Vassell","G","POR/SAS","Trail Blazers/Spurs","11593855","Single Stat","Single Stat","2014","true","2026-04-24T22:40:00.000-04:00","Points (Combo)","19","Points","pre_game","true",,"2026-04-23T18:23:59.423-04:00"
,"SAS","C4CED4","San Antonio","Spurs","2026-04-23T22:40:00.000-04:00",,"POR","Full",,"team",,,"false","2026-04-24T22:30:00.000-04:00","scheduled","POR","E03A3E","Portland","Trail Blazers","true","false","false","true","false","NBA","7","28.5","standard","false","226913","https://static.prizepicks.com/images/players/NBA/De'Aaron_Fox_NBA_player_ey65igBBNutBRz0ibXh85IuZ.webp","4","San Antonio","De'Aaron Fox","G","SAS","Spurs","11587873","Single Stat","Single Stat","2016","true","2026-04-24T22:40:00.000-04:00","Pts+Rebs+Asts","1","PRA","pre_game","true",,"2026-04-23T23:31:46.322-04:00"
"false","SAS","C4CED4","San Antonio","Spurs","2026-04-01T08:11:00.000-04:00",,"SAS","Full",,"team",,,"false","2026-04-24T22:30:00.000-04:00","scheduled","POR","E03A3E","Portland","Trail Blazers","true","false","false","true","false","NBA","7","28.5","standard","false","219067","https://static.prizepicks.com/images/players/NBA/Donovan_Clingan_NBA_player_XG0ehs4YvXqgtOiVSoqCpxPg.webp","23","Portland","Donovan Clingan","C","POR","Trail Blazers","11652114","Fantasy Score","Fantasy Score","2020","true","2026-04-24T22:40:00.000-04:00","Fantasy Score","6","Fantasy Score","pre_game","true",,"2026-04-24T09:38:22.524-04:00"
"false","SAS","C4CED4","San Antonio","Spurs","2026-04-01T08:11:00.000-04:00",,"POR","Full",,"team",,,"false","2026-04-24T22:30:00.000-04:00","scheduled","POR","E03A3E","Portland","Trail Blazers","true","false","false","true","false","NBA","7","28.5","standard","false","56347","https://static.prizepicks.com/images/players/NBA/Devin_Vassell_NBA_player_1FsPF0NOGQH4fepI0eeG7MYw.webp","24","San Antonio","Devin Vassell","G-F","SAS","Spurs","11652131","Fantasy Score","Fantasy Score","2021","true","2026-04-24T22:40:00.000-04:00","Fantasy Score","6","Fantasy Score","pre_game","true",,"2026-04-24T09:53:51.768-04:00"
,"SAS","C4CED4","San Antonio","Spurs","2026-04-23T22:40:00.000-04:00",,"SAS","Full",,"team",,,"false","2026-04-24T22:30:00.000-04:00","scheduled","POR","E03A3E","Portland","Trail Blazers","true","false","false","true","false","NBA","7","27.5","standard","false","269530","https://static.prizepicks.com/images/players/NBA/Jrue_Holiday_NBA_player_dAWYsY1Z7zsmD6Os0ZQIpxC.webp","5","Portland","Jrue Holiday","G","POR","Trail Blazers","11587420","Single Stat","Single Stat","2023","true","2026-04-24T22:40:00.000-04:00","Pts+Rebs+Asts","1","PRA","pre_game","true",,"2026-04-23T23:31:52.259-04:00"
,"SAS","C4CED4","San Antonio","Spurs","2026-04-23T22:40:00.000-04:00",,"POR","Full",,"team",,,"false","2026-04-24T22:30:00.000-04:00","scheduled","POR","E03A3E","Portland","Trail Blazers","true","false","false","true","false","NBA","7","27.5","standard","false","173819","https://static.prizepicks.com/images/players/NBA/Victor_Wembanyama_NBA_player_2EsUEdOt5xmywxPr6qxPdHNs.webp","1","San Antonio","Victor Wembanyama","F-C","SAS","Spurs","11587462","Single Stat","Single Stat","2024","true","2026-04-24T22:40:00.000-04:00","Pts+Asts","10","Pts+Asts","pre_game","true",,"2026-04-23T23:31:46.322-04:00"
,"SAS","C4CED4","San Antonio","Spurs","2026-04-23T22:40:00.000-04:00",,"POR","Full",,"team",,,"false","2026-04-24T22:30:00.000-04:00","scheduled","POR","E03A3E","Portland","Trail Blazers","true","false","false","true","false","NBA","7","25.5","standard","false","226913","https://static.prizepicks.com/images/players/NBA/De'Aaron_Fox_NBA_player_ey65igBBNutBRz0ibXh85IuZ.webp","4","San Antonio","De'Aaron Fox","G","SAS","Spurs","11587871","Single Stat","Single Stat","2032","true","2026-04-24T22:40:00.000-04:00","Pts+Asts","10","Pts+Asts","pre_game","true",,"2026-04-24T08:48:21.304-04:00"
,"SAS","C4CED4","San Antonio","Spurs","2026-04-23T22:40:00.000-04:00",,"POR","Full",,"team",,,"false","2026-04-24T22:30:00.000-04:00","scheduled","POR","E03A3E","Portland","Trail Blazers","true","false","false","true","false","NBA","7","25.5","standard","false","217804","https://static.prizepicks.com/images/players/NBA/Stephon_Castle_NBA_player_3nImU3v39rqjCKdKG1wdfekq.webp","5","San Antonio","Stephon Castle","G","SAS","Spurs","11587916","Single Stat","Single Stat","2033","true","2026-04-24T22:40:00.000-04:00","Pts+Asts","10","Pts+Asts","pre_game","true",,"2026-04-23T23:31:46.322-04:00"
"false","SAS","C4CED4","San Antonio","Spurs","2026-04-01T08:11:00.000-04:00",,"POR","Full",,"team",,,"false","2026-04-24T22:30:00.000-04:00","scheduled","POR","E03A3E","Portland","Trail Blazers","true","false","false","true","false","NBA","7","25.5","standard","false","272423","https://static.prizepicks.com/images/players/NBA/Luke_Kornet_NBA_player_NgI81WY3mArg0gBbrlpVIVL7.webp","7","San Antonio","Luke Kornet","C-F","SAS","Spurs","11652144","Fantasy Score","Fantasy Score","2035","true","2026-04-24T22:40:00.000-04:00","Fantasy Score","6","Fantasy Score","pre_game","true",,"2026-04-24T09:44:11.995-04:00"
,"SAS","C4CED4","San Antonio","Spurs","2026-04-23T22:40:00.000-04:00",,"POR","Full",,"team",,,"false","2026-04-24T22:30:00.000-04:00","scheduled","POR","E03A3E","Portland","Trail Blazers","true","false","false","true","false","NBA","7","25","standard","false","173819","https://static.prizepicks.com/images/players/NBA/Victor_Wembanyama_NBA_player_2EsUEdOt5xmywxPr6qxPdHNs.webp","1","San Antonio","Victor Wembanyama","F-C","SAS","Spurs","11587461","Single Stat","Single Stat","2036","true","2026-04-24T22:40:00.000-04:00","Points","0","Points","pre_game","true",,"2026-04-24T09:15:45.635-04:00"
,"SAS","C4CED4","San Antonio","Spurs","2026-04-23T22:40:00.000-04:00",,"POR","Full",,"team",,,"false","2026-04-24T22:30:00.000-04:00","scheduled","POR","E03A3E","Portland","Trail Blazers","true","false","false","true","false","NBA","7","24.5","standard","false","217804","https://static.prizepicks.com/images/players/NBA/Stephon_Castle_NBA_player_3nImU3v39rqjCKdKG1wdfekq.webp","5","San Antonio","Stephon Castle","G","SAS","Spurs","11587917","Single Stat","Single Stat","2041","true","2026-04-24T22:40:00.000-04:00","Pts+Rebs","18","Pts+Rebs","pre_game","true",,"2026-04-24T08:44:33.725-04:00"
"false","SAS","C4CED4","San Antonio","Spurs","2026-04-01T08:11:00.000-04:00",,"SAS","Full",,"team",,,"false","2026-04-24T22:30:00.000-04:00","scheduled","POR","E03A3E","Portland","Trail Blazers","true","false","false","true","false","NBA","7","24.5","standard","false","174235","https://static.prizepicks.com/images/players/NBA/Scoot_Henderson_NBA_player_Krv7T64Nfds9BC2ZV0FnS0TC.webp","00","Portland","Scoot Henderson","G","POR","Trail Blazers","11652122","Fantasy Score","Fantasy Score","2068","true","2026-04-24T22:40:00.000-04:00","Fantasy Score","6","Fantasy Score","pre_game","true",,"2026-04-24T09:35:55.831-04:00"
"false","SAS","C4CED4","San Antonio","Spurs","2026-04-01T08:11:00.000-04:00",,"SAS","Full",,"team",,,"false","2026-04-24T22:30:00.000-04:00","scheduled","POR","E03A3E","Portland","Trail Blazers","true","false","false","true","false","NBA","7","24","standard","false","175130","https://static.prizepicks.com/images/players/NBA/Toumani_Camara_NBA_player_w4urdOprLpBcEquxbAuRRcN.webp","33","Portland","Toumani Camara","F","POR","Trail Blazers","11652125","Fantasy Score","Fantasy Score","2069","true","2026-04-24T22:40:00.000-04:00","Fantasy Score","6","Fantasy Score","pre_game","true",,"2026-04-24T12:24:38.288-04:00"
,"SAS","C4CED4","San Antonio","Spurs","2026-04-23T22:40:00.000-04:00",,"SAS","Full",,"team",,,"false","2026-04-24T22:30:00.000-04:00","scheduled","POR","E03A3E","Portland","Trail Blazers","true","false","false","true","false","NBA","7","23.5","standard","false","216763","https://static.prizepicks.com/images/players/NBA/Deni_Avdija_NBA_player_UseSk8t9hGI1bxQmUCphB6Zd.webp","8","Portland","Deni Avdija","F","POR","Trail Blazers","11587391","Single Stat","Single Stat","2070","true","2026-04-24T22:40:00.000-04:00","Points","0","Points","pre_game","true",,"2026-04-23T23:31:52.259-04:00"
,"SAS","C4CED4","San Antonio","Spurs","2026-04-23T22:40:00.000-04:00",,"POR","Full",,"team",,,"false","2026-04-24T22:30:00.000-04:00","scheduled","POR","E03A3E","Portland","Trail Blazers","true","false","false","true","false","NBA","7","23.5","standard","false","226913","https://static.prizepicks.com/images/players/NBA/De'Aaron_Fox_NBA_player_ey65igBBNutBRz0ibXh85IuZ.webp","4","San Antonio","De'Aaron Fox","G","SAS","Spurs","11587872","Single Stat","Single Stat","2071","true","2026-04-24T22:40:00.000-04:00","Pts+Rebs","18","Pts+Rebs","pre_game","true",,"2026-04-24T12:14:37.015-04:00"
,"SAS","C4CED4","San Antonio","Spurs","2026-04-23T22:40:00.000-04:00",,"SAS","Full",,"team",,,"false","2026-04-24T22:30:00.000-04:00","scheduled","POR","E03A3E","Portland","Trail Blazers","true","false","false","true","false","NBA","7","22.5","standard","false","269530","https://static.prizepicks.com/images/players/NBA/Jrue_Holiday_NBA_player_dAWYsY1Z7zsmD6Os0ZQIpxC.webp","5","Portland","Jrue Holiday","G","POR","Trail Blazers","11587418","Single Stat","Single Stat","2079","true","2026-04-24T22:40:00.000-04:00","Pts+Asts","10","Pts+Asts","pre_game","true",,"2026-04-24T10:50:58.929-04:00"
,"SAS","C4CED4","San Antonio","Spurs","2026-04-23T22:40:00.000-04:00",,"POR","Full",,"team",,,"false","2026-04-24T22:30:00.000-04:00","scheduled","POR","E03A3E","Portland","Trail Blazers","true","false","false","true","false","NBA","7","22.5","standard","false","56347","https://static.prizepicks.com/images/players/NBA/Devin_Vassell_NBA_player_1FsPF0NOGQH4fepI0eeG7MYw.webp","24","San Antonio","Devin Vassell","G-F","SAS","Spurs","11587994","Single Stat","Single Stat","2080","true","2026-04-24T22:40:00.000-04:00","Pts+Rebs+Asts","1","PRA","pre_game","true",,"2026-04-24T07:59:04.298-04:00"
"false","SAS","C4CED4","San Antonio","Spurs","2026-04-01T08:11:00.000-04:00",,"POR","Full",,"team",,,"false","2026-04-24T22:30:00.000-04:00","scheduled","POR","E03A3E","Portland","Trail Blazers","true","false","false","true","false","NBA","7","22.5","standard","false","125266","https://static.prizepicks.com/images/players/NBA/Julian_Champagnie_NBA_player_wWXts7QJavucRoRUsMbfxn9.webp","30","San Antonio","Julian Champagnie","F","SAS","Spurs","11652136","Fantasy Score","Fantasy Score","2087","true","2026-04-24T22:40:00.000-04:00","Fantasy Score","6","Fantasy Score","pre_game","true",,"2026-04-24T09:40:29.737-04:00"
,"SAS","C4CED4","San Antonio","Spurs","2026-04-23T22:40:00.000-04:00",,"SAS","Full",,"team",,,"false","2026-04-24T22:30:00.000-04:00","scheduled","POR","E03A3E","Portland","Trail Blazers","true","false","false","true","false","NBA","7","21.5","standard","false","219067","https://static.prizepicks.com/images/players/NBA/Donovan_Clingan_NBA_player_XG0ehs4YvXqgtOiVSoqCpxPg.webp","23","Portland","Donovan Clingan","C","POR","Trail Blazers","11592022","Single Stat","Single Stat","2090","true","2026-04-24T22:40:00.000-04:00","Pts+Rebs+Asts","1","PRA","pre_game","true",,"2026-04-24T09:29:27.727-04:00"
"false","SAS","C4CED4","San Antonio","Spurs","2026-04-01T08:11:00.000-04:00",,"POR","Full",,"team",,,"false","2026-04-24T22:30:00.000-04:00","scheduled","POR","E03A3E","Portland","Trail Blazers","true","false","false","true","false","NBA","7","21.5","standard","false","271607","https://static.prizepicks.com/images/manual/DylanHarper.png","2","San Antonio","Dylan Harper","G","SAS","Spurs","11652134","Fantasy Score","Fantasy Score","2094","true","2026-04-24T22:40:00.000-04:00","Fantasy Score","6","Fantasy Score","pre_game","true",,"2026-04-24T09:38:04.299-04:00"
,"SAS","C4CED4","San Antonio","Spurs","2026-04-23T22:40:00.000-04:00",,"SAS","Full",,"team",,,"false","2026-04-24T22:30:00.000-04:00","scheduled","POR","E03A3E","Portland","Trail Blazers","true","false","false","true","false","NBA","7","20.5","standard","false","269530","https://static.prizepicks.com/images/players/NBA/Jrue_Holiday_NBA_player_dAWYsY1Z7zsmD6Os0ZQIpxC.webp","5","Portland","Jrue Holiday","G","POR","Trail Blazers","11587419","Single Stat","Single Stat","2095","true","2026-04-24T22:40:00.000-04:00","Pts+Rebs","18","Pts+Rebs","pre_game","true",,"2026-04-23T23:31:52.259-04:00"
,"SAS","C4CED4","San Antonio","Spurs","2026-04-23T22:40:00.000-04:00",,"SAS","Full",,"team",,,"false","2026-04-24T22:30:00.000-04:00","scheduled","POR","E03A3E","Portland","Trail Blazers","true","false","false","true","false","NBA","7","20.5","standard","false","174235","https://static.prizepicks.com/images/players/NBA/Scoot_Henderson_NBA_player_Krv7T64Nfds9BC2ZV0FnS0TC.webp","00","Portland","Scoot Henderson","G","POR","Trail Blazers","11587436","Single Stat","Single Stat","2096","true","2026-04-24T22:40:00.000-04:00","Pts+Rebs+Asts","1","PRA","pre_game","true",,"2026-04-24T09:12:31.437-04:00"
"false","SAS","C4CED4","San Antonio","Spurs","2026-04-01T08:11:00.000-04:00",,"SAS","Full",,"team",,,"false","2026-04-24T22:30:00.000-04:00","scheduled","POR","E03A3E","Portland","Trail Blazers","true","false","false","true","false","NBA","7","20.5","standard","false","174693","https://static.prizepicks.com/images/players/NBA/Robert_Williams_NBA_player_lvHUA9PZ3d4tKnIquKkDtZqe.webp","35","Portland","Robert Williams","C-F","POR","Trail Blazers","11652119","Fantasy Score","Fantasy Score","2102","true","2026-04-24T22:40:00.000-04:00","Fantasy Score","6","Fantasy Score","pre_game","true",,"2026-04-24T09:36:34.212-04:00"
"false","SAS","C4CED4","San Antonio","Spurs","2026-04-01T08:11:00.000-04:00",,"POR","Full",,"team",,,"false","2026-04-24T22:30:00.000-04:00","scheduled","POR","E03A3E","Portland","Trail Blazers","true","false","false","true","false","NBA","7","20.5","standard","false","55140","https://static.prizepicks.com/images/players/NBA/Keldon_Johnson_NBA_player_ytnN6jT7zYkcukGvVWoYp2zk.webp","3","San Antonio","Keldon Johnson","F-G","SAS","Spurs","11652138","Fantasy Score","Fantasy Score","2103","true","2026-04-24T22:40:00.000-04:00","Fantasy Score","6","Fantasy Score","pre_game","true",,"2026-04-24T09:53:51.787-04:00"
,"SAS","C4CED4","San Antonio","Spurs","2026-04-23T22:40:00.000-04:00",,"SAS","Full",,"team",,,"false","2026-04-24T22:30:00.000-04:00","scheduled","POR","E03A3E","Portland","Trail Blazers","true","false","false","true","false","NBA","7","19.5","standard","false","219067","https://static.prizepicks.com/images/players/NBA/Donovan_Clingan_NBA_player_XG0ehs4YvXqgtOiVSoqCpxPg.webp","23","Portland","Donovan Clingan","C","POR","Trail Blazers","11587402","Single Stat","Single Stat","2106","true","2026-04-24T22:40:00.000-04:00","Pts+Rebs","18","Pts+Rebs","pre_game","true",,"2026-04-24T08:42:44.088-04:00"
"false","SAS","C4CED4","San Antonio","Spurs","2026-04-23T22:40:00.000-04:00",,"POR","Full",,"team",,,"false","2026-04-24T22:30:00.000-04:00","scheduled","POR","E03A3E","Portland","Trail Blazers","true","false","false","true","false","NBA","7","19.5","standard","false","226913","https://static.prizepicks.com/images/players/NBA/De'Aaron_Fox_NBA_player_ey65igBBNutBRz0ibXh85IuZ.webp","4","San Antonio","De'Aaron Fox","G","SAS","Spurs","11587866","Single Stat","Single Stat","2109","true","2026-04-24T22:40:00.000-04:00","Points","0","Points","pre_game","true",,"2026-04-23T23:31:46.322-04:00"
,"SAS","C4CED4","San Antonio","Spurs","2026-04-23T22:40:00.000-04:00",,"POR","Full",,"team",,,"false","2026-04-24T22:30:00.000-04:00","scheduled","POR","E03A3E","Portland","Trail Blazers","true","false","false","true","false","NBA","7","19.5","standard","false","56347","https://static.prizepicks.com/images/players/NBA/Devin_Vassell_NBA_player_1FsPF0NOGQH4fepI0eeG7MYw.webp","24","San Antonio","Devin Vassell","G-F","SAS","Spurs","11587887","Single Stat","Single Stat","2111","true","2026-04-24T22:40:00.000-04:00","Pts+Rebs","18","Pts+Rebs","pre_game","true",,"2026-04-23T23:31:46.322-04:00"
,"SAS","C4CED4","San Antonio","Spurs","2026-04-23T22:40:00.000-04:00",,"POR","Full",,"team",,,"false","2026-04-24T22:30:00.000-04:00","scheduled","POR","E03A3E","Portland","Trail Blazers","true","false","false","true","false","NBA","7","18.5","standard","false","217804","https://static.prizepicks.com/images/players/NBA/Stephon_Castle_NBA_player_3nImU3v39rqjCKdKG1wdfekq.webp","5","San Antonio","Stephon Castle","G","SAS","Spurs","11587911","Single Stat","Single Stat","2148","true","2026-04-24T22:40:00.000-04:00","Points","0","Points","pre_game","true",,"2026-04-23T23:31:46.322-04:00"
"false","SAS","C4CED4","San Antonio","Spurs","2026-04-23T22:40:00.000-04:00",,"POR","Full",,"team",,,"false","2026-04-24T22:30:00.000-04:00","scheduled","POR","E03A3E","Portland","Trail Blazers","true","false","false","true","false","NBA","7","18.5","standard","false","272423","https://static.prizepicks.com/images/players/NBA/Luke_Kornet_NBA_player_NgI81WY3mArg0gBbrlpVIVL7.webp","7","San Antonio","Luke Kornet","C-F","SAS","Spurs","11613503","Single Stat","Single Stat","2154","true","2026-04-24T22:40:00.000-04:00","Pts+Rebs+Asts","1","PRA","pre_game","true",,"2026-04-24T09:27:51.647-04:00"
,"SAS","C4CED4","San Antonio","Spurs","2026-04-23T22:40:00.000-04:00",,"SAS","Full",,"team",,,"false","2026-04-24T22:30:00.000-04:00","scheduled","POR","E03A3E","Portland","Trail Blazers","true","false","false","true","false","NBA","7","17.5","standard","false","174235","https://static.prizepicks.com/images/players/NBA/Scoot_Henderson_NBA_player_Krv7T64Nfds9BC2ZV0FnS0TC.webp","00","Portland","Scoot Henderson","G","POR","Trail Blazers","11587434","Single Stat","Single Stat","2158","true","2026-04-24T22:40:00.000-04:00","Pts+Asts","10","Pts+Asts","pre_game","true",,"2026-04-23T23:31:52.259-04:00"
,"SAS","C4CED4","San Antonio","Spurs","2026-04-23T22:40:00.000-04:00",,"SAS","Full",,"team",,,"false","2026-04-24T22:30:00.000-04:00","scheduled","POR","E03A3E","Portland","Trail Blazers","true","false","false","true","false","NBA","7","17.5","standard","false","174235","https://static.prizepicks.com/images/players/NBA/Scoot_Henderson_NBA_player_Krv7T64Nfds9BC2ZV0FnS0TC.webp","00","Portland","Scoot Henderson","G","POR","Trail Blazers","11587435","Single Stat","Single Stat","2159","true","2026-04-24T22:40:00.000-04:00","Pts+Rebs","18","Pts+Rebs","pre_game","true",,"2026-04-24T12:11:56.159-04:00"
,"SAS","C4CED4","San Antonio","Spurs","2026-04-23T22:40:00.000-04:00",,"POR","Full",,"team",,,"false","2026-04-24T22:30:00.000-04:00","scheduled","POR","E03A3E","Portland","Trail Blazers","true","false","false","true","false","NBA","7","17.5","standard","false","56347","https://static.prizepicks.com/images/players/NBA/Devin_Vassell_NBA_player_1FsPF0NOGQH4fepI0eeG7MYw.webp","24","San Antonio","Devin Vassell","G-F","SAS","Spurs","11587886","Single Stat","Single Stat","2160","true","2026-04-24T22:40:00.000-04:00","Pts+Asts","10","Pts+Asts","pre_game","true",,"2026-04-24T08:48:37.996-04:00"
,"SAS","C4CED4","San Antonio","Spurs","2026-04-23T22:40:00.000-04:00",,"POR","Full",,"team",,,"false","2026-04-24T22:30:00.000-04:00","scheduled","POR","E03A3E","Portland","Trail Blazers","true","false","false","true","false","NBA","7","17.5","standard","false","271607","https://static.prizepicks.com/images/manual/DylanHarper.png","2","San Antonio","Dylan Harper","G","SAS","Spurs","11601088","Single Stat","Single Stat","2173","true","2026-04-24T22:40:00.000-04:00","Pts+Rebs+Asts","1","PRA","pre_game","true",,"2026-04-24T09:27:51.747-04:00"
"false","SAS","C4CED4","San Antonio","Spurs","2026-04-01T08:11:00.000-04:00",,"POR","Full",,"team",,,"false","2026-04-24T22:30:00.000-04:00","scheduled","POR","E03A3E","Portland","Trail Blazers","true","false","false","true","false","NBA","7","17.5","standard","false","173819","https://static.prizepicks.com/images/players/NBA/Victor_Wembanyama_NBA_player_2EsUEdOt5xmywxPr6qxPdHNs.webp","1","San Antonio","Victor Wembanyama","F-C","SAS","Spurs","11651826","Single Stat","Single Stat","2178","true","2026-04-24T22:40:00.000-04:00","FG Attempted","12","FG Attempted","pre_game","true",,"2026-04-24T09:05:02.187-04:00"
,"SAS","C4CED4","San Antonio","Spurs","2026-04-23T22:40:00.000-04:00",,"POR","Full",,"team",,,"false","2026-04-24T22:30:00.000-04:00","scheduled","POR","E03A3E","Portland","Trail Blazers","true","false","false","true","false","NBA","7","16.5","standard","false","55140","https://static.prizepicks.com/images/players/NBA/Keldon_Johnson_NBA_player_ytnN6jT7zYkcukGvVWoYp2zk.webp","3","San Antonio","Keldon Johnson","F-G","SAS","Spurs","11592103","Single Stat","Single Stat","2185","true","2026-04-24T22:40:00.000-04:00","Pts+Rebs","18","Pts+Rebs","pre_game","true",,"2026-04-24T10:22:06.663-04:00"
,"SAS","C4CED4","San Antonio","Spurs","2026-04-23T22:40:00.000-04:00",,"SAS","Full",,"team",,,"false","2026-04-24T22:30:00.000-04:00","scheduled","POR","E03A3E","Portland","Trail Blazers","true","false","false","true","false","NBA","7","16.5","standard","false","175130","https://static.prizepicks.com/images/players/NBA/Toumani_Camara_NBA_player_w4urdOprLpBcEquxbAuRRcN.webp","33","Portland","Toumani Camara","F","POR","Trail Blazers","11592205","Single Stat","Single Stat","2187","true","2026-04-24T22:40:00.000-04:00","Pts+Rebs+Asts","1","PRA","pre_game","true",,"2026-04-24T10:18:47.554-04:00"
,"SAS","C4CED4","San Antonio","Spurs","2026-04-23T22:40:00.000-04:00",,"POR","Full",,"team",,,"false","2026-04-24T22:30:00.000-04:00","scheduled","POR","E03A3E","Portland","Trail Blazers","true","false","false","true","false","NBA","7","16.5","standard","false","272423","https://static.prizepicks.com/images/players/NBA/Luke_Kornet_NBA_player_NgI81WY3mArg0gBbrlpVIVL7.webp","7","San Antonio","Luke Kornet","C-F","SAS","Spurs","11609132","Single Stat","Single Stat","2190","true","2026-04-24T22:40:00.000-04:00","Pts+Rebs","18","Pts+Rebs","pre_game","true",,"2026-04-23T23:31:46.322-04:00"
"false","SAS","C4CED4","San Antonio","Spurs","2026-04-01T08:11:00.000-04:00",,"SAS","Full",,"team",,,"false","2026-04-24T22:30:00.000-04:00","scheduled","POR","E03A3E","Portland","Trail Blazers","true","false","false","true","false","NBA","7","16.5","standard","false","79925","https://static.prizepicks.com/images/players/NBA/Jerami_Grant_NBA_player_KbomJkLn1MNMBtCjzvylhwWr.webp","9","Portland","Jerami Grant","F","POR","Trail Blazers","11652116","Fantasy Score","Fantasy Score","2194","true","2026-04-24T22:40:00.000-04:00","Fantasy Score","6","Fantasy Score","pre_game","true",,"2026-04-24T13:03:34.679-04:00"
,"SAS","C4CED4","San Antonio","Spurs","2026-04-01T08:11:00.000-04:00",,"SAS","Full",,"team",,,"false","2026-04-24T22:30:00.000-04:00","scheduled","POR","E03A3E","Portland","Trail Blazers","true","false","false","true","false","NBA","7","16","standard","false","216763","https://static.prizepicks.com/images/players/NBA/Deni_Avdija_NBA_player_UseSk8t9hGI1bxQmUCphB6Zd.webp","8","Portland","Deni Avdija","F","POR","Trail Blazers","11591977","Single Stat","Single Stat","2195","true","2026-04-24T22:40:00.000-04:00","FG Attempted","12","FG Attempted","pre_game","true",,"2026-04-24T08:13:09.053-04:00"
,"SAS","C4CED4","San Antonio","Spurs","2026-04-23T22:40:00.000-04:00",,"SAS","Full",,"team",,,"false","2026-04-24T22:30:00.000-04:00","scheduled","POR","E03A3E","Portland","Trail Blazers","true","false","false","true","false","NBA","7","15.5","standard","false","269530","https://static.prizepicks.com/images/players/NBA/Jrue_Holiday_NBA_player_dAWYsY1Z7zsmD6Os0ZQIpxC.webp","5","Portland","Jrue Holiday","G","POR","Trail Blazers","11587417","Single Stat","Single Stat","2198","true","2026-04-24T22:40:00.000-04:00","Points","0","Points","pre_game","true",,"2026-04-24T11:49:20.405-04:00"
,"SAS","C4CED4","San Antonio","Spurs","2026-04-23T22:40:00.000-04:00",,"POR","Full",,"team",,,"false","2026-04-24T22:30:00.000-04:00","scheduled","POR","E03A3E","Portland","Trail Blazers","true","false","false","true","false","NBA","7","15.5","standard","false","125266","https://static.prizepicks.com/images/players/NBA/Julian_Champagnie_NBA_player_wWXts7QJavucRoRUsMbfxn9.webp","30","San Antonio","Julian Champagnie","F","SAS","Spurs","11601090","Single Stat","Single Stat","2206","true","2026-04-24T22:40:00.000-04:00","Pts+Rebs+Asts","1","PRA","pre_game","true",,"2026-04-24T13:52:17.124-04:00"
,"SAS","C4CED4","San Antonio","Spurs","2026-04-23T22:40:00.000-04:00",,"POR","Full",,"team",,,"false","2026-04-24T22:30:00.000-04:00","scheduled","POR","E03A3E","Portland","Trail Blazers","true","false","false","true","false","NBA","7","15","standard","false","125266","https://static.prizepicks.com/images/players/NBA/Julian_Champagnie_NBA_player_wWXts7QJavucRoRUsMbfxn9.webp","30","San Antonio","Julian Champagnie","F","SAS","Spurs","11587898","Single Stat","Single Stat","2215","true","2026-04-24T22:40:00.000-04:00","Pts+Rebs","18","Pts+Rebs","pre_game","true",,"2026-04-23T23:31:46.322-04:00"
"true","SAS","C4CED4","San Antonio","Spurs","2026-04-23T22:40:00.000-04:00",,"SAS","Full",,"team",,,"false","2026-04-24T22:30:00.000-04:00","scheduled","POR","E03A3E","Portland","Trail Blazers","true","false","false","true","false","NBA","7","14.5","standard","false","174235","https://static.prizepicks.com/images/players/NBA/Scoot_Henderson_NBA_player_Krv7T64Nfds9BC2ZV0FnS0TC.webp","00","Portland","Scoot Henderson","G","POR","Trail Blazers","11587433","Single Stat","Single Stat","2217","true","2026-04-24T22:40:00.000-04:00","Points","0","Points","pre_game","true",,"2026-04-24T10:14:51.002-04:00"
,"SAS","C4CED4","San Antonio","Spurs","2026-04-23T22:40:00.000-04:00",,"SAS","Full",,"team",,,"false","2026-04-24T22:30:00.000-04:00","scheduled","POR","E03A3E","Portland","Trail Blazers","true","false","false","true","false","NBA","7","14.5","standard","false","175130","https://static.prizepicks.com/images/players/NBA/Toumani_Camara_NBA_player_w4urdOprLpBcEquxbAuRRcN.webp","33","Portland","Toumani Camara","F","POR","Trail Blazers","11587447","Single Stat","Single Stat","2219","true","2026-04-24T22:40:00.000-04:00","Pts+Rebs","18","Pts+Rebs","pre_game","true",,"2026-04-24T10:21:56.027-04:00"
,"SAS","C4CED4","San Antonio","Spurs","2026-04-23T22:40:00.000-04:00",,"POR","Full",,"team",,,"false","2026-04-24T22:30:00.000-04:00","scheduled","POR","E03A3E","Portland","Trail Blazers","true","false","false","true","false","NBA","7","14.5","standard","false","173819","https://static.prizepicks.com/images/players/NBA/Victor_Wembanyama_NBA_player_2EsUEdOt5xmywxPr6qxPdHNs.webp","1","San Antonio","Victor Wembanyama","F-C","SAS","Spurs","11587468","Single Stat","Single Stat","2220","true","2026-04-24T22:40:00.000-04:00","Rebs+Asts","7","Rebs+Asts","pre_game","true",,"2026-04-23T23:31:46.322-04:00"
,"SAS","C4CED4","San Antonio","Spurs","2026-04-23T22:40:00.000-04:00",,"POR","Full",,"team",,,"false","2026-04-24T22:30:00.000-04:00","scheduled","POR","E03A3E","Portland","Trail Blazers","true","false","false","true","false","NBA","7","14.5","standard","false","56347","https://static.prizepicks.com/images/players/NBA/Devin_Vassell_NBA_player_1FsPF0NOGQH4fepI0eeG7MYw.webp","24","San Antonio","Devin Vassell","G-F","SAS","Spurs","11587883","Single Stat","Single Stat","2222","true","2026-04-24T22:40:00.000-04:00","Points","0","Points","pre_game","true",,"2026-04-23T23:31:46.322-04:00"
,"SAS","C4CED4","San Antonio","Spurs","2026-04-23T22:40:00.000-04:00",,"SAS","Full",,"team",,,"false","2026-04-24T22:30:00.000-04:00","scheduled","POR","E03A3E","Portland","Trail Blazers","true","false","false","true","false","NBA","7","14.5","standard","false","174693","https://static.prizepicks.com/images/players/NBA/Robert_Williams_NBA_player_lvHUA9PZ3d4tKnIquKkDtZqe.webp","35","Portland","Robert Williams","C-F","POR","Trail Blazers","11601092","Single Stat","Single Stat","2242","true","2026-04-24T22:40:00.000-04:00","Pts+Rebs+Asts","1","PRA","pre_game","true",,"2026-04-24T09:28:12.951-04:00"
"false","SAS","C4CED4","San Antonio","Spurs","2026-04-01T08:11:00.000-04:00",,"SAS","Full",,"team",,,"false","2026-04-24T22:30:00.000-04:00","scheduled","POR","E03A3E","Portland","Trail Blazers","true","false","false","true","false","NBA","7","14.5","standard","false","269530","https://static.prizepicks.com/images/players/NBA/Jrue_Holiday_NBA_player_dAWYsY1Z7zsmD6Os0ZQIpxC.webp","5","Portland","Jrue Holiday","G","POR","Trail Blazers","11651818","Single Stat","Single Stat","2257","true","2026-04-24T22:40:00.000-04:00","FG Attempted","12","FG Attempted","pre_game","true",,"2026-04-24T13:15:03.732-04:00"
"false","SAS","C4CED4","San Antonio","Spurs","2026-04-01T08:11:00.000-04:00",,"POR","Full",,"team",,,"false","2026-04-24T22:30:00.000-04:00","scheduled","POR","E03A3E","Portland","Trail Blazers","true","false","false","true","false","NBA","7","14.5","standard","false","217804","https://static.prizepicks.com/images/players/NBA/Stephon_Castle_NBA_player_3nImU3v39rqjCKdKG1wdfekq.webp","5","San Antonio","Stephon Castle","G","SAS","Spurs","11651825","Single Stat","Single Stat","2258","true","2026-04-24T22:40:00.000-04:00","FG Attempted","12","FG Attempted","pre_game","true",,"2026-04-24T09:06:43.609-04:00"
,"SAS","C4CED4","San Antonio","Spurs","2026-04-23T22:40:00.000-04:00",,"SAS","Full",,"team",,,"false","2026-04-24T22:30:00.000-04:00","scheduled","POR","E03A3E","Portland","Trail Blazers","true","false","false","true","false","NBA","7","13.5","standard","false","216763","https://static.prizepicks.com/images/players/NBA/Deni_Avdija_NBA_player_UseSk8t9hGI1bxQmUCphB6Zd.webp","8","Portland","Deni Avdija","F","POR","Trail Blazers","11587398","Single Stat","Single Stat","2259","true","2026-04-24T22:40:00.000-04:00","Rebs+Asts","7","Rebs+Asts","pre_game","true",,"2026-04-24T12:04:41.571-04:00"
,"SAS","C4CED4","San Antonio","Spurs","2026-04-23T22:40:00.000-04:00",,"SAS","Full",,"team",,,"false","2026-04-24T22:30:00.000-04:00","scheduled","POR","E03A3E","Portland","Trail Blazers","true","false","false","true","false","NBA","7","13.5","standard","false","174693","https://static.prizepicks.com/images/players/NBA/Robert_Williams_NBA_player_lvHUA9PZ3d4tKnIquKkDtZqe.webp","35","Portland","Robert Williams","C-F","POR","Trail Blazers","11594595","Single Stat","Single Stat","2265","true","2026-04-24T22:40:00.000-04:00","Pts+Rebs","18","Pts+Rebs","pre_game","true",,"2026-04-24T04:41:23.141-04:00"
,"SAS","C4CED4","San Antonio","Spurs","2026-04-23T22:40:00.000-04:00",,"POR","Full",,"team",,,"false","2026-04-24T22:30:00.000-04:00","scheduled","POR","E03A3E","Portland","Trail Blazers","true","false","false","true","false","NBA","7","13.5","standard","false","271607","https://static.prizepicks.com/images/manual/DylanHarper.png","2","San Antonio","Dylan Harper","G","SAS","Spurs","11597277","Single Stat","Single Stat","2266","true","2026-04-24T22:40:00.000-04:00","Pts+Asts","10","Pts+Asts","pre_game","true",,"2026-04-23T23:31:46.322-04:00"
,"SAS","C4CED4","San Antonio","Spurs","2026-04-23T22:40:00.000-04:00",,"SAS","Full",,"team",,,"false","2026-04-24T22:30:00.000-04:00","scheduled","POR","E03A3E","Portland","Trail Blazers","true","false","false","true","false","NBA","7","13.5","standard","false","88082","https://static.prizepicks.com/images/players/NBA/Shaedon_Sharpe_NBA_player_1F0N6I3hpZJcfZDO37qOvJJa.webp","17","Portland","Shaedon Sharpe","G","POR","Trail Blazers","11599167","Single Stat","Single Stat","2267","true","2026-04-24T22:40:00.000-04:00","Pts+Rebs+Asts","1","PRA","pre_game","true",,"2026-04-23T23:31:52.259-04:00"
,"SAS","C4CED4","San Antonio","Spurs","2026-04-23T22:40:00.000-04:00",,"POR","Full",,"team",,,"false","2026-04-24T22:30:00.000-04:00","scheduled","POR","E03A3E","Portland","Trail Blazers","true","false","false","true","false","NBA","7","13.5","standard","false","271607","https://static.prizepicks.com/images/manual/DylanHarper.png","2","San Antonio","Dylan Harper","G","SAS","Spurs","11617359","Single Stat","Single Stat","2270","true","2026-04-24T22:40:00.000-04:00","Pts+Rebs","18","Pts+Rebs","pre_game","true",,"2026-04-24T08:44:20.248-04:00"
"false","SAS","C4CED4","San Antonio","Spurs","2026-04-23T22:40:00.000-04:00",,"POR","Full",,"team",,,"false","2026-04-24T22:30:00.000-04:00","scheduled","POR","E03A3E","Portland","Trail Blazers","true","false","false","true","false","NBA","7","13","standard","false","217804","https://static.prizepicks.com/images/players/NBA/Stephon_Castle_NBA_player_3nImU3v39rqjCKdKG1wdfekq.webp","5","San Antonio","Stephon Castle","G","SAS","Spurs","11592191","Single Stat","Single Stat","2276","true","2026-04-24T22:40:00.000-04:00","Rebs+Asts","7","Rebs+Asts","pre_game","true",,"2026-04-24T07:29:37.028-04:00"
"false","SAS","C4CED4","San Antonio","Spurs","2026-04-01T22:40:00.000-04:00",,"SAS/POR","Full",,"combo",,,"false","2026-04-24T22:30:00.000-04:00","scheduled","POR","E03A3E","Portland","Trail Blazers","true","false","false","true","false","NBA","7","13","standard","true","314929","https://static.prizepicks.com/images/players/CMBO_group_gYH7duutozXPrTdoxpUX19GZ.webp","5",,"Jrue Holiday + Stephon Castle","G","POR/SAS","Trail Blazers/Spurs","11593890","Single Stat","Single Stat","2277","true","2026-04-24T22:40:00.000-04:00","Assists (Combo)","10","Assists","pre_game","true",,"2026-04-22T03:04:13.839-04:00"
"false","SAS","C4CED4","San Antonio","Spurs","2026-04-21T19:49:00.000-04:00",,"SAS/POR","Full",,"combo",,,"false","2026-04-24T22:30:00.000-04:00","scheduled","POR","E03A3E","Portland","Trail Blazers","true","false","false","true","false","NBA","7","13","standard","true","315030","https://static.prizepicks.com/images/players/CMBO_group_9uK2nZz17o0bU0zOzHDGasTA.webp","35 + 5",,"Robert Williams + Stephon Castle","C-F","POR/SAS","Trail Blazers/Spurs","11614728","Single Stat","Single Stat","2278","true","2026-04-24T22:40:00.000-04:00","Rebounds (Combo)","10","Rebounds","pre_game","true",,"2026-04-22T20:49:43.354-04:00"
"false","SAS","C4CED4","San Antonio","Spurs","2026-04-01T08:11:00.000-04:00",,"POR","Full",,"team",,,"false","2026-04-24T22:30:00.000-04:00","scheduled","POR","E03A3E","Portland","Trail Blazers","true","false","false","true","false","NBA","7","13","standard","false","56347","https://static.prizepicks.com/images/players/NBA/Devin_Vassell_NBA_player_1FsPF0NOGQH4fepI0eeG7MYw.webp","24","San Antonio","Devin Vassell","G-F","SAS","Spurs","11651822","Single Stat","Single Stat","2279","true","2026-04-24T22:40:00.000-04:00","FG Attempted","12","FG Attempted","pre_game","true",,"2026-04-24T13:15:34.470-04:00"
"false","SAS","C4CED4","San Antonio","Spurs","2026-04-01T22:40:00.000-04:00",,"SAS/POR","Full",,"combo",,,"false","2026-04-24T22:30:00.000-04:00","scheduled","POR","E03A3E","Portland","Trail Blazers","true","false","false","true","false","NBA","7","12.5","standard","true","314933","https://static.prizepicks.com/images/players/CMBO_group_0UYMBCQOiZwpqf50lOFeJJKO.webp","8 + 5",,"Deni Avdija + Stephon Castle","F","POR/SAS","Trail Blazers/Spurs","11593887","Single Stat","Single Stat","2290","true","2026-04-24T22:40:00.000-04:00","Assists (Combo)","10","Assists","pre_game","true",,"2026-04-22T11:26:46.409-04:00"
,"SAS","C4CED4","San Antonio","Spurs","2026-04-23T22:40:00.000-04:00",,"SAS","Full",,"team",,,"false","2026-04-24T22:30:00.000-04:00","scheduled","POR","E03A3E","Portland","Trail Blazers","true","false","false","true","false","NBA","7","12.5","standard","false","88082","https://static.prizepicks.com/images/players/NBA/Shaedon_Sharpe_NBA_player_1F0N6I3hpZJcfZDO37qOvJJa.webp","17","Portland","Shaedon Sharpe","G","POR","Trail Blazers","11594599","Single Stat","Single Stat","2291","true","2026-04-24T22:40:00.000-04:00","Pts+Rebs","18","Pts+Rebs","pre_game","true",,"2026-04-23T23:31:52.259-04:00"
,"SAS","C4CED4","San Antonio","Spurs","2026-04-23T22:40:00.000-04:00",,"SAS","Full",,"team",,,"false","2026-04-24T22:30:00.000-04:00","scheduled","POR","E03A3E","Portland","Trail Blazers","true","false","false","true","false","NBA","7","12.5","standard","false","175130","https://static.prizepicks.com/images/players/NBA/Toumani_Camara_NBA_player_w4urdOprLpBcEquxbAuRRcN.webp","33","Portland","Toumani Camara","F","POR","Trail Blazers","11594604","Single Stat","Single Stat","2292","true","2026-04-24T22:40:00.000-04:00","Pts+Asts","10","Pts+Asts","pre_game","true",,"2026-04-23T23:31:52.259-04:00"
"true","SAS","C4CED4","San Antonio","Spurs","2026-04-23T22:40:00.000-04:00",,"SAS","Full",,"team",,,"false","2026-04-24T22:30:00.000-04:00","scheduled","POR","E03A3E","Portland","Trail Blazers","true","false","false","true","false","NBA","7","12.5","standard","false","79925","https://static.prizepicks.com/images/players/NBA/Jerami_Grant_NBA_player_KbomJkLn1MNMBtCjzvylhwWr.webp","9","Portland","Jerami Grant","F","POR","Trail Blazers","11601089","Single Stat","Single Stat","2294","true","2026-04-24T22:40:00.000-04:00","Pts+Rebs+Asts","1","PRA","pre_game","true",,"2026-04-24T09:28:26.908-04:00"
"false","SAS","C4CED4","San Antonio","Spurs","2026-04-01T22:40:00.000-04:00",,"SAS/POR","Full",,"combo",,,"false","2026-04-24T22:30:00.000-04:00","scheduled","POR","E03A3E","Portland","Trail Blazers","true","false","false","true","false","NBA","7","12","standard","true","314930","https://static.prizepicks.com/images/players/CMBO_group_n5DNEiXTBdtfyNzQKX6mdI0u.webp","5 + 4",,"Jrue Holiday + De'Aaron Fox","G","POR/SAS","Trail Blazers/Spurs","11593888","Single Stat","Single Stat","2298","true","2026-04-24T22:40:00.000-04:00","Assists (Combo)","10","Assists","pre_game","true",,"2026-04-24T10:24:12.489-04:00"
,"SAS","C4CED4","San Antonio","Spurs","2026-04-23T22:40:00.000-04:00",,"POR","Full",,"team",,,"false","2026-04-24T22:30:00.000-04:00","scheduled","POR","E03A3E","Portland","Trail Blazers","true","false","false","true","false","NBA","7","11.5","standard","false","173819","https://static.prizepicks.com/images/players/NBA/Victor_Wembanyama_NBA_player_2EsUEdOt5xmywxPr6qxPdHNs.webp","1","San Antonio","Victor Wembanyama","F-C","SAS","Spurs","11587467","Single Stat","Single Stat","2301","true","2026-04-24T22:40:00.000-04:00","Rebounds","2","Rebounds","pre_game","true",,"2026-04-23T23:31:46.322-04:00"
,"SAS","C4CED4","San Antonio","Spurs","2026-04-23T22:40:00.000-04:00",,"POR","Full",,"team",,,"false","2026-04-24T22:30:00.000-04:00","scheduled","POR","E03A3E","Portland","Trail Blazers","true","false","false","true","false","NBA","7","11.5","standard","false","55140","https://static.prizepicks.com/images/players/NBA/Keldon_Johnson_NBA_player_ytnN6jT7zYkcukGvVWoYp2zk.webp","3","San Antonio","Keldon Johnson","F-G","SAS","Spurs","11592098","Single Stat","Single Stat","2312","true","2026-04-24T22:40:00.000-04:00","Points","0","Points","pre_game","true",,"2026-04-23T23:31:46.322-04:00"
"false","SAS","C4CED4","San Antonio","Spurs","2026-04-01T22:40:00.000-04:00",,"SAS/POR","Full",,"combo",,,"false","2026-04-24T22:30:00.000-04:00","scheduled","POR","E03A3E","Portland","Trail Blazers","true","false","false","true","false","NBA","7","11.5","standard","true","314932","https://static.prizepicks.com/images/players/CMBO_group_tvU7V29ZGXfkijqggrVskSCI.webp","8 + 4",,"Deni Avdija + De'Aaron Fox","F","POR/SAS","Trail Blazers/Spurs","11593892","Single Stat","Single Stat","2315","true","2026-04-24T22:40:00.000-04:00","Assists (Combo)","10","Assists","pre_game","true",,"2026-04-24T09:29:44.012-04:00"
,"SAS","C4CED4","San Antonio","Spurs","2026-04-23T22:40:00.000-04:00",,"SAS","Full",,"team",,,"false","2026-04-24T22:30:00.000-04:00","scheduled","POR","E03A3E","Portland","Trail Blazers","true","false","false","true","false","NBA","7","11.5","standard","false","79925","https://static.prizepicks.com/images/players/NBA/Jerami_Grant_NBA_player_KbomJkLn1MNMBtCjzvylhwWr.webp","9","Portland","Jerami Grant","F","POR","Trail Blazers","11597281","Single Stat","Single Stat","2320","true","2026-04-24T22:40:00.000-04:00","Pts+Rebs","18","Pts+Rebs","pre_game","true",,"2026-04-23T23:31:52.259-04:00"
"true","SAS","C4CED4","San Antonio","Spurs","2026-04-23T22:40:00.000-04:00",,"SAS","Full",,"team",,,"false","2026-04-24T22:30:00.000-04:00","scheduled","POR","E03A3E","Portland","Trail Blazers","true","false","false","true","false","NBA","7","11.5","standard","false","219067","https://static.prizepicks.com/images/players/NBA/Donovan_Clingan_NBA_player_XG0ehs4YvXqgtOiVSoqCpxPg.webp","23","Portland","Donovan Clingan","C","POR","Trail Blazers","11599119","Single Stat","Single Stat","2321","true","2026-04-24T22:40:00.000-04:00","Rebs+Asts","7","Rebs+Asts","pre_game","true",,"2026-04-23T23:31:52.259-04:00"
,"SAS","C4CED4","San Antonio","Spurs","2026-04-23T22:40:00.000-04:00",,"SAS","Full",,"team",,,"false","2026-04-24T22:30:00.000-04:00","scheduled","POR","E03A3E","Portland","Trail Blazers","true","false","false","true","false","NBA","7","11.5","standard","false","88082","https://static.prizepicks.com/images/players/NBA/Shaedon_Sharpe_NBA_player_1F0N6I3hpZJcfZDO37qOvJJa.webp","17","Portland","Shaedon Sharpe","G","POR","Trail Blazers","11599166","Single Stat","Single Stat","2323","true","2026-04-24T22:40:00.000-04:00","Pts+Asts","10","Pts+Asts","pre_game","true",,"2026-04-23T23:31:52.259-04:00"
,"SAS","C4CED4","San Antonio","Spurs","2026-04-23T22:40:00.000-04:00",,"SAS","Full",,"team",,,"false","2026-04-24T22:30:00.000-04:00","scheduled","POR","E03A3E","Portland","Trail Blazers","true","false","false","true","false","NBA","7","11.5","standard","false","219067","https://static.prizepicks.com/images/players/NBA/Donovan_Clingan_NBA_player_XG0ehs4YvXqgtOiVSoqCpxPg.webp","23","Portland","Donovan Clingan","C","POR","Trail Blazers","11599755","Single Stat","Single Stat","2325","true","2026-04-24T22:40:00.000-04:00","Pts+Asts","10","Pts+Asts","pre_game","true",,"2026-04-23T23:31:52.259-04:00"
"false","SAS","C4CED4","San Antonio","Spurs","2026-04-01T08:11:00.000-04:00",,"SAS","Full",,"team",,,"false","2026-04-24T22:30:00.000-04:00","scheduled","POR","E03A3E","Portland","Trail Blazers","true","false","false","true","false","NBA","7","11.5","standard","false","174235","https://static.prizepicks.com/images/players/NBA/Scoot_Henderson_NBA_player_Krv7T64Nfds9BC2ZV0FnS0TC.webp","00","Portland","Scoot Henderson","G","POR","Trail Blazers","11651820","Single Stat","Single Stat","2335","true","2026-04-24T22:40:00.000-04:00","FG Attempted","12","FG Attempted","pre_game","true",,"2026-04-24T09:01:22.500-04:00"
"false","SAS","C4CED4","San Antonio","Spurs","2026-04-01T08:11:00.000-04:00",,"SAS","Full",,"team",,,"false","2026-04-24T22:30:00.000-04:00","scheduled","POR","E03A3E","Portland","Trail Blazers","true","false","false","true","false","NBA","7","11","standard","false","269530","https://static.prizepicks.com/images/players/NBA/Jrue_Holiday_NBA_player_dAWYsY1Z7zsmD6Os0ZQIpxC.webp","5","Portland","Jrue Holiday","G","POR","Trail Blazers","11651524","Single Stat","Single Stat","2336","true","2026-04-24T22:40:00.000-04:00","Rebs+Asts","7","Rebs+Asts","pre_game","true",,"2026-04-24T08:31:44.470-04:00"
,"SAS","C4CED4","San Antonio","Spurs","2026-04-23T22:40:00.000-04:00",,"SAS","Full",,"team",,,"false","2026-04-24T22:30:00.000-04:00","scheduled","POR","E03A3E","Portland","Trail Blazers","true","false","false","true","false","NBA","7","10.5","standard","false","175130","https://static.prizepicks.com/images/players/NBA/Toumani_Camara_NBA_player_w4urdOprLpBcEquxbAuRRcN.webp","33","Portland","Toumani Camara","F","POR","Trail Blazers","11587446","Single Stat","Single Stat","2338","true","2026-04-24T22:40:00.000-04:00","Points","0","Points","pre_game","true",,"2026-04-23T23:31:52.259-04:00"
,"SAS","C4CED4","San Antonio","Spurs","2026-04-23T22:40:00.000-04:00",,"POR","Full",,"team",,,"false","2026-04-24T22:30:00.000-04:00","scheduled","POR","E03A3E","Portland","Trail Blazers","true","false","false","true","false","NBA","7","10.5","standard","false","271607","https://static.prizepicks.com/images/manual/DylanHarper.png","2","San Antonio","Dylan Harper","G","SAS","Spurs","11592043","Single Stat","Single Stat","2342","true","2026-04-24T22:40:00.000-04:00","Points","0","Points","pre_game","true",,"2026-04-23T23:31:46.322-04:00"
,"SAS","C4CED4","San Antonio","Spurs","2026-04-23T22:40:00.000-04:00",,"SAS","Full",,"team",,,"false","2026-04-24T22:30:00.000-04:00","scheduled","POR","E03A3E","Portland","Trail Blazers","true","false","false","true","false","NBA","7","10.5","standard","false","88082","https://static.prizepicks.com/images/players/NBA/Shaedon_Sharpe_NBA_player_1F0N6I3hpZJcfZDO37qOvJJa.webp","17","Portland","Shaedon Sharpe","G","POR","Trail Blazers","11592168","Single Stat","Single Stat","2344","true","2026-04-24T22:40:00.000-04:00","Points","0","Points","pre_game","true",,"2026-04-23T23:31:52.259-04:00"
"true","SAS","C4CED4","San Antonio","Spurs","2026-04-01T08:11:00.000-04:00",,"POR","Full",,"team",,,"false","2026-04-24T22:30:00.000-04:00","scheduled","POR","E03A3E","Portland","Trail Blazers","true","false","false","true","false","NBA","7","10.5","standard","false","217804","https://static.prizepicks.com/images/players/NBA/Stephon_Castle_NBA_player_3nImU3v39rqjCKdKG1wdfekq.webp","5","San Antonio","Stephon Castle","G","SAS","Spurs","11592195","Single Stat","Single Stat","2345","true","2026-04-24T22:40:00.000-04:00","Two Pointers Attempted","1000","2-PT Att","pre_game","true",,"2026-04-24T09:08:34.732-04:00"
"true","SAS","C4CED4","San Antonio","Spurs","2026-04-01T08:11:00.000-04:00",,"POR","Full",,"team",,,"false","2026-04-24T22:30:00.000-04:00","scheduled","POR","E03A3E","Portland","Trail Blazers","true","false","false","true","false","NBA","7","10.5","standard","false","226913","https://static.prizepicks.com/images/players/NBA/De'Aaron_Fox_NBA_player_ey65igBBNutBRz0ibXh85IuZ.webp","4","San Antonio","De'Aaron Fox","G","SAS","Spurs","11595632","Single Stat","Single Stat","2348","true","2026-04-24T22:40:00.000-04:00","Two Pointers Attempted","1000","2-PT Att","pre_game","true",,"2026-04-24T09:08:34.803-04:00"
,"SAS","C4CED4","San Antonio","Spurs","2026-04-23T00:30:54.602-04:00",,"POR","Full",,"team",,,"false","2026-04-24T22:30:00.000-04:00","scheduled","POR","E03A3E","Portland","Trail Blazers","true","false","false","true","false","NBA","7","10.5","standard","false","272423","https://static.prizepicks.com/images/players/NBA/Luke_Kornet_NBA_player_NgI81WY3mArg0gBbrlpVIVL7.webp","7","San Antonio","Luke Kornet","C-F","SAS","Spurs","11619033","Single Stat","Single Stat","2351","true","2026-04-24T22:40:00.000-04:00","Pts+Asts","10","Pts+Asts","pre_game","true",,"2026-04-24T00:50:53.483-04:00"
"true","SAS","C4CED4","San Antonio","Spurs","2026-04-01T08:11:00.000-04:00",,"SAS","Full",,"team",,,"false","2026-04-24T22:30:00.000-04:00","scheduled","POR","E03A3E","Portland","Trail Blazers","true","false","false","true","false","NBA","7","10.5","standard","false","216763","https://static.prizepicks.com/images/players/NBA/Deni_Avdija_NBA_player_UseSk8t9hGI1bxQmUCphB6Zd.webp","8","Portland","Deni Avdija","F","POR","Trail Blazers","11627542","Single Stat","Single Stat","2354","true","2026-04-24T22:40:00.000-04:00","Two Pointers Attempted","1000","2-PT Att","pre_game","true",,"2026-04-24T09:08:34.868-04:00"
,"SAS","C4CED4","San Antonio","Spurs","2026-04-23T22:40:00.000-04:00",,"SAS","Full",,"team",,,"false","2026-04-24T22:30:00.000-04:00","scheduled","POR","E03A3E","Portland","Trail Blazers","true","false","false","true","false","NBA","7","10","standard","false","219067","https://static.prizepicks.com/images/players/NBA/Donovan_Clingan_NBA_player_XG0ehs4YvXqgtOiVSoqCpxPg.webp","23","Portland","Donovan Clingan","C","POR","Trail Blazers","11587406","Single Stat","Single Stat","2358","true","2026-04-24T22:40:00.000-04:00","Rebounds","2","Rebounds","pre_game","true",,"2026-04-23T23:31:52.259-04:00"
,"SAS","C4CED4","San Antonio","Spurs","2026-04-23T22:40:00.000-04:00",,"SAS","Full",,"team",,,"false","2026-04-24T22:30:00.000-04:00","scheduled","POR","E03A3E","Portland","Trail Blazers","true","false","false","true","false","NBA","7","9.5","standard","false","219067","https://static.prizepicks.com/images/players/NBA/Donovan_Clingan_NBA_player_XG0ehs4YvXqgtOiVSoqCpxPg.webp","23","Portland","Donovan Clingan","C","POR","Trail Blazers","11587401","Single Stat","Single Stat","2361","true","2026-04-24T22:40:00.000-04:00","Points","0","Points","pre_game","true",,"2026-04-23T23:31:52.259-04:00"
,"SAS","C4CED4","San Antonio","Spurs","2026-04-23T22:40:00.000-04:00",,"POR","Full",,"team",,,"false","2026-04-24T22:30:00.000-04:00","scheduled","POR","E03A3E","Portland","Trail Blazers","true","false","false","true","false","NBA","7","9.5","standard","false","125266","https://static.prizepicks.com/images/players/NBA/Julian_Champagnie_NBA_player_wWXts7QJavucRoRUsMbfxn9.webp","30","San Antonio","Julian Champagnie","F","SAS","Spurs","11587895","Single Stat","Single Stat","2367","true","2026-04-24T22:40:00.000-04:00","Points","0","Points","pre_game","true",,"2026-04-23T23:31:46.322-04:00"
,"SAS","C4CED4","San Antonio","Spurs","2026-04-23T22:40:00.000-04:00",,"SAS","Full",,"team",,,"false","2026-04-24T22:30:00.000-04:00","scheduled","POR","E03A3E","Portland","Trail Blazers","true","false","false","true","false","NBA","7","9.5","standard","false","79925","https://static.prizepicks.com/images/players/NBA/Jerami_Grant_NBA_player_KbomJkLn1MNMBtCjzvylhwWr.webp","9","Portland","Jerami Grant","F","POR","Trail Blazers","11594580","Single Stat","Single Stat","2378","true","2026-04-24T22:40:00.000-04:00","Points","0","Points","pre_game","true",,"2026-04-23T23:31:52.259-04:00"
"true","SAS","C4CED4","San Antonio","Spurs","2026-04-01T08:11:00.000-04:00",,"SAS","Full",,"team",,,"false","2026-04-24T22:30:00.000-04:00","scheduled","POR","E03A3E","Portland","Trail Blazers","true","false","false","true","false","NBA","7","9.5","standard","false","175130","https://static.prizepicks.com/images/players/NBA/Toumani_Camara_NBA_player_w4urdOprLpBcEquxbAuRRcN.webp","33","Portland","Toumani Camara","F","POR","Trail Blazers","11595218","Single Stat","Single Stat","2384","true","2026-04-24T22:40:00.000-04:00","FG Attempted","12","FG Attempted","pre_game","true",,"2026-04-24T08:13:09.053-04:00"
"false","SAS","C4CED4","San Antonio","Spurs","2026-04-01T08:11:00.000-04:00",,"POR","Full",,"team",,,"false","2026-04-24T22:30:00.000-04:00","scheduled","POR","E03A3E","Portland","Trail Blazers","true","false","false","true","false","NBA","7","9.5","standard","false","173819","https://static.prizepicks.com/images/players/NBA/Victor_Wembanyama_NBA_player_2EsUEdOt5xmywxPr6qxPdHNs.webp","1","San Antonio","Victor Wembanyama","F-C","SAS","Spurs","11652729","Single Stat","Single Stat","2405","true","2026-04-24T22:40:00.000-04:00","Defensive Rebounds","8","Defensive Rebounds","pre_game","true",,"2026-04-24T10:49:13.075-04:00"
,"SAS","C4CED4","San Antonio","Spurs","2026-04-23T22:40:00.000-04:00",,"POR","Full",,"team",,,"false","2026-04-24T22:30:00.000-04:00","scheduled","POR","E03A3E","Portland","Trail Blazers","true","false","false","true","false","NBA","7","9","standard","false","226913","https://static.prizepicks.com/images/players/NBA/De'Aaron_Fox_NBA_player_ey65igBBNutBRz0ibXh85IuZ.webp","4","San Antonio","De'Aaron Fox","G","SAS","Spurs","11587876","Single Stat","Single Stat","2406","true","2026-04-24T22:40:00.000-04:00","Rebs+Asts","7","Rebs+Asts","pre_game","true",,"2026-04-23T23:31:46.322-04:00"
"true","SAS","C4CED4","San Antonio","Spurs","2026-04-01T08:11:00.000-04:00",,"SAS","Full",,"team",,,"false","2026-04-24T22:30:00.000-04:00","scheduled","POR","E03A3E","Portland","Trail Blazers","true","false","false","true","false","NBA","7","8.5","standard","false","216763","https://static.prizepicks.com/images/players/NBA/Deni_Avdija_NBA_player_UseSk8t9hGI1bxQmUCphB6Zd.webp","8","Portland","Deni Avdija","F","POR","Trail Blazers","11591979","Single Stat","Single Stat","2409","true","2026-04-24T22:40:00.000-04:00","Free Throws Attempted","30","FTA","pre_game","true",,"2026-04-24T09:06:31.741-04:00"
,"SAS","C4CED4","San Antonio","Spurs","2026-04-01T08:11:00.000-04:00",,"POR","Full",,"team",,,"false","2026-04-24T22:30:00.000-04:00","scheduled","POR","E03A3E","Portland","Trail Blazers","true","false","false","true","false","NBA","7","8.5","standard","false","271607","https://static.prizepicks.com/images/manual/DylanHarper.png","2","San Antonio","Dylan Harper","G","SAS","Spurs","11592039","Single Stat","Single Stat","2411","true","2026-04-24T22:40:00.000-04:00","FG Attempted","12","FG Attempted","pre_game","true",,"2026-04-24T08:13:09.053-04:00"
"false","SAS","C4CED4","San Antonio","Spurs","2026-04-01T08:11:00.000-04:00",,"POR","Full",,"team",,,"false","2026-04-24T22:30:00.000-04:00","scheduled","POR","E03A3E","Portland","Trail Blazers","true","false","false","true","false","NBA","7","8.5","standard","false","173819","https://static.prizepicks.com/images/players/NBA/Victor_Wembanyama_NBA_player_2EsUEdOt5xmywxPr6qxPdHNs.webp","1","San Antonio","Victor Wembanyama","F-C","SAS","Spurs","11651678","Single Stat","Single Stat","2430","true","2026-04-24T22:40:00.000-04:00","FG Made","7","FG Made","pre_game","true",,"2026-04-24T08:48:41.831-04:00"
"false","SAS","C4CED4","San Antonio","Spurs","2026-04-01T08:11:00.000-04:00",,"SAS","Full",,"team",,,"false","2026-04-24T22:30:00.000-04:00","scheduled","POR","E03A3E","Portland","Trail Blazers","true","false","false","true","false","NBA","7","8.5","standard","false","88082","https://static.prizepicks.com/images/players/NBA/Shaedon_Sharpe_NBA_player_1F0N6I3hpZJcfZDO37qOvJJa.webp","17","Portland","Shaedon Sharpe","G","POR","Trail Blazers","11651827","Single Stat","Single Stat","2431","true","2026-04-24T22:40:00.000-04:00","FG Attempted","12","FG Attempted","pre_game","true",,"2026-04-24T09:03:51.365-04:00"
,"SAS","C4CED4","San Antonio","Spurs","2026-04-23T22:40:00.000-04:00",,"POR","Full",,"team",,,"false","2026-04-24T22:30:00.000-04:00","scheduled","POR","E03A3E","Portland","Trail Blazers","true","false","false","true","false","NBA","7","8","standard","false","272423","https://static.prizepicks.com/images/players/NBA/Luke_Kornet_NBA_player_NgI81WY3mArg0gBbrlpVIVL7.webp","7","San Antonio","Luke Kornet","C-F","SAS","Spurs","11609131","Single Stat","Single Stat","2432","true","2026-04-24T22:40:00.000-04:00","Points","0","Points","pre_game","true",,"2026-04-23T23:31:46.322-04:00"
"false","SAS","C4CED4","San Antonio","Spurs","2026-04-01T08:11:00.000-04:00",,"SAS","Full",,"team",,,"false","2026-04-24T22:30:00.000-04:00","scheduled","POR","E03A3E","Portland","Trail Blazers","true","false","false","true","false","NBA","7","8","standard","false","219067","https://static.prizepicks.com/images/players/NBA/Donovan_Clingan_NBA_player_XG0ehs4YvXqgtOiVSoqCpxPg.webp","23","Portland","Donovan Clingan","C","POR","Trail Blazers","11651816","Single Stat","Single Stat","2433","true","2026-04-24T22:40:00.000-04:00","FG Attempted","12","FG Attempted","pre_game","true",,"2026-04-24T09:35:34.778-04:00"
,"SAS","C4CED4","San Antonio","Spurs","2026-04-01T08:11:00.000-04:00",,"POR","Full",,"team",,,"false","2026-04-24T22:30:00.000-04:00","scheduled","POR","E03A3E","Portland","Trail Blazers","true","false","false","true","false","NBA","7","7.5","standard","false","125266","https://static.prizepicks.com/images/players/NBA/Julian_Champagnie_NBA_player_wWXts7QJavucRoRUsMbfxn9.webp","30","San Antonio","Julian Champagnie","F","SAS","Spurs","11594583","Single Stat","Single Stat","2452","true","2026-04-24T22:40:00.000-04:00","FG Attempted","12","FG Attempted","pre_game","true",,"2026-04-24T08:13:09.053-04:00"
"false","SAS","C4CED4","San Antonio","Spurs","2026-04-23T22:40:00.000-04:00",,"POR","Full",,"team",,,"false","2026-04-24T22:30:00.000-04:00","scheduled","POR","E03A3E","Portland","Trail Blazers","true","false","false","true","false","NBA","7","7.5","standard","false","272423","https://static.prizepicks.com/images/players/NBA/Luke_Kornet_NBA_player_NgI81WY3mArg0gBbrlpVIVL7.webp","7","San Antonio","Luke Kornet","C-F","SAS","Spurs","11609134","Single Stat","Single Stat","2461","true","2026-04-24T22:40:00.000-04:00","Rebounds","2","Rebounds","pre_game","true",,"2026-04-24T09:04:13.735-04:00"
"false","SAS","C4CED4","San Antonio","Spurs","2026-04-01T08:11:00.000-04:00",,"SAS","Full",,"team",,,"false","2026-04-24T22:30:00.000-04:00","scheduled","POR","E03A3E","Portland","Trail Blazers","true","false","false","true","false","NBA","7","7.5","standard","false","216763","https://static.prizepicks.com/images/players/NBA/Deni_Avdija_NBA_player_UseSk8t9hGI1bxQmUCphB6Zd.webp","8","Portland","Deni Avdija","F","POR","Trail Blazers","11651665","Single Stat","Single Stat","2467","true","2026-04-24T22:40:00.000-04:00","FG Made","7","FG Made","pre_game","true",,"2026-04-24T08:45:59.757-04:00"
,"SAS","C4CED4","San Antonio","Spurs","2026-04-23T22:40:00.000-04:00",,"POR","Full",,"team",,,"false","2026-04-24T22:30:00.000-04:00","scheduled","POR","E03A3E","Portland","Trail Blazers","true","false","false","true","false","NBA","7","7","standard","false","56347","https://static.prizepicks.com/images/players/NBA/Devin_Vassell_NBA_player_1FsPF0NOGQH4fepI0eeG7MYw.webp","24","San Antonio","Devin Vassell","G-F","SAS","Spurs","11587891","Single Stat","Single Stat","2468","true","2026-04-24T22:40:00.000-04:00","Rebs+Asts","7","Rebs+Asts","pre_game","true",,"2026-04-24T02:44:24.897-04:00"
,"SAS","C4CED4","San Antonio","Spurs","2026-04-01T08:11:00.000-04:00",,"SAS","Full",,"team",,,"false","2026-04-24T22:30:00.000-04:00","scheduled","POR","E03A3E","Portland","Trail Blazers","true","false","false","true","false","NBA","7","7","standard","false","174235","https://static.prizepicks.com/images/players/NBA/Scoot_Henderson_NBA_player_Krv7T64Nfds9BC2ZV0FnS0TC.webp","00","Portland","Scoot Henderson","G","POR","Trail Blazers","11592156","Single Stat","Single Stat","2469","true","2026-04-24T22:40:00.000-04:00","Two Pointers Attempted","1000","2-PT Att","pre_game","true",,"2026-04-24T08:13:51.819-04:00"
"false","SAS","C4CED4","San Antonio","Spurs","2026-04-23T22:40:00.000-04:00",,"SAS","Full",,"team",,,"false","2026-04-24T22:30:00.000-04:00","scheduled","POR","E03A3E","Portland","Trail Blazers","true","false","false","true","false","NBA","7","7","standard","false","216763","https://static.prizepicks.com/images/players/NBA/Deni_Avdija_NBA_player_UseSk8t9hGI1bxQmUCphB6Zd.webp","8","Portland","Deni Avdija","F","POR","Trail Blazers","11600555","Single Stat","Single Stat","2470","true","2026-04-24T22:40:00.000-04:00","Rebounds","2","Rebounds","pre_game","true",,"2026-04-23T23:31:52.259-04:00"
"false","SAS","C4CED4","San Antonio","Spurs","2026-04-01T08:11:00.000-04:00",,"SAS","Full",,"team",,,"false","2026-04-24T22:30:00.000-04:00","scheduled","POR","E03A3E","Portland","Trail Blazers","true","false","false","true","false","NBA","7","7","standard","false","174693","https://static.prizepicks.com/images/players/NBA/Robert_Williams_NBA_player_lvHUA9PZ3d4tKnIquKkDtZqe.webp","35","Portland","Robert Williams","C-F","POR","Trail Blazers","11651400","Single Stat","Single Stat","2471","true","2026-04-24T22:40:00.000-04:00","Rebounds","2","Rebounds","pre_game","true",,"2026-04-24T08:31:44.460-04:00"
"false","SAS","C4CED4","San Antonio","Spurs","2026-04-01T08:11:00.000-04:00",,"POR","Full",,"team",,,"false","2026-04-24T22:30:00.000-04:00","scheduled","POR","E03A3E","Portland","Trail Blazers","true","false","false","true","false","NBA","7","7","standard","false","226913","https://static.prizepicks.com/images/players/NBA/De'Aaron_Fox_NBA_player_ey65igBBNutBRz0ibXh85IuZ.webp","4","San Antonio","De'Aaron Fox","G","SAS","Spurs","11651671","Single Stat","Single Stat","2472","true","2026-04-24T22:40:00.000-04:00","FG Made","7","FG Made","pre_game","true",,"2026-04-24T08:58:00.249-04:00"
"false","SAS","C4CED4","San Antonio","Spurs","2026-04-01T08:11:00.000-04:00",,"SAS","Full",,"team",,,"false","2026-04-24T22:30:00.000-04:00","scheduled","POR","E03A3E","Portland","Trail Blazers","true","false","false","true","false","NBA","7","7","standard","false","79925","https://static.prizepicks.com/images/players/NBA/Jerami_Grant_NBA_player_KbomJkLn1MNMBtCjzvylhwWr.webp","9","Portland","Jerami Grant","F","POR","Trail Blazers","11651817","Single Stat","Single Stat","2473","true","2026-04-24T22:40:00.000-04:00","FG Attempted","12","FG Attempted","pre_game","true",,"2026-04-24T09:01:17.693-04:00"
"false","SAS","C4CED4","San Antonio","Spurs","2026-04-01T08:11:00.000-04:00",,"SAS","Full",,"team",,,"false","2026-04-24T22:30:00.000-04:00","scheduled","POR","E03A3E","Portland","Trail Blazers","true","false","false","true","false","NBA","7","7","standard","false","216763","https://static.prizepicks.com/images/players/NBA/Deni_Avdija_NBA_player_UseSk8t9hGI1bxQmUCphB6Zd.webp","8","Portland","Deni Avdija","F","POR","Trail Blazers","11651864","Single Stat","Single Stat","2474","true","2026-04-24T22:40:00.000-04:00","Free Throws Made","11","FTM","pre_game","true",,"2026-04-24T09:08:28.616-04:00"
"true","SAS","C4CED4","San Antonio","Spurs","2026-04-23T22:40:00.000-04:00",,"SAS","Full",,"team",,,"false","2026-04-24T22:30:00.000-04:00","scheduled","POR","E03A3E","Portland","Trail Blazers","true","false","false","true","false","NBA","7","6.5","standard","false","269530","https://static.prizepicks.com/images/players/NBA/Jrue_Holiday_NBA_player_dAWYsY1Z7zsmD6Os0ZQIpxC.webp","5","Portland","Jrue Holiday","G","POR","Trail Blazers","11587412","Single Stat","Single Stat","2475","true","2026-04-24T22:40:00.000-04:00","Assists","5","Assists","pre_game","true",,"2026-04-24T07:19:50.334-04:00"
,"SAS","C4CED4","San Antonio","Spurs","2026-04-23T22:40:00.000-04:00",,"POR","Full",,"team",,,"false","2026-04-24T22:30:00.000-04:00","scheduled","POR","E03A3E","Portland","Trail Blazers","true","false","false","true","false","NBA","7","6.5","standard","false","217804","https://static.prizepicks.com/images/players/NBA/Stephon_Castle_NBA_player_3nImU3v39rqjCKdKG1wdfekq.webp","5","San Antonio","Stephon Castle","G","SAS","Spurs","11587906","Single Stat","Single Stat","2476","true","2026-04-24T22:40:00.000-04:00","Assists","5","Assists","pre_game","true",,"2026-04-23T23:31:46.322-04:00"
,"SAS","C4CED4","San Antonio","Spurs","2026-04-23T22:40:00.000-04:00",,"SAS","Full",,"team",,,"false","2026-04-24T22:30:00.000-04:00","scheduled","POR","E03A3E","Portland","Trail Blazers","true","false","false","true","false","NBA","7","6.5","standard","false","174693","https://static.prizepicks.com/images/players/NBA/Robert_Williams_NBA_player_lvHUA9PZ3d4tKnIquKkDtZqe.webp","35","Portland","Robert Williams","C-F","POR","Trail Blazers","11594593","Single Stat","Single Stat","2486","true","2026-04-24T22:40:00.000-04:00","Points","0","Points","pre_game","true",,"2026-04-23T23:31:52.259-04:00"
"true","SAS","C4CED4","San Antonio","Spurs","2026-04-23T22:40:00.000-04:00",,"POR","Full",,"team",,,"false","2026-04-24T22:30:00.000-04:00","scheduled","POR","E03A3E","Portland","Trail Blazers","true","false","false","true","false","NBA","7","6.5","standard","false","271607","https://static.prizepicks.com/images/manual/DylanHarper.png","2","San Antonio","Dylan Harper","G","SAS","Spurs","11618710","Single Stat","Single Stat","2490","true","2026-04-24T22:40:00.000-04:00","Rebs+Asts","7","Rebs+Asts","pre_game","true",,"2026-04-24T07:29:00.926-04:00"
"false","SAS","C4CED4","San Antonio","Spurs","2026-04-01T08:11:00.000-04:00",,"POR","Full",,"team",,,"false","2026-04-24T22:30:00.000-04:00","scheduled","POR","E03A3E","Portland","Trail Blazers","true","false","false","true","false","NBA","7","6.5","standard","false","125266","https://static.prizepicks.com/images/players/NBA/Julian_Champagnie_NBA_player_wWXts7QJavucRoRUsMbfxn9.webp","30","San Antonio","Julian Champagnie","F","SAS","Spurs","11651525","Single Stat","Single Stat","2495","true","2026-04-24T22:40:00.000-04:00","Rebs+Asts","7","Rebs+Asts","pre_game","true",,"2026-04-24T09:52:14.820-04:00"
"false","SAS","C4CED4","San Antonio","Spurs","2026-04-01T08:11:00.000-04:00",,"POR","Full",,"team",,,"false","2026-04-24T22:30:00.000-04:00","scheduled","POR","E03A3E","Portland","Trail Blazers","true","false","false","true","false","NBA","7","6.5","standard","false","217804","https://static.prizepicks.com/images/players/NBA/Stephon_Castle_NBA_player_3nImU3v39rqjCKdKG1wdfekq.webp","5","San Antonio","Stephon Castle","G","SAS","Spurs","11651677","Single Stat","Single Stat","2496","true","2026-04-24T22:40:00.000-04:00","FG Made","7","FG Made","pre_game","true",,"2026-04-24T08:45:59.768-04:00"
"false","SAS","C4CED4","San Antonio","Spurs","2026-04-01T08:11:00.000-04:00",,"SAS","Full",,"team",,,"false","2026-04-24T22:30:00.000-04:00","scheduled","POR","E03A3E","Portland","Trail Blazers","true","false","false","true","false","NBA","7","6.5","standard","false","269530","https://static.prizepicks.com/images/players/NBA/Jrue_Holiday_NBA_player_dAWYsY1Z7zsmD6Os0ZQIpxC.webp","5","Portland","Jrue Holiday","G","POR","Trail Blazers","11651700","Single Stat","Single Stat","2497","true","2026-04-24T22:40:00.000-04:00","3-PT Attempted","8","3PTA","pre_game","true",,"2026-04-24T08:53:11.626-04:00"
"false","SAS","C4CED4","San Antonio","Spurs","2026-04-01T08:11:00.000-04:00",,"POR","Full",,"team",,,"false","2026-04-24T22:30:00.000-04:00","scheduled","POR","E03A3E","Portland","Trail Blazers","true","false","false","true","false","NBA","7","6.5","standard","false","56347","https://static.prizepicks.com/images/players/NBA/Devin_Vassell_NBA_player_1FsPF0NOGQH4fepI0eeG7MYw.webp","24","San Antonio","Devin Vassell","G-F","SAS","Spurs","11651705","Single Stat","Single Stat","2498","true","2026-04-24T22:40:00.000-04:00","3-PT Attempted","8","3PTA","pre_game","true",,"2026-04-24T09:05:59.071-04:00"
"false","SAS","C4CED4","San Antonio","Spurs","2026-04-01T08:11:00.000-04:00",,"SAS","Full",,"team",,,"false","2026-04-24T22:30:00.000-04:00","scheduled","POR","E03A3E","Portland","Trail Blazers","true","false","false","true","false","NBA","7","6.5","standard","false","219067","https://static.prizepicks.com/images/players/NBA/Donovan_Clingan_NBA_player_XG0ehs4YvXqgtOiVSoqCpxPg.webp","23","Portland","Donovan Clingan","C","POR","Trail Blazers","11652725","Single Stat","Single Stat","2499","true","2026-04-24T22:40:00.000-04:00","Defensive Rebounds","8","Defensive Rebounds","pre_game","true",,"2026-04-24T11:12:08.711-04:00"
"true","SAS","C4CED4","San Antonio","Spurs","2026-04-23T22:40:00.000-04:00",,"SAS","Full",,"team",,,"false","2026-04-24T22:30:00.000-04:00","scheduled","POR","E03A3E","Portland","Trail Blazers","true","false","false","true","false","NBA","7","6","standard","false","216763","https://static.prizepicks.com/images/players/NBA/Deni_Avdija_NBA_player_UseSk8t9hGI1bxQmUCphB6Zd.webp","8","Portland","Deni Avdija","F","POR","Trail Blazers","11587385","Single Stat","Single Stat","2500","true","2026-04-24T22:40:00.000-04:00","Assists","5","Assists","pre_game","true",,"2026-04-23T23:31:52.259-04:00"
,"SAS","C4CED4","San Antonio","Spurs","2026-04-23T22:40:00.000-04:00",,"SAS","Full",,"team",,,"false","2026-04-24T22:30:00.000-04:00","scheduled","POR","E03A3E","Portland","Trail Blazers","true","false","false","true","false","NBA","7","6","standard","false","175130","https://static.prizepicks.com/images/players/NBA/Toumani_Camara_NBA_player_w4urdOprLpBcEquxbAuRRcN.webp","33","Portland","Toumani Camara","F","POR","Trail Blazers","11592211","Single Stat","Single Stat","2501","true","2026-04-24T22:40:00.000-04:00","Rebs+Asts","7","Rebs+Asts","pre_game","true",,"2026-04-24T00:56:55.992-04:00"
"false","SAS","C4CED4","San Antonio","Spurs","2026-04-23T22:40:00.000-04:00",,"POR","Full",,"team",,,"false","2026-04-24T22:30:00.000-04:00","scheduled","POR","E03A3E","Portland","Trail Blazers","true","false","false","true","false","NBA","7","6","standard","false","217804","https://static.prizepicks.com/images/players/NBA/Stephon_Castle_NBA_player_3nImU3v39rqjCKdKG1wdfekq.webp","5","San Antonio","Stephon Castle","G","SAS","Spurs","11611091","Single Stat","Single Stat","2502","true","2026-04-24T22:40:00.000-04:00","Rebounds","2","Rebounds","pre_game","true",,"2026-04-23T23:31:46.322-04:00"
"false","SAS","C4CED4","San Antonio","Spurs","2026-04-01T08:11:00.000-04:00",,"SAS","Full",,"team",,,"false","2026-04-24T22:30:00.000-04:00","scheduled","POR","E03A3E","Portland","Trail Blazers","true","false","false","true","false","NBA","7","6","standard","false","175130","https://static.prizepicks.com/images/players/NBA/Toumani_Camara_NBA_player_w4urdOprLpBcEquxbAuRRcN.webp","33","Portland","Toumani Camara","F","POR","Trail Blazers","11651703","Single Stat","Single Stat","2503","true","2026-04-24T22:40:00.000-04:00","3-PT Attempted","8","3PTA","pre_game","true",,"2026-04-24T08:54:48.084-04:00"
,"SAS","C4CED4","San Antonio","Spurs","2026-04-23T22:40:00.000-04:00",,"SAS","Full",,"team",,,"false","2026-04-24T22:30:00.000-04:00","scheduled","POR","E03A3E","Portland","Trail Blazers","true","false","false","true","false","NBA","7","5.5","standard","false","174235","https://static.prizepicks.com/images/players/NBA/Scoot_Henderson_NBA_player_Krv7T64Nfds9BC2ZV0FnS0TC.webp","00","Portland","Scoot Henderson","G","POR","Trail Blazers","11587439","Single Stat","Single Stat","2508","true","2026-04-24T22:40:00.000-04:00","Rebs+Asts","7","Rebs+Asts","pre_game","true",,"2026-04-23T23:31:52.259-04:00"
"true","SAS","C4CED4","San Antonio","Spurs","2026-04-23T22:40:00.000-04:00",,"POR","Full",,"team",,,"false","2026-04-24T22:30:00.000-04:00","scheduled","POR","E03A3E","Portland","Trail Blazers","true","false","false","true","false","NBA","7","5.5","standard","false","226913","https://static.prizepicks.com/images/players/NBA/De'Aaron_Fox_NBA_player_ey65igBBNutBRz0ibXh85IuZ.webp","4","San Antonio","De'Aaron Fox","G","SAS","Spurs","11587865","Single Stat","Single Stat","2511","true","2026-04-24T22:40:00.000-04:00","Assists","5","Assists","pre_game","true",,"2026-04-24T07:20:00.112-04:00"
,"SAS","C4CED4","San Antonio","Spurs","2026-04-01T08:11:00.000-04:00",,"SAS","Full",,"team",,,"false","2026-04-24T22:30:00.000-04:00","scheduled","POR","E03A3E","Portland","Trail Blazers","true","false","false","true","false","NBA","7","5.5","standard","false","216763","https://static.prizepicks.com/images/players/NBA/Deni_Avdija_NBA_player_UseSk8t9hGI1bxQmUCphB6Zd.webp","8","Portland","Deni Avdija","F","POR","Trail Blazers","11591990","Single Stat","Single Stat","2517","true","2026-04-24T22:40:00.000-04:00","Two Pointers Made","1001","2-PT Made","pre_game","true",,"2026-04-24T09:10:43.346-04:00"
"true","SAS","C4CED4","San Antonio","Spurs","2026-04-01T08:11:00.000-04:00",,"POR","Full",,"team",,,"false","2026-04-24T22:30:00.000-04:00","scheduled","POR","E03A3E","Portland","Trail Blazers","true","false","false","true","false","NBA","7","5.5","standard","false","56347","https://static.prizepicks.com/images/players/NBA/Devin_Vassell_NBA_player_1FsPF0NOGQH4fepI0eeG7MYw.webp","24","San Antonio","Devin Vassell","G-F","SAS","Spurs","11592003","Single Stat","Single Stat","2518","true","2026-04-24T22:40:00.000-04:00","Two Pointers Attempted","1000","2-PT Att","pre_game","true",,"2026-04-24T09:08:34.664-04:00"
"true","SAS","C4CED4","San Antonio","Spurs","2026-04-01T08:11:00.000-04:00",,"POR","Full",,"team",,,"false","2026-04-24T22:30:00.000-04:00","scheduled","POR","E03A3E","Portland","Trail Blazers","true","false","false","true","false","NBA","7","5.5","standard","false","226913","https://static.prizepicks.com/images/players/NBA/De'Aaron_Fox_NBA_player_ey65igBBNutBRz0ibXh85IuZ.webp","4","San Antonio","De'Aaron Fox","G","SAS","Spurs","11594657","Single Stat","Single Stat","2525","true","2026-04-24T22:40:00.000-04:00","Two Pointers Made","1001","2-PT Made","pre_game","true",,"2026-04-24T09:10:43.104-04:00"
"false","SAS","C4CED4","San Antonio","Spurs","2026-04-01T08:11:00.000-04:00",,"SAS","Full",,"team",,,"false","2026-04-24T22:30:00.000-04:00","scheduled","POR","E03A3E","Portland","Trail Blazers","true","false","false","true","false","NBA","7","5.5","standard","false","216763","https://static.prizepicks.com/images/players/NBA/Deni_Avdija_NBA_player_UseSk8t9hGI1bxQmUCphB6Zd.webp","8","Portland","Deni Avdija","F","POR","Trail Blazers","11651697","Single Stat","Single Stat","2544","true","2026-04-24T22:40:00.000-04:00","3-PT Attempted","8","3PTA","pre_game","true",,"2026-04-24T08:58:58.916-04:00"
"false","SAS","C4CED4","San Antonio","Spurs","2026-04-23T22:40:00.000-04:00",,"POR","Full",,"team",,,"false","2026-04-24T22:30:00.000-04:00","scheduled","POR","E03A3E","Portland","Trail Blazers","true","false","false","true","false","NBA","7","5","standard","false","125266","https://static.prizepicks.com/images/players/NBA/Julian_Champagnie_NBA_player_wWXts7QJavucRoRUsMbfxn9.webp","30","San Antonio","Julian Champagnie","F","SAS","Spurs","11611090","Single Stat","Single Stat","2545","true","2026-04-24T22:40:00.000-04:00","Rebounds","2","Rebounds","pre_game","true",,"2026-04-23T23:31:46.322-04:00"
"false","SAS","C4CED4","San Antonio","Spurs","2026-04-01T08:11:00.000-04:00",,"SAS","Full",,"team",,,"false","2026-04-24T22:30:00.000-04:00","scheduled","POR","E03A3E","Portland","Trail Blazers","true","false","false","true","false","NBA","7","5","standard","false","174235","https://static.prizepicks.com/images/players/NBA/Scoot_Henderson_NBA_player_Krv7T64Nfds9BC2ZV0FnS0TC.webp","00","Portland","Scoot Henderson","G","POR","Trail Blazers","11651669","Single Stat","Single Stat","2546","true","2026-04-24T22:40:00.000-04:00","FG Made","7","FG Made","pre_game","true",,"2026-04-24T08:46:11.668-04:00"
"false","SAS","C4CED4","San Antonio","Spurs","2026-04-01T08:11:00.000-04:00",,"POR","Full",,"team",,,"false","2026-04-24T22:30:00.000-04:00","scheduled","POR","E03A3E","Portland","Trail Blazers","true","false","false","true","false","NBA","7","5","standard","false","56347","https://static.prizepicks.com/images/players/NBA/Devin_Vassell_NBA_player_1FsPF0NOGQH4fepI0eeG7MYw.webp","24","San Antonio","Devin Vassell","G-F","SAS","Spurs","11651672","Single Stat","Single Stat","2547","true","2026-04-24T22:40:00.000-04:00","FG Made","7","FG Made","pre_game","true",,"2026-04-24T08:49:52.656-04:00"
"false","SAS","C4CED4","San Antonio","Spurs","2026-04-01T08:11:00.000-04:00",,"SAS","Full",,"team",,,"false","2026-04-24T22:30:00.000-04:00","scheduled","POR","E03A3E","Portland","Trail Blazers","true","false","false","true","false","NBA","7","5","standard","false","174235","https://static.prizepicks.com/images/players/NBA/Scoot_Henderson_NBA_player_Krv7T64Nfds9BC2ZV0FnS0TC.webp","00","Portland","Scoot Henderson","G","POR","Trail Blazers","11651701","Single Stat","Single Stat","2548","true","2026-04-24T22:40:00.000-04:00","3-PT Attempted","8","3PTA","pre_game","true",,"2026-04-24T08:53:04.087-04:00"
"false","SAS","C4CED4","San Antonio","Spurs","2026-04-01T08:11:00.000-04:00",,"POR","Full",,"team",,,"false","2026-04-24T22:30:00.000-04:00","scheduled","POR","E03A3E","Portland","Trail Blazers","true","false","false","true","false","NBA","7","5","standard","false","226913","https://static.prizepicks.com/images/players/NBA/De'Aaron_Fox_NBA_player_ey65igBBNutBRz0ibXh85IuZ.webp","4","San Antonio","De'Aaron Fox","G","SAS","Spurs","11651704","Single Stat","Single Stat","2549","true","2026-04-24T22:40:00.000-04:00","3-PT Attempted","8","3PTA","pre_game","true",,"2026-04-24T08:53:04.096-04:00"
"false","SAS","C4CED4","San Antonio","Spurs","2026-04-01T08:11:00.000-04:00",,"POR","Full",,"team",,,"false","2026-04-24T22:30:00.000-04:00","scheduled","POR","E03A3E","Portland","Trail Blazers","true","false","false","true","false","NBA","7","5","standard","false","125266","https://static.prizepicks.com/images/players/NBA/Julian_Champagnie_NBA_player_wWXts7QJavucRoRUsMbfxn9.webp","30","San Antonio","Julian Champagnie","F","SAS","Spurs","11651706","Single Stat","Single Stat","2550","true","2026-04-24T22:40:00.000-04:00","3-PT Attempted","8","3PTA","pre_game","true",,"2026-04-24T08:55:51.812-04:00"
"false","SAS","C4CED4","San Antonio","Spurs","2026-04-01T08:11:00.000-04:00",,"POR","Full",,"team",,,"false","2026-04-24T22:30:00.000-04:00","scheduled","POR","E03A3E","Portland","Trail Blazers","true","false","false","true","false","NBA","7","5","standard","false","173819","https://static.prizepicks.com/images/players/NBA/Victor_Wembanyama_NBA_player_2EsUEdOt5xmywxPr6qxPdHNs.webp","1","San Antonio","Victor Wembanyama","F-C","SAS","Spurs","11651709","Single Stat","Single Stat","2551","true","2026-04-24T22:40:00.000-04:00","3-PT Attempted","8","3PTA","pre_game","true",,"2026-04-24T08:54:48.093-04:00"
"false","SAS","C4CED4","San Antonio","Spurs","2026-04-01T08:11:00.000-04:00",,"SAS","Full",,"team",,,"false","2026-04-24T22:30:00.000-04:00","scheduled","POR","E03A3E","Portland","Trail Blazers","true","false","false","true","false","NBA","7","5","standard","false","174693","https://static.prizepicks.com/images/players/NBA/Robert_Williams_NBA_player_lvHUA9PZ3d4tKnIquKkDtZqe.webp","35","Portland","Robert Williams","C-F","POR","Trail Blazers","11651819","Single Stat","Single Stat","2552","true","2026-04-24T22:40:00.000-04:00","FG Attempted","12","FG Attempted","pre_game","true",,"2026-04-24T09:02:28.505-04:00"
"false","SAS","C4CED4","San Antonio","Spurs","2026-04-01T08:11:00.000-04:00",,"POR","Full",,"team",,,"false","2026-04-24T22:30:00.000-04:00","scheduled","POR","E03A3E","Portland","Trail Blazers","true","false","false","true","false","NBA","7","5","standard","false","272423","https://static.prizepicks.com/images/players/NBA/Luke_Kornet_NBA_player_NgI81WY3mArg0gBbrlpVIVL7.webp","7","San Antonio","Luke Kornet","C-F","SAS","Spurs","11651824","Single Stat","Single Stat","2553","true","2026-04-24T22:40:00.000-04:00","FG Attempted","12","FG Attempted","pre_game","true",,"2026-04-24T09:01:38.292-04:00"
"true","SAS","C4CED4","San Antonio","Spurs","2026-04-23T22:40:00.000-04:00",,"POR","Full",,"team",,,"false","2026-04-24T22:30:00.000-04:00","scheduled","POR","E03A3E","Portland","Trail Blazers","true","false","false","true","false","NBA","7","4.5","standard","false","55140","https://static.prizepicks.com/images/players/NBA/Keldon_Johnson_NBA_player_ytnN6jT7zYkcukGvVWoYp2zk.webp","3","San Antonio","Keldon Johnson","F-G","SAS","Spurs","11592109","Single Stat","Single Stat","2566","true","2026-04-24T22:40:00.000-04:00","Rebounds","2","Rebounds","pre_game","true",,"2026-04-23T23:31:46.322-04:00"
"false","SAS","C4CED4","San Antonio","Spurs","2026-03-31T22:40:00.000-04:00",,"SAS/POR","Full",,"combo",,,"false","2026-04-24T22:30:00.000-04:00","scheduled","POR","E03A3E","Portland","Trail Blazers","true","false","false","true","false","NBA","7","4.5","standard","true","314931","https://static.prizepicks.com/images/players/CMBO_group_Bt3LBewVYqbWa9oLTeJgvccI.webp","5 + 24",,"Jrue Holiday + Devin Vassell","G","POR/SAS","Trail Blazers/Spurs","11593894","Single Stat","Single Stat","2574","true","2026-04-24T22:40:00.000-04:00","3-PT Made (Combo)","10","3PTM","pre_game","true",,"2026-04-23T22:18:18.858-04:00"
,"SAS","C4CED4","San Antonio","Spurs","2026-04-01T08:11:00.000-04:00",,"SAS","Full",,"team",,,"false","2026-04-24T22:30:00.000-04:00","scheduled","POR","E03A3E","Portland","Trail Blazers","true","false","false","true","false","NBA","7","4.5","standard","false","219067","https://static.prizepicks.com/images/players/NBA/Donovan_Clingan_NBA_player_XG0ehs4YvXqgtOiVSoqCpxPg.webp","23","Portland","Donovan Clingan","C","POR","Trail Blazers","11605470","Single Stat","Single Stat","2585","true","2026-04-24T22:40:00.000-04:00","Two Pointers Attempted","1000","2-PT Att","pre_game","true",,"2026-04-24T08:13:51.819-04:00"
"false","SAS","C4CED4","San Antonio","Spurs","2026-04-23T22:40:00.000-04:00",,"SAS","Full",,"team",,,"false","2026-04-24T22:30:00.000-04:00","scheduled","POR","E03A3E","Portland","Trail Blazers","true","false","false","true","false","NBA","7","4.5","standard","false","269530","https://static.prizepicks.com/images/players/NBA/Jrue_Holiday_NBA_player_dAWYsY1Z7zsmD6Os0ZQIpxC.webp","5","Portland","Jrue Holiday","G","POR","Trail Blazers","11611087","Single Stat","Single Stat","2589","true","2026-04-24T22:40:00.000-04:00","Rebounds","2","Rebounds","pre_game","true",,"2026-04-24T13:20:48.056-04:00"
"false","SAS","C4CED4","San Antonio","Spurs","2026-04-23T22:40:00.000-04:00",,"POR","Full",,"team",,,"false","2026-04-24T22:30:00.000-04:00","scheduled","POR","E03A3E","Portland","Trail Blazers","true","false","false","true","false","NBA","7","4.5","standard","false","56347","https://static.prizepicks.com/images/players/NBA/Devin_Vassell_NBA_player_1FsPF0NOGQH4fepI0eeG7MYw.webp","24","San Antonio","Devin Vassell","G-F","SAS","Spurs","11611088","Single Stat","Single Stat","2590","true","2026-04-24T22:40:00.000-04:00","Rebounds","2","Rebounds","pre_game","true",,"2026-04-24T10:58:30.051-04:00"
"false","SAS","C4CED4","San Antonio","Spurs","2026-04-01T08:11:00.000-04:00",,"POR","Full",,"team",,,"false","2026-04-24T22:30:00.000-04:00","scheduled","POR","E03A3E","Portland","Trail Blazers","true","false","false","true","false","NBA","7","4.5","standard","false","272423","https://static.prizepicks.com/images/players/NBA/Luke_Kornet_NBA_player_NgI81WY3mArg0gBbrlpVIVL7.webp","7","San Antonio","Luke Kornet","C-F","SAS","Spurs","11652726","Single Stat","Single Stat","2599","true","2026-04-24T22:40:00.000-04:00","Defensive Rebounds","8","Defensive Rebounds","pre_game","true",,"2026-04-24T11:15:01.740-04:00"
"false","SAS","C4CED4","San Antonio","Spurs","2026-04-01T08:11:00.000-04:00",,"SAS","Full",,"team",,,"false","2026-04-24T22:30:00.000-04:00","scheduled","POR","E03A3E","Portland","Trail Blazers","true","false","false","true","false","NBA","7","4.5","standard","false","174693","https://static.prizepicks.com/images/players/NBA/Robert_Williams_NBA_player_lvHUA9PZ3d4tKnIquKkDtZqe.webp","35","Portland","Robert Williams","C-F","POR","Trail Blazers","11652727","Single Stat","Single Stat","2600","true","2026-04-24T22:40:00.000-04:00","Defensive Rebounds","8","Defensive Rebounds","pre_game","true",,"2026-04-24T11:34:59.871-04:00"
"false","SAS","C4CED4","San Antonio","Spurs","2026-04-01T08:11:00.000-04:00",,"POR","Full",,"team",,,"false","2026-04-24T22:30:00.000-04:00","scheduled","POR","E03A3E","Portland","Trail Blazers","true","false","false","true","false","NBA","7","4.5","standard","false","217804","https://static.prizepicks.com/images/players/NBA/Stephon_Castle_NBA_player_3nImU3v39rqjCKdKG1wdfekq.webp","5","San Antonio","Stephon Castle","G","SAS","Spurs","11652728","Single Stat","Single Stat","2601","true","2026-04-24T22:40:00.000-04:00","Defensive Rebounds","8","Defensive Rebounds","pre_game","true",,"2026-04-24T10:45:29.877-04:00"
"false","SAS","C4CED4","San Antonio","Spurs","2026-03-31T22:40:00.000-04:00",,"SAS/POR","Full",,"combo",,,"false","2026-04-24T22:30:00.000-04:00","scheduled","POR","E03A3E","Portland","Trail Blazers","true","false","false","true","false","NBA","7","4","standard","true","314937","https://static.prizepicks.com/images/players/CMBO_group_ltgGsf2Vs1uzKgeMeG8cQ6z4.webp","33 + 30",,"Toumani Camara + Julian Champagnie","F","POR/SAS","Trail Blazers/Spurs","11593895","Single Stat","Single Stat","2602","true","2026-04-24T22:40:00.000-04:00","3-PT Made (Combo)","10","3PTM","pre_game","true",,"2026-04-23T22:18:18.858-04:00"
"false","SAS","C4CED4","San Antonio","Spurs","2026-03-31T22:40:00.000-04:00",,"SAS/POR","Full",,"combo",,,"false","2026-04-24T22:30:00.000-04:00","scheduled","POR","E03A3E","Portland","Trail Blazers","true","false","false","true","false","NBA","7","4","standard","true","314939","https://static.prizepicks.com/images/players/CMBO_group_STZhamKzCmhM8VlnqSmln5TK.webp","8 + 24",,"Deni Avdija + Devin Vassell","F","POR/SAS","Trail Blazers/Spurs","11593921","Single Stat","Single Stat","2603","true","2026-04-24T22:40:00.000-04:00","3-PT Made (Combo)","10","3PTM","pre_game","true",,"2026-04-23T22:18:18.858-04:00"
"false","SAS","C4CED4","San Antonio","Spurs","2026-03-31T22:40:00.000-04:00",,"SAS/POR","Full",,"combo",,,"false","2026-04-24T22:30:00.000-04:00","scheduled","POR","E03A3E","Portland","Trail Blazers","true","false","false","true","false","NBA","7","4","standard","true","314941","https://static.prizepicks.com/images/players/CMBO_group_Lyz5xDfm7SzIVBvEKnosGlTX.webp","8 + 30",,"Deni Avdija + Julian Champagnie","F","POR/SAS","Trail Blazers/Spurs","11594010","Single Stat","Single Stat","2604","true","2026-04-24T22:40:00.000-04:00","3-PT Made (Combo)","10","3PTM","pre_game","true",,"2026-04-23T22:18:18.858-04:00"
"false","SAS","C4CED4","San Antonio","Spurs","2026-03-31T22:40:00.000-04:00",,"SAS/POR","Full",,"combo",,,"false","2026-04-24T22:30:00.000-04:00","scheduled","POR","E03A3E","Portland","Trail Blazers","true","false","false","true","false","NBA","7","4","standard","true","315230","https://static.prizepicks.com/images/players/CMBO_group_wQ59ysiqthkXc9AsQOTERKYb.webp","5 + 1",,"Jrue Holiday + Victor Wembanyama","G","POR/SAS","Trail Blazers/Spurs","11639279","Single Stat","Single Stat","2605","true","2026-04-24T22:40:00.000-04:00","3-PT Made (Combo)","10","3PTM","pre_game","true",,"2026-04-23T22:44:53.132-04:00"
"false","SAS","C4CED4","San Antonio","Spurs","2026-04-01T08:11:00.000-04:00",,"SAS","Full",,"team",,,"false","2026-04-24T22:30:00.000-04:00","scheduled","POR","E03A3E","Portland","Trail Blazers","true","false","false","true","false","NBA","7","4","standard","false","219067","https://static.prizepicks.com/images/players/NBA/Donovan_Clingan_NBA_player_XG0ehs4YvXqgtOiVSoqCpxPg.webp","23","Portland","Donovan Clingan","C","POR","Trail Blazers","11651666","Single Stat","Single Stat","2606","true","2026-04-24T22:40:00.000-04:00","FG Made","7","FG Made","pre_game","true",,"2026-04-24T09:18:17.181-04:00"
"false","SAS","C4CED4","San Antonio","Spurs","2026-04-01T08:11:00.000-04:00",,"SAS","Full",,"team",,,"false","2026-04-24T22:30:00.000-04:00","scheduled","POR","E03A3E","Portland","Trail Blazers","true","false","false","true","false","NBA","7","4","standard","false","175130","https://static.prizepicks.com/images/players/NBA/Toumani_Camara_NBA_player_w4urdOprLpBcEquxbAuRRcN.webp","33","Portland","Toumani Camara","F","POR","Trail Blazers","11651670","Single Stat","Single Stat","2607","true","2026-04-24T22:40:00.000-04:00","FG Made","7","FG Made","pre_game","true",,"2026-04-24T09:42:11.208-04:00"
"false","SAS","C4CED4","San Antonio","Spurs","2026-04-01T08:11:00.000-04:00",,"POR","Full",,"team",,,"false","2026-04-24T22:30:00.000-04:00","scheduled","POR","E03A3E","Portland","Trail Blazers","true","false","false","true","false","NBA","7","4","standard","false","271607","https://static.prizepicks.com/images/manual/DylanHarper.png","2","San Antonio","Dylan Harper","G","SAS","Spurs","11651673","Single Stat","Single Stat","2608","true","2026-04-24T22:40:00.000-04:00","FG Made","7","FG Made","pre_game","true",,"2026-04-24T09:23:51.808-04:00"
"false","SAS","C4CED4","San Antonio","Spurs","2026-04-01T08:11:00.000-04:00",,"POR","Full",,"team",,,"false","2026-04-24T22:30:00.000-04:00","scheduled","POR","E03A3E","Portland","Trail Blazers","true","false","false","true","false","NBA","7","4","standard","false","55140","https://static.prizepicks.com/images/players/NBA/Keldon_Johnson_NBA_player_ytnN6jT7zYkcukGvVWoYp2zk.webp","3","San Antonio","Keldon Johnson","F-G","SAS","Spurs","11651675","Single Stat","Single Stat","2609","true","2026-04-24T22:40:00.000-04:00","FG Made","7","FG Made","pre_game","true",,"2026-04-24T09:23:48.063-04:00"
"false","SAS","C4CED4","San Antonio","Spurs","2026-04-01T08:11:00.000-04:00",,"POR","Full",,"team",,,"false","2026-04-24T22:30:00.000-04:00","scheduled","POR","E03A3E","Portland","Trail Blazers","true","false","false","true","false","NBA","7","4","standard","false","217804","https://static.prizepicks.com/images/players/NBA/Stephon_Castle_NBA_player_3nImU3v39rqjCKdKG1wdfekq.webp","5","San Antonio","Stephon Castle","G","SAS","Spurs","11651708","Single Stat","Single Stat","2610","true","2026-04-24T22:40:00.000-04:00","3-PT Attempted","8","3PTA","pre_game","true",,"2026-04-24T08:57:39.490-04:00"
,"SAS","C4CED4","San Antonio","Spurs","2026-04-01T08:11:00.000-04:00",,"SAS","Full",,"team",,,"false","2026-04-24T22:30:00.000-04:00","scheduled","POR","E03A3E","Portland","Trail Blazers","true","false","false","true","false","NBA","7","3.5","standard","false","88082","https://static.prizepicks.com/images/players/NBA/Shaedon_Sharpe_NBA_player_1F0N6I3hpZJcfZDO37qOvJJa.webp","17","Portland","Shaedon Sharpe","G","POR","Trail Blazers","11592163","Single Stat","Single Stat","2638","true","2026-04-24T22:40:00.000-04:00","FG Made","7","FG Made","pre_game","true",,"2026-04-24T08:12:58.737-04:00"
"true","SAS","C4CED4","San Antonio","Spurs","2026-04-01T08:11:00.000-04:00",,"POR","Full",,"team",,,"false","2026-04-24T22:30:00.000-04:00","scheduled","POR","E03A3E","Portland","Trail Blazers","true","false","false","true","false","NBA","7","3.5","standard","false","217804","https://static.prizepicks.com/images/players/NBA/Stephon_Castle_NBA_player_3nImU3v39rqjCKdKG1wdfekq.webp","5","San Antonio","Stephon Castle","G","SAS","Spurs","11592182","Single Stat","Single Stat","2640","true","2026-04-24T22:40:00.000-04:00","Personal Fouls","30","Personal Fouls","pre_game","true",,"2026-04-24T09:11:19.221-04:00"
"true","SAS","C4CED4","San Antonio","Spurs","2026-04-23T22:40:00.000-04:00",,"SAS","Full",,"team",,,"false","2026-04-24T22:30:00.000-04:00","scheduled","POR","E03A3E","Portland","Trail Blazers","true","false","false","true","false","NBA","7","3.5","standard","false","216763","https://static.prizepicks.com/images/players/NBA/Deni_Avdija_NBA_player_UseSk8t9hGI1bxQmUCphB6Zd.webp","8","Portland","Deni Avdija","F","POR","Trail Blazers","11599754","Single Stat","Single Stat","2656","true","2026-04-24T22:40:00.000-04:00","Turnovers","33","Turnovers","pre_game","true",,"2026-04-24T09:10:18.220-04:00"
"false","SAS","C4CED4","San Antonio","Spurs","2026-04-01T08:11:00.000-04:00",,"SAS","Full",,"team",,,"false","2026-04-24T22:30:00.000-04:00","scheduled","POR","E03A3E","Portland","Trail Blazers","true","false","false","true","false","NBA","7","3.5","standard","false","79925","https://static.prizepicks.com/images/players/NBA/Jerami_Grant_NBA_player_KbomJkLn1MNMBtCjzvylhwWr.webp","9","Portland","Jerami Grant","F","POR","Trail Blazers","11651699","Single Stat","Single Stat","2673","true","2026-04-24T22:40:00.000-04:00","3-PT Attempted","8","3PTA","pre_game","true",,"2026-04-24T12:14:07.812-04:00"
"false","SAS","C4CED4","San Antonio","Spurs","2026-04-01T08:11:00.000-04:00",,"SAS","Full",,"team",,,"false","2026-04-24T22:30:00.000-04:00","scheduled","POR","E03A3E","Portland","Trail Blazers","true","false","false","true","false","NBA","7","3.5","standard","false","88082","https://static.prizepicks.com/images/players/NBA/Shaedon_Sharpe_NBA_player_1F0N6I3hpZJcfZDO37qOvJJa.webp","17","Portland","Shaedon Sharpe","G","POR","Trail Blazers","11651702","Single Stat","Single Stat","2674","true","2026-04-24T22:40:00.000-04:00","3-PT Attempted","8","3PTA","pre_game","true",,"2026-04-24T09:01:38.327-04:00"
"false","SAS","C4CED4","San Antonio","Spurs","2026-04-01T08:11:00.000-04:00",,"POR","Full",,"team",,,"false","2026-04-24T22:30:00.000-04:00","scheduled","POR","E03A3E","Portland","Trail Blazers","true","false","false","true","false","NBA","7","3.5","standard","false","173819","https://static.prizepicks.com/images/players/NBA/Victor_Wembanyama_NBA_player_2EsUEdOt5xmywxPr6qxPdHNs.webp","1","San Antonio","Victor Wembanyama","F-C","SAS","Spurs","11652550","Single Stat","Single Stat","2675","true","2026-04-24T22:40:00.000-04:00","Dunks","18","Dunks","pre_game","true",,"2026-04-24T10:27:48.285-04:00"
"false","SAS","C4CED4","San Antonio","Spurs","2026-04-01T08:11:00.000-04:00",,"SAS","Full",,"team",,,"false","2026-04-24T22:30:00.000-04:00","scheduled","POR","E03A3E","Portland","Trail Blazers","true","false","false","true","false","NBA","7","3.5","standard","false","219067","https://static.prizepicks.com/images/players/NBA/Donovan_Clingan_NBA_player_XG0ehs4YvXqgtOiVSoqCpxPg.webp","23","Portland","Donovan Clingan","C","POR","Trail Blazers","11652720","Single Stat","Single Stat","2676","true","2026-04-24T22:40:00.000-04:00","Offensive Rebounds","7","Offensive Rebounds","pre_game","true",,"2026-04-24T10:51:20.590-04:00"
"false","SAS","C4CED4","San Antonio","Spurs","2026-04-01T08:11:00.000-04:00",,"SAS","Full",,"team",,,"false","2026-04-24T22:30:00.000-04:00","scheduled","POR","E03A3E","Portland","Trail Blazers","true","false","false","true","false","NBA","7","3","standard","false","174235","https://static.prizepicks.com/images/players/NBA/Scoot_Henderson_NBA_player_Krv7T64Nfds9BC2ZV0FnS0TC.webp","00","Portland","Scoot Henderson","G","POR","Trail Blazers","11651463","Single Stat","Single Stat","2678","true","2026-04-24T22:40:00.000-04:00","Assists","5","Assists","pre_game","true",,"2026-04-24T08:40:45.199-04:00"
"false","SAS","C4CED4","San Antonio","Spurs","2026-04-01T08:11:00.000-04:00",,"POR","Full",,"team",,,"false","2026-04-24T22:30:00.000-04:00","scheduled","POR","E03A3E","Portland","Trail Blazers","true","false","false","true","false","NBA","7","3","standard","false","271607","https://static.prizepicks.com/images/manual/DylanHarper.png","2","San Antonio","Dylan Harper","G","SAS","Spurs","11651464","Single Stat","Single Stat","2679","true","2026-04-24T22:40:00.000-04:00","Assists","5","Assists","pre_game","true",,"2026-04-24T08:30:52.507-04:00"
"false","SAS","C4CED4","San Antonio","Spurs","2026-04-01T08:11:00.000-04:00",,"SAS","Full",,"team",,,"false","2026-04-24T22:30:00.000-04:00","scheduled","POR","E03A3E","Portland","Trail Blazers","true","false","false","true","false","NBA","7","3","standard","false","79925","https://static.prizepicks.com/images/players/NBA/Jerami_Grant_NBA_player_KbomJkLn1MNMBtCjzvylhwWr.webp","9","Portland","Jerami Grant","F","POR","Trail Blazers","11651667","Single Stat","Single Stat","2680","true","2026-04-24T22:40:00.000-04:00","FG Made","7","FG Made","pre_game","true",,"2026-04-24T08:55:16.234-04:00"
"false","SAS","C4CED4","San Antonio","Spurs","2026-04-01T08:11:00.000-04:00",,"POR","Full",,"team",,,"false","2026-04-24T22:30:00.000-04:00","scheduled","POR","E03A3E","Portland","Trail Blazers","true","false","false","true","false","NBA","7","3","standard","false","125266","https://static.prizepicks.com/images/players/NBA/Julian_Champagnie_NBA_player_wWXts7QJavucRoRUsMbfxn9.webp","30","San Antonio","Julian Champagnie","F","SAS","Spurs","11651674","Single Stat","Single Stat","2681","true","2026-04-24T22:40:00.000-04:00","FG Made","7","FG Made","pre_game","true",,"2026-04-24T09:04:37.477-04:00"
"false","SAS","C4CED4","San Antonio","Spurs","2026-04-01T08:11:00.000-04:00",,"POR","Full",,"team",,,"false","2026-04-24T22:30:00.000-04:00","scheduled","POR","E03A3E","Portland","Trail Blazers","true","false","false","true","false","NBA","7","3","standard","false","272423","https://static.prizepicks.com/images/players/NBA/Luke_Kornet_NBA_player_NgI81WY3mArg0gBbrlpVIVL7.webp","7","San Antonio","Luke Kornet","C-F","SAS","Spurs","11651676","Single Stat","Single Stat","2682","true","2026-04-24T22:40:00.000-04:00","FG Made","7","FG Made","pre_game","true",,"2026-04-24T08:46:13.926-04:00"
"false","SAS","C4CED4","San Antonio","Spurs","2026-04-01T08:11:00.000-04:00",,"SAS","Full",,"team",,,"false","2026-04-24T22:30:00.000-04:00","scheduled","POR","E03A3E","Portland","Trail Blazers","true","false","false","true","false","NBA","7","3","standard","false","219067","https://static.prizepicks.com/images/players/NBA/Donovan_Clingan_NBA_player_XG0ehs4YvXqgtOiVSoqCpxPg.webp","23","Portland","Donovan Clingan","C","POR","Trail Blazers","11651698","Single Stat","Single Stat","2683","true","2026-04-24T22:40:00.000-04:00","3-PT Attempted","8","3PTA","pre_game","true",,"2026-04-24T09:01:47.442-04:00"
"false","SAS","C4CED4","San Antonio","Spurs","2026-04-01T08:11:00.000-04:00",,"POR","Full",,"team",,,"false","2026-04-24T22:30:00.000-04:00","scheduled","POR","E03A3E","Portland","Trail Blazers","true","false","false","true","false","NBA","7","3","standard","false","55140","https://static.prizepicks.com/images/players/NBA/Keldon_Johnson_NBA_player_ytnN6jT7zYkcukGvVWoYp2zk.webp","3","San Antonio","Keldon Johnson","F-G","SAS","Spurs","11651707","Single Stat","Single Stat","2684","true","2026-04-24T22:40:00.000-04:00","3-PT Attempted","8","3PTA","pre_game","true",,"2026-04-24T09:06:26.295-04:00"
"false","SAS","C4CED4","San Antonio","Spurs","2026-04-01T08:11:00.000-04:00",,"POR","Full",,"team",,,"false","2026-04-24T22:30:00.000-04:00","scheduled","POR","E03A3E","Portland","Trail Blazers","true","false","false","true","false","NBA","7","3","standard","false","226913","https://static.prizepicks.com/images/players/NBA/De'Aaron_Fox_NBA_player_ey65igBBNutBRz0ibXh85IuZ.webp","4","San Antonio","De'Aaron Fox","G","SAS","Spurs","11651865","Single Stat","Single Stat","2685","true","2026-04-24T22:40:00.000-04:00","Free Throws Made","11","FTM","pre_game","true",,"2026-04-24T09:35:42.177-04:00"
"false","SAS","C4CED4","San Antonio","Spurs","2026-04-01T08:11:00.000-04:00",,"POR","Full",,"team",,,"false","2026-04-24T22:30:00.000-04:00","scheduled","POR","E03A3E","Portland","Trail Blazers","true","false","false","true","false","NBA","7","3","standard","false","272423","https://static.prizepicks.com/images/players/NBA/Luke_Kornet_NBA_player_NgI81WY3mArg0gBbrlpVIVL7.webp","7","San Antonio","Luke Kornet","C-F","SAS","Spurs","11652721","Single Stat","Single Stat","2686","true","2026-04-24T22:40:00.000-04:00","Offensive Rebounds","7","Offensive Rebounds","pre_game","true",,"2026-04-24T10:50:13.408-04:00"
"false","SAS","C4CED4","San Antonio","Spurs","2026-04-01T08:11:00.000-04:00",,"POR","Full",,"team",,,"false","2026-04-24T22:30:00.000-04:00","scheduled","POR","E03A3E","Portland","Trail Blazers","true","false","false","true","false","NBA","7","3","standard","false","271607","https://static.prizepicks.com/images/manual/DylanHarper.png","2","San Antonio","Dylan Harper","G","SAS","Spurs","11652832","Single Stat","Single Stat","2687","true","2026-04-24T22:40:00.000-04:00","Rebounds","2","Rebounds","pre_game","true",,"2026-04-24T11:03:44.575-04:00"
"false","SAS","C4CED4","San Antonio","Spurs","2026-04-01T08:11:00.000-04:00",,"POR","Full",,"team",,,"false","2026-04-24T22:30:00.000-04:00","scheduled","POR","E03A3E","Portland","Trail Blazers","true","false","false","true","false","NBA","7","3","standard","false","173819","https://static.prizepicks.com/images/players/NBA/Victor_Wembanyama_NBA_player_2EsUEdOt5xmywxPr6qxPdHNs.webp","1","San Antonio","Victor Wembanyama","F-C","SAS","Spurs","11652863","Single Stat","Single Stat","2688","true","2026-04-24T22:40:00.000-04:00","Assists","5","Assists","pre_game","true",,"2026-04-24T11:03:46.227-04:00"
"true","SAS","C4CED4","San Antonio","Spurs","2026-04-01T08:11:00.000-04:00",,"POR","Full",,"team",,,"false","2026-04-24T22:30:00.000-04:00","scheduled","POR","E03A3E","Portland","Trail Blazers","true","false","false","true","false","NBA","7","2.5","standard","false","226913","https://static.prizepicks.com/images/players/NBA/De'Aaron_Fox_NBA_player_ey65igBBNutBRz0ibXh85IuZ.webp","4","San Antonio","De'Aaron Fox","G","SAS","Spurs","11591962","Single Stat","Single Stat","2703","true","2026-04-24T22:40:00.000-04:00","Personal Fouls","30","Personal Fouls","pre_game","true",,"2026-04-24T09:11:19.291-04:00"
"true","SAS","C4CED4","San Antonio","Spurs","2026-04-23T22:40:00.000-04:00",,"POR","Full",,"team",,,"false","2026-04-24T22:30:00.000-04:00","scheduled","POR","E03A3E","Portland","Trail Blazers","true","false","false","true","false","NBA","7","2.5","standard","false","226913","https://static.prizepicks.com/images/players/NBA/De'Aaron_Fox_NBA_player_ey65igBBNutBRz0ibXh85IuZ.webp","4","San Antonio","De'Aaron Fox","G","SAS","Spurs","11591974","Single Stat","Single Stat","2706","true","2026-04-24T22:40:00.000-04:00","Turnovers","33","Turnovers","pre_game","true",,"2026-04-24T11:49:07.708-04:00"
"true","SAS","C4CED4","San Antonio","Spurs","2026-04-01T08:11:00.000-04:00",,"POR","Full",,"team",,,"false","2026-04-24T22:30:00.000-04:00","scheduled","POR","E03A3E","Portland","Trail Blazers","true","false","false","true","false","NBA","7","2.5","standard","false","56347","https://static.prizepicks.com/images/players/NBA/Devin_Vassell_NBA_player_1FsPF0NOGQH4fepI0eeG7MYw.webp","24","San Antonio","Devin Vassell","G-F","SAS","Spurs","11591993","Single Stat","Single Stat","2708","true","2026-04-24T22:40:00.000-04:00","Free Throws Attempted","30","FTA","pre_game","true",,"2026-04-24T09:06:31.806-04:00"
,"SAS","C4CED4","San Antonio","Spurs","2026-04-01T08:11:00.000-04:00",,"POR","Full",,"team",,,"false","2026-04-24T22:30:00.000-04:00","scheduled","POR","E03A3E","Portland","Trail Blazers","true","false","false","true","false","NBA","7","2.5","standard","false","56347","https://static.prizepicks.com/images/players/NBA/Devin_Vassell_NBA_player_1FsPF0NOGQH4fepI0eeG7MYw.webp","24","San Antonio","Devin Vassell","G-F","SAS","Spurs","11592004","Single Stat","Single Stat","2711","true","2026-04-24T22:40:00.000-04:00","Two Pointers Made","1001","2-PT Made","pre_game","true",,"2026-04-24T09:10:43.037-04:00"
,"SAS","C4CED4","San Antonio","Spurs","2026-04-01T08:11:00.000-04:00",,"POR","Full",,"team",,,"false","2026-04-24T22:30:00.000-04:00","scheduled","POR","E03A3E","Portland","Trail Blazers","true","false","false","true","false","NBA","7","2.5","standard","false","125266","https://static.prizepicks.com/images/players/NBA/Julian_Champagnie_NBA_player_wWXts7QJavucRoRUsMbfxn9.webp","30","San Antonio","Julian Champagnie","F","SAS","Spurs","11592081","Single Stat","Single Stat","2723","true","2026-04-24T22:40:00.000-04:00","Personal Fouls","30","Personal Fouls","pre_game","true",,"2026-04-24T08:14:09.758-04:00"
"true","SAS","C4CED4","San Antonio","Spurs","2026-04-01T08:11:00.000-04:00",,"SAS","Full",,"team",,,"false","2026-04-24T22:30:00.000-04:00","scheduled","POR","E03A3E","Portland","Trail Blazers","true","false","false","true","false","NBA","7","2.5","standard","false","123648","https://static.prizepicks.com/images/players/NBA/Matisse_Thybulle_NBA_player_k2ViS3sTRK9b7gOcRXpMQdyd.webp","4","Portland","Matisse Thybulle","G-F","POR","Trail Blazers","11592116","Single Stat","Single Stat","2729","true","2026-04-24T22:40:00.000-04:00","FG Attempted","12","FG Attempted","pre_game","true",,"2026-04-24T08:13:09.053-04:00"
,"SAS","C4CED4","San Antonio","Spurs","2026-04-01T08:11:00.000-04:00",,"SAS","Full",,"team",,,"false","2026-04-24T22:30:00.000-04:00","scheduled","POR","E03A3E","Portland","Trail Blazers","true","false","false","true","false","NBA","7","2.5","standard","false","174235","https://static.prizepicks.com/images/players/NBA/Scoot_Henderson_NBA_player_Krv7T64Nfds9BC2ZV0FnS0TC.webp","00","Portland","Scoot Henderson","G","POR","Trail Blazers","11592144","Single Stat","Single Stat","2732","true","2026-04-24T22:40:00.000-04:00","Free Throws Attempted","30","FTA","pre_game","true",,"2026-04-24T08:13:40.052-04:00"
"true","SAS","C4CED4","San Antonio","Spurs","2026-04-23T22:40:00.000-04:00",,"SAS","Full",,"team",,,"false","2026-04-24T22:30:00.000-04:00","scheduled","POR","E03A3E","Portland","Trail Blazers","true","false","false","true","false","NBA","7","2.5","standard","false","174693","https://static.prizepicks.com/images/players/NBA/Robert_Williams_NBA_player_lvHUA9PZ3d4tKnIquKkDtZqe.webp","35","Portland","Robert Williams","C-F","POR","Trail Blazers","11594587","Single Stat","Single Stat","2743","true","2026-04-24T22:40:00.000-04:00","Blks+Stls","31","Blks+Stls","pre_game","true",,"2026-04-23T23:31:52.259-04:00"
"true","SAS","C4CED4","San Antonio","Spurs","2026-04-01T08:11:00.000-04:00",,"SAS","Full",,"team",,,"false","2026-04-24T22:30:00.000-04:00","scheduled","POR","E03A3E","Portland","Trail Blazers","true","false","false","true","false","NBA","7","2.5","standard","false","88082","https://static.prizepicks.com/images/players/NBA/Shaedon_Sharpe_NBA_player_1F0N6I3hpZJcfZDO37qOvJJa.webp","17","Portland","Shaedon Sharpe","G","POR","Trail Blazers","11594602","Single Stat","Single Stat","2745","true","2026-04-24T22:40:00.000-04:00","Two Pointers Made","1001","2-PT Made","pre_game","true",,"2026-04-24T09:10:43.224-04:00"
,"SAS","C4CED4","San Antonio","Spurs","2026-04-01T08:11:00.000-04:00",,"POR","Full",,"team",,,"false","2026-04-24T22:30:00.000-04:00","scheduled","POR","E03A3E","Portland","Trail Blazers","true","false","false","true","false","NBA","7","2.5","standard","false","272423","https://static.prizepicks.com/images/players/NBA/Luke_Kornet_NBA_player_NgI81WY3mArg0gBbrlpVIVL7.webp","7","San Antonio","Luke Kornet","C-F","SAS","Spurs","11613501","Single Stat","Single Stat","2763","true","2026-04-24T22:40:00.000-04:00","Personal Fouls","30","Personal Fouls","pre_game","true",,"2026-04-24T08:14:09.758-04:00"
"false","SAS","C4CED4","San Antonio","Spurs","2026-04-01T08:11:00.000-04:00",,"SAS","Full",,"team",,,"false","2026-04-24T22:30:00.000-04:00","scheduled","POR","E03A3E","Portland","Trail Blazers","true","false","false","true","false","NBA","7","2.5","standard","false","174693","https://static.prizepicks.com/images/players/NBA/Robert_Williams_NBA_player_lvHUA9PZ3d4tKnIquKkDtZqe.webp","35","Portland","Robert Williams","C-F","POR","Trail Blazers","11652722","Single Stat","Single Stat","2779","true","2026-04-24T22:40:00.000-04:00","Offensive Rebounds","7","Offensive Rebounds","pre_game","true",,"2026-04-24T11:03:07.705-04:00"
"false","SAS","C4CED4","San Antonio","Spurs","2026-04-01T08:11:00.000-04:00",,"SAS","Full",,"team",,,"false","2026-04-24T22:30:00.000-04:00","scheduled","POR","E03A3E","Portland","Trail Blazers","true","false","false","true","false","NBA","7","2","standard","false","175130","https://static.prizepicks.com/images/players/NBA/Toumani_Camara_NBA_player_w4urdOprLpBcEquxbAuRRcN.webp","33","Portland","Toumani Camara","F","POR","Trail Blazers","11651470","Single Stat","Single Stat","2780","true","2026-04-24T22:40:00.000-04:00","3-PT Made","4","3PTM","pre_game","true",,"2026-04-24T08:47:23.618-04:00"
"false","SAS","C4CED4","San Antonio","Spurs","2026-04-01T08:11:00.000-04:00",,"POR","Full",,"team",,,"false","2026-04-24T22:30:00.000-04:00","scheduled","POR","E03A3E","Portland","Trail Blazers","true","false","false","true","false","NBA","7","2","standard","false","56347","https://static.prizepicks.com/images/players/NBA/Devin_Vassell_NBA_player_1FsPF0NOGQH4fepI0eeG7MYw.webp","24","San Antonio","Devin Vassell","G-F","SAS","Spurs","11651471","Single Stat","Single Stat","2781","true","2026-04-24T22:40:00.000-04:00","3-PT Made","4","3PTM","pre_game","true",,"2026-04-24T08:24:04.457-04:00"
"false","SAS","C4CED4","San Antonio","Spurs","2026-04-01T08:11:00.000-04:00",,"POR","Full",,"team",,,"false","2026-04-24T22:30:00.000-04:00","scheduled","POR","E03A3E","Portland","Trail Blazers","true","false","false","true","false","NBA","7","2","standard","false","173819","https://static.prizepicks.com/images/players/NBA/Victor_Wembanyama_NBA_player_2EsUEdOt5xmywxPr6qxPdHNs.webp","1","San Antonio","Victor Wembanyama","F-C","SAS","Spurs","11652724","Single Stat","Single Stat","2782","true","2026-04-24T22:40:00.000-04:00","Offensive Rebounds","7","Offensive Rebounds","pre_game","true",,"2026-04-24T10:56:27.768-04:00"
,"SAS","C4CED4","San Antonio","Spurs","2026-04-23T22:40:00.000-04:00",,"SAS","Full",,"team",,,"false","2026-04-24T22:30:00.000-04:00","scheduled","POR","E03A3E","Portland","Trail Blazers","true","false","false","true","false","NBA","7","1.5","standard","false","174235","https://static.prizepicks.com/images/players/NBA/Scoot_Henderson_NBA_player_Krv7T64Nfds9BC2ZV0FnS0TC.webp","00","Portland","Scoot Henderson","G","POR","Trail Blazers","11587426","Single Stat","Single Stat","2785","true","2026-04-24T22:40:00.000-04:00","3-PT Made","4","3PTM","pre_game","true",,"2026-04-23T23:31:52.259-04:00"
,"SAS","C4CED4","San Antonio","Spurs","2026-04-01T08:11:00.000-04:00",,"SAS","Full",,"team",,,"false","2026-04-24T22:30:00.000-04:00","scheduled","POR","E03A3E","Portland","Trail Blazers","true","false","false","true","false","NBA","7","1.5","standard","false","219067","https://static.prizepicks.com/images/players/NBA/Donovan_Clingan_NBA_player_XG0ehs4YvXqgtOiVSoqCpxPg.webp","23","Portland","Donovan Clingan","C","POR","Trail Blazers","11592017","Single Stat","Single Stat","2798","true","2026-04-24T22:40:00.000-04:00","Free Throws Attempted","30","FTA","pre_game","true",,"2026-04-24T08:13:40.052-04:00"
"true","SAS","C4CED4","San Antonio","Spurs","2026-04-01T08:11:00.000-04:00",,"SAS","Full",,"team",,,"false","2026-04-24T22:30:00.000-04:00","scheduled","POR","E03A3E","Portland","Trail Blazers","true","false","false","true","false","NBA","7","1.5","standard","false","79925","https://static.prizepicks.com/images/players/NBA/Jerami_Grant_NBA_player_KbomJkLn1MNMBtCjzvylhwWr.webp","9","Portland","Jerami Grant","F","POR","Trail Blazers","11592052","Single Stat","Single Stat","2802","true","2026-04-24T22:40:00.000-04:00","Free Throws Made","11","FTM","pre_game","true",,"2026-04-24T08:13:40.052-04:00"
,"SAS","C4CED4","San Antonio","Spurs","2026-04-01T08:11:00.000-04:00",,"SAS","Full",,"team",,,"false","2026-04-24T22:30:00.000-04:00","scheduled","POR","E03A3E","Portland","Trail Blazers","true","false","false","true","false","NBA","7","1.5","standard","false","79925","https://static.prizepicks.com/images/players/NBA/Jerami_Grant_NBA_player_KbomJkLn1MNMBtCjzvylhwWr.webp","9","Portland","Jerami Grant","F","POR","Trail Blazers","11592053","Single Stat","Single Stat","2803","true","2026-04-24T22:40:00.000-04:00","Personal Fouls","30","Personal Fouls","pre_game","true",,"2026-04-24T08:14:09.758-04:00"
,"SAS","C4CED4","San Antonio","Spurs","2026-04-01T08:11:00.000-04:00",,"SAS","Full",,"team",,,"false","2026-04-24T22:30:00.000-04:00","scheduled","POR","E03A3E","Portland","Trail Blazers","true","false","false","true","false","NBA","7","1.5","standard","false","79925","https://static.prizepicks.com/images/players/NBA/Jerami_Grant_NBA_player_KbomJkLn1MNMBtCjzvylhwWr.webp","9","Portland","Jerami Grant","F","POR","Trail Blazers","11592058","Single Stat","Single Stat","2805","true","2026-04-24T22:40:00.000-04:00","Two Pointers Made","1001","2-PT Made","pre_game","true",,"2026-04-24T09:10:43.165-04:00"
,"SAS","C4CED4","San Antonio","Spurs","2026-04-01T08:11:00.000-04:00",,"SAS","Full",,"team",,,"false","2026-04-24T22:30:00.000-04:00","scheduled","POR","E03A3E","Portland","Trail Blazers","true","false","false","true","false","NBA","7","1.5","standard","false","174693","https://static.prizepicks.com/images/players/NBA/Robert_Williams_NBA_player_lvHUA9PZ3d4tKnIquKkDtZqe.webp","35","Portland","Robert Williams","C-F","POR","Trail Blazers","11592124","Single Stat","Single Stat","2814","true","2026-04-24T22:40:00.000-04:00","3-PT Attempted","8","3PTA","pre_game","true",,"2026-04-24T08:13:18.684-04:00"
,"SAS","C4CED4","San Antonio","Spurs","2026-04-01T08:11:00.000-04:00",,"SAS","Full",,"team",,,"false","2026-04-24T22:30:00.000-04:00","scheduled","POR","E03A3E","Portland","Trail Blazers","true","false","false","true","false","NBA","7","1.5","standard","false","88082","https://static.prizepicks.com/images/players/NBA/Shaedon_Sharpe_NBA_player_1F0N6I3hpZJcfZDO37qOvJJa.webp","17","Portland","Shaedon Sharpe","G","POR","Trail Blazers","11592165","Single Stat","Single Stat","2823","true","2026-04-24T22:40:00.000-04:00","Free Throws Made","11","FTM","pre_game","true",,"2026-04-24T08:13:40.052-04:00"
,"SAS","C4CED4","San Antonio","Spurs","2026-04-01T08:11:00.000-04:00",,"SAS","Full",,"team",,,"false","2026-04-24T22:30:00.000-04:00","scheduled","POR","E03A3E","Portland","Trail Blazers","true","false","false","true","false","NBA","7","1.5","standard","false","175130","https://static.prizepicks.com/images/players/NBA/Toumani_Camara_NBA_player_w4urdOprLpBcEquxbAuRRcN.webp","33","Portland","Toumani Camara","F","POR","Trail Blazers","11592202","Single Stat","Single Stat","2828","true","2026-04-24T22:40:00.000-04:00","Free Throws Attempted","30","FTA","pre_game","true",,"2026-04-24T08:13:40.052-04:00"
,"SAS","C4CED4","San Antonio","Spurs","2026-04-01T08:11:00.000-04:00",,"SAS","Full",,"team",,,"false","2026-04-24T22:30:00.000-04:00","scheduled","POR","E03A3E","Portland","Trail Blazers","true","false","false","true","false","NBA","7","1.5","standard","false","175130","https://static.prizepicks.com/images/players/NBA/Toumani_Camara_NBA_player_w4urdOprLpBcEquxbAuRRcN.webp","33","Portland","Toumani Camara","F","POR","Trail Blazers","11592221","Single Stat","Single Stat","2830","true","2026-04-24T22:40:00.000-04:00","Two Pointers Made","1001","2-PT Made","pre_game","true",,"2026-04-24T09:10:43.289-04:00"
,"SAS","C4CED4","San Antonio","Spurs","2026-04-23T22:40:00.000-04:00",,"SAS","Full",,"team",,,"false","2026-04-24T22:30:00.000-04:00","scheduled","POR","E03A3E","Portland","Trail Blazers","true","false","false","true","false","NBA","7","1.5","standard","false","219067","https://static.prizepicks.com/images/players/NBA/Donovan_Clingan_NBA_player_XG0ehs4YvXqgtOiVSoqCpxPg.webp","23","Portland","Donovan Clingan","C","POR","Trail Blazers","11594572","Single Stat","Single Stat","2833","true","2026-04-24T22:40:00.000-04:00","Assists","5","Assists","pre_game","true",,"2026-04-23T23:31:52.259-04:00"
"true","SAS","C4CED4","San Antonio","Spurs","2026-04-01T08:11:00.000-04:00",,"POR","Full",,"team",,,"false","2026-04-24T22:30:00.000-04:00","scheduled","POR","E03A3E","Portland","Trail Blazers","true","false","false","true","false","NBA","7","1.5","standard","false","55140","https://static.prizepicks.com/images/players/NBA/Keldon_Johnson_NBA_player_ytnN6jT7zYkcukGvVWoYp2zk.webp","3","San Antonio","Keldon Johnson","F-G","SAS","Spurs","11594585","Single Stat","Single Stat","2835","true","2026-04-24T22:40:00.000-04:00","Free Throws Made","11","FTM","pre_game","true",,"2026-04-24T08:13:40.052-04:00"
,"SAS","C4CED4","San Antonio","Spurs","2026-04-22T07:13:54.578-04:00",,"POR","Full",,"team",,,"false","2026-04-24T22:30:00.000-04:00","scheduled","POR","E03A3E","Portland","Trail Blazers","true","false","false","true","false","NBA","7","1.5","standard","false","217804","https://static.prizepicks.com/images/players/NBA/Stephon_Castle_NBA_player_3nImU3v39rqjCKdKG1wdfekq.webp","5","San Antonio","Stephon Castle","G","SAS","Spurs","11599176","Single Stat","Single Stat","2847","true","2026-04-24T22:40:00.000-04:00","Blks+Stls","31","Blks+Stls","pre_game","true",,"2026-04-24T09:59:21.264-04:00"
"true","SAS","C4CED4","San Antonio","Spurs","2026-04-23T22:40:00.000-04:00",,"POR","Full",,"team",,,"false","2026-04-24T22:30:00.000-04:00","scheduled","POR","E03A3E","Portland","Trail Blazers","true","false","false","true","false","NBA","7","1.5","standard","false","56347","https://static.prizepicks.com/images/players/NBA/Devin_Vassell_NBA_player_1FsPF0NOGQH4fepI0eeG7MYw.webp","24","San Antonio","Devin Vassell","G-F","SAS","Spurs","11604370","Single Stat","Single Stat","2853","true","2026-04-24T22:40:00.000-04:00","Blks+Stls","31","Blks+Stls","pre_game","true",,"2026-04-24T09:13:44.564-04:00"
"false","SAS","C4CED4","San Antonio","Spurs","2026-04-01T08:11:00.000-04:00",,"POR","Full",,"team",,,"false","2026-04-24T22:30:00.000-04:00","scheduled","POR","E03A3E","Portland","Trail Blazers","true","false","false","true","false","NBA","7","1.5","standard","false","272423","https://static.prizepicks.com/images/players/NBA/Luke_Kornet_NBA_player_NgI81WY3mArg0gBbrlpVIVL7.webp","7","San Antonio","Luke Kornet","C-F","SAS","Spurs","11652545","Single Stat","Single Stat","2884","true","2026-04-24T22:40:00.000-04:00","Dunks","18","Dunks","pre_game","true",,"2026-04-24T10:22:16.961-04:00"
"false","SAS","C4CED4","San Antonio","Spurs","2026-04-01T08:11:00.000-04:00",,"SAS","Full",,"team",,,"false","2026-04-24T22:30:00.000-04:00","scheduled","POR","E03A3E","Portland","Trail Blazers","true","false","false","true","false","NBA","7","1.5","standard","false","174693","https://static.prizepicks.com/images/players/NBA/Robert_Williams_NBA_player_lvHUA9PZ3d4tKnIquKkDtZqe.webp","35","Portland","Robert Williams","C-F","POR","Trail Blazers","11652546","Single Stat","Single Stat","2885","true","2026-04-24T22:40:00.000-04:00","Dunks","18","Dunks","pre_game","true",,"2026-04-24T10:21:17.665-04:00"
"false","SAS","C4CED4","San Antonio","Spurs","2026-04-01T08:11:00.000-04:00",,"POR","Full",,"team",,,"false","2026-04-24T22:30:00.000-04:00","scheduled","POR","E03A3E","Portland","Trail Blazers","true","false","false","true","false","NBA","7","1.5","standard","false","217804","https://static.prizepicks.com/images/players/NBA/Stephon_Castle_NBA_player_3nImU3v39rqjCKdKG1wdfekq.webp","5","San Antonio","Stephon Castle","G","SAS","Spurs","11652723","Single Stat","Single Stat","2886","true","2026-04-24T22:40:00.000-04:00","Offensive Rebounds","7","Offensive Rebounds","pre_game","true",,"2026-04-24T10:55:04.155-04:00"
,"SAS","C4CED4","San Antonio","Spurs","2026-04-01T08:11:00.000-04:00",,"SAS","Full",,"team",,,"false","2026-04-24T22:30:00.000-04:00","scheduled","POR","E03A3E","Portland","Trail Blazers","true","false","false","true","false","NBA","7","0.5","standard","false","219067","https://static.prizepicks.com/images/players/NBA/Donovan_Clingan_NBA_player_XG0ehs4YvXqgtOiVSoqCpxPg.webp","23","Portland","Donovan Clingan","C","POR","Trail Blazers","11592018","Single Stat","Single Stat","2898","true","2026-04-24T22:40:00.000-04:00","Free Throws Made","11","FTM","pre_game","true",,"2026-04-24T11:53:07.559-04:00"
,"SAS","C4CED4","San Antonio","Spurs","2026-04-23T22:40:00.000-04:00",,"SAS","Full",,"team",,,"false","2026-04-24T22:30:00.000-04:00","scheduled","POR","E03A3E","Portland","Trail Blazers","true","false","false","true","false","NBA","7","0.5","standard","false","219067","https://static.prizepicks.com/images/players/NBA/Donovan_Clingan_NBA_player_XG0ehs4YvXqgtOiVSoqCpxPg.webp","23","Portland","Donovan Clingan","C","POR","Trail Blazers","11592031","Single Stat","Single Stat","2899","true","2026-04-24T22:40:00.000-04:00","Steals","24","Steals","pre_game","true",,"2026-04-23T23:31:52.259-04:00"
,"SAS","C4CED4","San Antonio","Spurs","2026-04-01T08:11:00.000-04:00",,"POR","Full",,"team",,,"false","2026-04-24T22:30:00.000-04:00","scheduled","POR","E03A3E","Portland","Trail Blazers","true","false","false","true","false","NBA","7","0.5","standard","false","125266","https://static.prizepicks.com/images/players/NBA/Julian_Champagnie_NBA_player_wWXts7QJavucRoRUsMbfxn9.webp","30","San Antonio","Julian Champagnie","F","SAS","Spurs","11592080","Single Stat","Single Stat","2904","true","2026-04-24T22:40:00.000-04:00","Free Throws Attempted","30","FTA","pre_game","true",,"2026-04-24T08:13:40.052-04:00"
"true","SAS","C4CED4","San Antonio","Spurs","2026-04-23T22:40:00.000-04:00",,"SAS","Full",,"team",,,"false","2026-04-24T22:30:00.000-04:00","scheduled","POR","E03A3E","Portland","Trail Blazers","true","false","false","true","false","NBA","7","0.5","standard","false","123648","https://static.prizepicks.com/images/players/NBA/Matisse_Thybulle_NBA_player_k2ViS3sTRK9b7gOcRXpMQdyd.webp","4","Portland","Matisse Thybulle","G-F","POR","Trail Blazers","11592121","Single Stat","Single Stat","2910","true","2026-04-24T22:40:00.000-04:00","Steals","24","Steals","pre_game","true",,"2026-04-24T09:11:41.057-04:00"
"true","SAS","C4CED4","San Antonio","Spurs","2026-04-01T08:11:00.000-04:00",,"SAS","Full",,"team",,,"false","2026-04-24T22:30:00.000-04:00","scheduled","POR","E03A3E","Portland","Trail Blazers","true","false","false","true","false","NBA","7","0.5","standard","false","175130","https://static.prizepicks.com/images/players/NBA/Toumani_Camara_NBA_player_w4urdOprLpBcEquxbAuRRcN.webp","33","Portland","Toumani Camara","F","POR","Trail Blazers","11592203","Single Stat","Single Stat","2917","true","2026-04-24T22:40:00.000-04:00","Free Throws Made","11","FTM","pre_game","true",,"2026-04-24T11:46:42.322-04:00"
"true","SAS","C4CED4","San Antonio","Spurs","2026-04-23T22:40:00.000-04:00",,"SAS","Full",,"team",,,"false","2026-04-24T22:30:00.000-04:00","scheduled","POR","E03A3E","Portland","Trail Blazers","true","false","false","true","false","NBA","7","0.5","standard","false","216763","https://static.prizepicks.com/images/players/NBA/Deni_Avdija_NBA_player_UseSk8t9hGI1bxQmUCphB6Zd.webp","8","Portland","Deni Avdija","F","POR","Trail Blazers","11599114","Single Stat","Single Stat","2931","true","2026-04-24T22:40:00.000-04:00","Blocked Shots","23","Blocked Shots","pre_game","true",,"2026-04-24T09:11:58.514-04:00"
"false","SAS","C4CED4","San Antonio","Spurs","2026-04-01T08:11:00.000-04:00",,"POR","Full",,"team",,,"false","2026-04-24T22:30:00.000-04:00","scheduled","POR","E03A3E","Portland","Trail Blazers","true","false","false","true","false","NBA","7","0.5","standard","false","217804","https://static.prizepicks.com/images/players/NBA/Stephon_Castle_NBA_player_3nImU3v39rqjCKdKG1wdfekq.webp","5","San Antonio","Stephon Castle","G","SAS","Spurs","11652548","Single Stat","Single Stat","2985","true","2026-04-24T22:40:00.000-04:00","Dunks","18","Dunks","pre_game","true",,"2026-04-24T10:32:32.496-04:00"
"false","SAS","C4CED4","San Antonio","Spurs","2026-04-01T08:11:00.000-04:00",,"POR","Full",,"team",,,"false","2026-04-24T22:30:00.000-04:00","scheduled","POR","E03A3E","Portland","Trail Blazers","true","false","false","true","false","NBA","7","0.5","standard","false","226913","https://static.prizepicks.com/images/players/NBA/De'Aaron_Fox_NBA_player_ey65igBBNutBRz0ibXh85IuZ.webp","4","San Antonio","De'Aaron Fox","G","SAS","Spurs","11652737","Single Stat","Single Stat","2987","true","2026-04-24T22:40:00.000-04:00","Offensive Rebounds","7","Offensive Rebounds","pre_game","true",,"2026-04-24T10:52:14.753-04:00"
"false","SAS","C4CED4","San Antonio","Spurs","2026-04-01T08:11:00.000-04:00",,"POR","Full",,"team",,,"false","2026-04-24T22:30:00.000-04:00","scheduled","POR","E03A3E","Portland","Trail Blazers","true","false","false","true","false","NBA","7","0.5","standard","false","56347","https://static.prizepicks.com/images/players/NBA/Devin_Vassell_NBA_player_1FsPF0NOGQH4fepI0eeG7MYw.webp","24","San Antonio","Devin Vassell","G-F","SAS","Spurs","11652738","Single Stat","Single Stat","2988","true","2026-04-24T22:40:00.000-04:00","Offensive Rebounds","7","Offensive Rebounds","pre_game","true",,"2026-04-24T11:05:33.127-04:00"
"false","SAS","C4CED4","San Antonio","Spurs","2026-04-01T08:11:00.000-04:00",,"POR","Full",,"team",,,"false","2026-04-24T22:30:00.000-04:00","scheduled","POR","E03A3E","Portland","Trail Blazers","true","false","false","true","false","NBA","7","0.5","standard","false","125266","https://static.prizepicks.com/images/players/NBA/Julian_Champagnie_NBA_player_wWXts7QJavucRoRUsMbfxn9.webp","30","San Antonio","Julian Champagnie","F","SAS","Spurs","11652740","Single Stat","Single Stat","2990","true","2026-04-24T22:40:00.000-04:00","Offensive Rebounds","7","Offensive Rebounds","pre_game","true",,"2026-04-24T12:02:31.271-04:00"
"false","SAS","C4CED4","San Antonio","Spurs","2026-04-01T08:11:00.000-04:00",,"SAS","Full",,"team",,,"false","2026-04-24T22:30:00.000-04:00","scheduled","POR","E03A3E","Portland","Trail Blazers","true","false","false","true","false","NBA","7","0.5","standard","false","174235","https://static.prizepicks.com/images/players/NBA/Scoot_Henderson_NBA_player_Krv7T64Nfds9BC2ZV0FnS0TC.webp","00","Portland","Scoot Henderson","G","POR","Trail Blazers","11652741","Single Stat","Single Stat","2991","true","2026-04-24T22:40:00.000-04:00","Offensive Rebounds","7","Offensive Rebounds","pre_game","true",,"2026-04-24T10:55:13.986-04:00"
"false","SAS","C4CED4","San Antonio","Spurs","2026-04-01T08:11:00.000-04:00",,"SAS","Full",,"team",,,"false","2026-04-24T22:30:00.000-04:00","scheduled","POR","E03A3E","Portland","Trail Blazers","true","false","false","true","false","NBA","7","0.5","standard","false","88082","https://static.prizepicks.com/images/players/NBA/Shaedon_Sharpe_NBA_player_1F0N6I3hpZJcfZDO37qOvJJa.webp","17","Portland","Shaedon Sharpe","G","POR","Trail Blazers","11652742","Single Stat","Single Stat","2992","true","2026-04-24T22:40:00.000-04:00","Offensive Rebounds","7","Offensive Rebounds","pre_game","true",,"2026-04-24T10:47:48.441-04:00"
"false","DET","C8102E","Detroit","Pistons","2026-04-01T13:10:00.000-04:00",,"DET/ORL","Full",,"combo",,,"false","2026-04-25T13:00:00.000-04:00","scheduled","ORL","0077C0","Orlando","Magic",,"false","false","true","false","NBA","7","48.5","standard","true","315038","https://static.prizepicks.com/images/players/CMBO_group_qsHqrOL52xcSgdhwre2LjJRX.webp","5 + 2",,"Paolo Banchero + Cade Cunningham","F","ORL/DET","Magic/Pistons","11616221","Single Stat","Single Stat","2997","true","2026-04-25T13:10:00.000-04:00","Points (Combo)","19","Points","pre_game",,,"2026-04-23T10:32:30.317-04:00"
,"DET","C8102E","Detroit","Pistons","2026-04-22T22:17:30.482-04:00",,"ORL","Full",,"team",,,"false","2026-04-25T13:00:00.000-04:00","scheduled","ORL","0077C0","Orlando","Magic",,"false","false","true","false","NBA","7","43.5","standard","false","59107","https://static.prizepicks.com/images/players/NBA/Cade_Cunningham_NBA_player_mq8YRxGgt7Csv81PJK3QsXJu.webp","2","Detroit","Cade Cunningham","G","DET","Pistons","11616306","Single Stat","Single Stat","3001","true","2026-04-25T13:10:00.000-04:00","Pts+Rebs+Asts","1","PRA","pre_game",,,"2026-04-23T00:31:26.053-04:00"
,"DET","C8102E","Detroit","Pistons","2026-04-22T22:17:29.439-04:00",,"ORL","Full",,"team",,,"false","2026-04-25T13:00:00.000-04:00","scheduled","ORL","0077C0","Orlando","Magic",,"false","false","true","false","NBA","7","38.5","standard","false","59107","https://static.prizepicks.com/images/players/NBA/Cade_Cunningham_NBA_player_mq8YRxGgt7Csv81PJK3QsXJu.webp","2","Detroit","Cade Cunningham","G","DET","Pistons","11616297","Single Stat","Single Stat","3010","true","2026-04-25T13:10:00.000-04:00","Pts+Asts","10","Pts+Asts","pre_game",,,"2026-04-23T17:42:59.050-04:00"
"false","DET","C8102E","Detroit","Pistons","2026-04-01T13:10:00.000-04:00",,"DET/ORL","Full",,"combo",,,"false","2026-04-25T13:00:00.000-04:00","scheduled","ORL","0077C0","Orlando","Magic",,"false","false","true","false","NBA","7","36.5","standard","true","315039","https://static.prizepicks.com/images/players/CMBO_group_3KiLh7GjQrMoCHawtVFCDGOb.webp","5 + 0",,"Paolo Banchero + Jalen Duren","F","ORL/DET","Magic/Pistons","11616223","Single Stat","Single Stat","3013","true","2026-04-25T13:10:00.000-04:00","Points (Combo)","19","Points","pre_game",,,"2026-04-23T03:40:22.769-04:00"
"false","DET","C8102E","Detroit","Pistons","2026-04-01T13:10:00.000-04:00",,"DET/ORL","Full",,"combo",,,"false","2026-04-25T13:00:00.000-04:00","scheduled","ORL","0077C0","Orlando","Magic",,"false","false","true","false","NBA","7","36","standard","true","315040","https://static.prizepicks.com/images/players/CMBO_group_6yCwT1a2qnrfxiZW3wRQcfU2.webp","5 + 12",,"Paolo Banchero + Tobias Harris","F","ORL/DET","Magic/Pistons","11616224","Single Stat","Single Stat","3015","true","2026-04-25T13:10:00.000-04:00","Points (Combo)","19","Points","pre_game",,,"2026-04-23T20:08:31.709-04:00"
,"DET","C8102E","Detroit","Pistons","2026-04-22T22:17:30.020-04:00",,"ORL","Full",,"team",,,"false","2026-04-25T13:00:00.000-04:00","scheduled","ORL","0077C0","Orlando","Magic",,"false","false","true","false","NBA","7","34.5","standard","false","59107","https://static.prizepicks.com/images/players/NBA/Cade_Cunningham_NBA_player_mq8YRxGgt7Csv81PJK3QsXJu.webp","2","Detroit","Cade Cunningham","G","DET","Pistons","11616301","Single Stat","Single Stat","3018","true","2026-04-25T13:10:00.000-04:00","Pts+Rebs","18","Pts+Rebs","pre_game",,,"2026-04-23T00:13:13.138-04:00"
,"DET","C8102E","Detroit","Pistons","2026-04-22T22:17:55.517-04:00",,"DET","Full",,"team",,,"false","2026-04-25T13:00:00.000-04:00","scheduled","ORL","0077C0","Orlando","Magic",,"false","false","true","false","NBA","7","33.5","standard","false","188001","https://static.prizepicks.com/images/players/NBA/Paolo_Banchero_NBA_player_cSms4hTTjMfoXUcRKPQkTQDA.webp","5","Orlando","Paolo Banchero","F","ORL","Magic","11616513","Single Stat","Single Stat","3024","true","2026-04-25T13:10:00.000-04:00","Pts+Rebs+Asts","1","PRA","pre_game",,,"2026-04-24T13:35:59.038-04:00"
"false","DET","C8102E","Detroit","Pistons","2026-04-01T13:10:00.000-04:00",,"DET/ORL","Full",,"combo",,,"false","2026-04-25T13:00:00.000-04:00","scheduled","ORL","0077C0","Orlando","Magic",,"false","false","true","false","NBA","7","32.5","standard","true","315036","https://static.prizepicks.com/images/players/CMBO_group_ODwd1rnYRWeP4BbeIOzf4FVy.webp","22 + 0",,"Franz Wagner + Jalen Duren","F","ORL/DET","Magic/Pistons","11616174","Single Stat","Single Stat","3025","true","2026-04-25T13:10:00.000-04:00","Points (Combo)","19","Points","pre_game",,,"2026-04-24T12:09:38.415-04:00"
"false","DET","C8102E","Detroit","Pistons","2026-04-01T13:10:00.000-04:00",,"DET/ORL","Full",,"combo",,,"false","2026-04-25T13:00:00.000-04:00","scheduled","ORL","0077C0","Orlando","Magic",,"false","false","true","false","NBA","7","28.5","standard","true","315041","https://static.prizepicks.com/images/players/CMBO_group_6LISLq7bW6RVxGL551RDfEvP.webp","3 + 55",,"Desmond Bane + Duncan Robinson","G","ORL/DET","Magic/Pistons","11616226","Single Stat","Single Stat","3046","true","2026-04-25T13:10:00.000-04:00","Points (Combo)","19","Points","pre_game",,,"2026-04-23T00:32:26.809-04:00"
,"DET","C8102E","Detroit","Pistons","2026-04-22T22:17:28.935-04:00",,"ORL","Full",,"team",,,"false","2026-04-25T13:00:00.000-04:00","scheduled","ORL","0077C0","Orlando","Magic",,"false","false","true","false","NBA","7","28.5","standard","false","59107","https://static.prizepicks.com/images/players/NBA/Cade_Cunningham_NBA_player_mq8YRxGgt7Csv81PJK3QsXJu.webp","2","Detroit","Cade Cunningham","G","DET","Pistons","11616292","Single Stat","Single Stat","3047","true","2026-04-25T13:10:00.000-04:00","Points","0","Points","pre_game",,,"2026-04-23T18:05:08.944-04:00"
,"DET","C8102E","Detroit","Pistons","2026-04-22T22:17:46.401-04:00",,"ORL","Full",,"team",,,"false","2026-04-25T13:00:00.000-04:00","scheduled","ORL","0077C0","Orlando","Magic",,"false","false","true","false","NBA","7","28.5","standard","false","87848","https://static.prizepicks.com/images/players/NBA/Jalen_Duren_NBA_player_BGtA2SxfIEpqaOA2zn9FJZhp.webp","0","Detroit","Jalen Duren","C","DET","Pistons","11616436","Single Stat","Single Stat","3048","true","2026-04-25T13:10:00.000-04:00","Pts+Rebs+Asts","1","PRA","pre_game",,,"2026-04-22T22:36:07.042-04:00"
,"DET","C8102E","Detroit","Pistons","2026-04-22T22:17:54.974-04:00",,"DET","Full",,"team",,,"false","2026-04-25T13:00:00.000-04:00","scheduled","ORL","0077C0","Orlando","Magic",,"false","false","true","false","NBA","7","28.5","standard","false","188001","https://static.prizepicks.com/images/players/NBA/Paolo_Banchero_NBA_player_cSms4hTTjMfoXUcRKPQkTQDA.webp","5","Orlando","Paolo Banchero","F","ORL","Magic","11616508","Single Stat","Single Stat","3049","true","2026-04-25T13:10:00.000-04:00","Pts+Rebs","18","Pts+Rebs","pre_game",,,"2026-04-23T07:26:19.299-04:00"
,"DET","C8102E","Detroit","Pistons","2026-04-22T22:17:45.955-04:00",,"ORL","Full",,"team",,,"false","2026-04-25T13:00:00.000-04:00","scheduled","ORL","0077C0","Orlando","Magic",,"false","false","true","false","NBA","7","26.5","standard","false","87848","https://static.prizepicks.com/images/players/NBA/Jalen_Duren_NBA_player_BGtA2SxfIEpqaOA2zn9FJZhp.webp","0","Detroit","Jalen Duren","C","DET","Pistons","11616432","Single Stat","Single Stat","3053","true","2026-04-25T13:10:00.000-04:00","Pts+Rebs","18","Pts+Rebs","pre_game",,,"2026-04-23T05:46:58.203-04:00"
,"DET","C8102E","Detroit","Pistons","2026-04-22T22:17:35.275-04:00",,"DET","Full",,"team",,,"false","2026-04-25T13:00:00.000-04:00","scheduled","ORL","0077C0","Orlando","Magic",,"false","false","true","false","NBA","7","25.5","standard","false","271602","https://static.prizepicks.com/images/players/NBA/Desmond_Bane_NBA_player_9SEjqOvpojg4UyUy0gX8SNQS.webp","3","Orlando","Desmond Bane","G","ORL","Magic","11616342","Single Stat","Single Stat","3054","true","2026-04-25T13:10:00.000-04:00","Pts+Rebs+Asts","1","PRA","pre_game",,,"2026-04-23T01:30:39.063-04:00"
,"DET","C8102E","Detroit","Pistons","2026-04-22T22:17:54.505-04:00",,"DET","Full",,"team",,,"false","2026-04-25T13:00:00.000-04:00","scheduled","ORL","0077C0","Orlando","Magic",,"false","false","true","false","NBA","7","25.5","standard","false","188001","https://static.prizepicks.com/images/players/NBA/Paolo_Banchero_NBA_player_cSms4hTTjMfoXUcRKPQkTQDA.webp","5","Orlando","Paolo Banchero","F","ORL","Magic","11616503","Single Stat","Single Stat","3055","true","2026-04-25T13:10:00.000-04:00","Pts+Asts","10","Pts+Asts","pre_game",,,"2026-04-24T10:23:52.195-04:00"
,"DET","C8102E","Detroit","Pistons","2026-04-22T22:17:42.789-04:00",,"DET","Full",,"team",,,"false","2026-04-25T13:00:00.000-04:00","scheduled","ORL","0077C0","Orlando","Magic",,"false","false","true","false","NBA","7","24.5","standard","false","55372","https://static.prizepicks.com/images/players/NBA/Franz_Wagner_NBA_player_ADVHCGrSiQgQ2jmJ9hs3oR7u.webp","22","Orlando","Franz Wagner","F","ORL","Magic","11616405","Single Stat","Single Stat","3072","true","2026-04-25T13:10:00.000-04:00","Pts+Rebs+Asts","1","PRA","pre_game",,,"2026-04-24T11:12:51.273-04:00"
,"DET","C8102E","Detroit","Pistons","2026-04-22T22:17:50.750-04:00",,"DET","Full",,"team",,,"false","2026-04-25T13:00:00.000-04:00","scheduled","ORL","0077C0","Orlando","Magic",,"false","false","true","false","NBA","7","23.5","standard","false","53830","https://static.prizepicks.com/images/players/NBA/Jalen_Suggs_NBA_player_I7jpOaNuORX9n8iyAuZi5K2s.webp","4","Orlando","Jalen Suggs","G","ORL","Magic","11616474","Single Stat","Single Stat","3086","true","2026-04-25T13:10:00.000-04:00","Pts+Rebs+Asts","1","PRA","pre_game",,,"2026-04-23T15:40:25.904-04:00"
,"DET","C8102E","Detroit","Pistons","2026-04-22T22:17:59.677-04:00",,"ORL","Full",,"team",,,"false","2026-04-25T13:00:00.000-04:00","scheduled","ORL","0077C0","Orlando","Magic",,"false","false","true","false","NBA","7","23.5","standard","false","216580","https://static.prizepicks.com/images/players/NBA/Tobias_Harris_NBA_player_tGwMomg94AAFiXYjH5vFThKq.webp","12","Detroit","Tobias Harris","F","DET","Pistons","11616545","Single Stat","Single Stat","3087","true","2026-04-25T13:10:00.000-04:00","Pts+Rebs+Asts","1","PRA","pre_game",,,"2026-04-23T08:54:55.308-04:00"
,"DET","C8102E","Detroit","Pistons","2026-04-22T22:17:34.776-04:00",,"DET","Full",,"team",,,"false","2026-04-25T13:00:00.000-04:00","scheduled","ORL","0077C0","Orlando","Magic",,"false","false","true","false","NBA","7","22","standard","false","271602","https://static.prizepicks.com/images/players/NBA/Desmond_Bane_NBA_player_9SEjqOvpojg4UyUy0gX8SNQS.webp","3","Orlando","Desmond Bane","G","ORL","Magic","11616338","Single Stat","Single Stat","3095","true","2026-04-25T13:10:00.000-04:00","Pts+Rebs","18","Pts+Rebs","pre_game",,,"2026-04-24T13:28:14.992-04:00"
,"DET","C8102E","Detroit","Pistons","2026-04-22T22:17:34.263-04:00",,"DET","Full",,"team",,,"false","2026-04-25T13:00:00.000-04:00","scheduled","ORL","0077C0","Orlando","Magic",,"false","false","true","false","NBA","7","21.5","standard","false","271602","https://static.prizepicks.com/images/players/NBA/Desmond_Bane_NBA_player_9SEjqOvpojg4UyUy0gX8SNQS.webp","3","Orlando","Desmond Bane","G","ORL","Magic","11616334","Single Stat","Single Stat","3097","true","2026-04-25T13:10:00.000-04:00","Pts+Asts","10","Pts+Asts","pre_game",,,"2026-04-23T23:54:16.367-04:00"
,"DET","C8102E","Detroit","Pistons","2026-04-22T22:17:42.438-04:00",,"DET","Full",,"team",,,"false","2026-04-25T13:00:00.000-04:00","scheduled","ORL","0077C0","Orlando","Magic",,"false","false","true","false","NBA","7","21.5","standard","false","55372","https://static.prizepicks.com/images/players/NBA/Franz_Wagner_NBA_player_ADVHCGrSiQgQ2jmJ9hs3oR7u.webp","22","Orlando","Franz Wagner","F","ORL","Magic","11616401","Single Stat","Single Stat","3098","true","2026-04-25T13:10:00.000-04:00","Pts+Rebs","18","Pts+Rebs","pre_game",,,"2026-04-24T11:13:28.147-04:00"
,"DET","C8102E","Detroit","Pistons","2026-04-22T22:17:59.173-04:00",,"ORL","Full",,"team",,,"false","2026-04-25T13:00:00.000-04:00","scheduled","ORL","0077C0","Orlando","Magic",,"false","false","true","false","NBA","7","21.5","standard","false","216580","https://static.prizepicks.com/images/players/NBA/Tobias_Harris_NBA_player_tGwMomg94AAFiXYjH5vFThKq.webp","12","Detroit","Tobias Harris","F","DET","Pistons","11616542","Single Stat","Single Stat","3099","true","2026-04-25T13:10:00.000-04:00","Pts+Rebs","18","Pts+Rebs","pre_game",,,"2026-04-23T06:22:33.240-04:00"
,"DET","C8102E","Detroit","Pistons","2026-04-22T18:41:00.000-04:00",,"ORL","Full",,"team",,,"false","2026-04-25T13:00:00.000-04:00","scheduled","ORL","0077C0","Orlando","Magic",,"false","false","true","false","NBA","7","21.5","standard","false","59107","https://static.prizepicks.com/images/players/NBA/Cade_Cunningham_NBA_player_mq8YRxGgt7Csv81PJK3QsXJu.webp","2","Detroit","Cade Cunningham","G","DET","Pistons","11619275","Single Stat","Single Stat","3100","true","2026-04-25T13:10:00.000-04:00","FG Attempted","12","FG Attempted","pre_game",,,"2026-04-23T18:43:47.841-04:00"
,"DET","C8102E","Detroit","Pistons","2026-04-22T22:17:53.936-04:00",,"DET","Full",,"team",,,"false","2026-04-25T13:00:00.000-04:00","scheduled","ORL","0077C0","Orlando","Magic",,"false","false","true","false","NBA","7","20.5","standard","false","188001","https://static.prizepicks.com/images/players/NBA/Paolo_Banchero_NBA_player_cSms4hTTjMfoXUcRKPQkTQDA.webp","5","Orlando","Paolo Banchero","F","ORL","Magic","11616499","Single Stat","Single Stat","3103","true","2026-04-25T13:10:00.000-04:00","Points","0","Points","pre_game",,,"2026-04-23T07:11:29.881-04:00"
,"DET","C8102E","Detroit","Pistons","2026-04-22T22:17:42.002-04:00",,"DET","Full",,"team",,,"false","2026-04-25T13:00:00.000-04:00","scheduled","ORL","0077C0","Orlando","Magic",,"false","false","true","false","NBA","7","19.5","standard","false","55372","https://static.prizepicks.com/images/players/NBA/Franz_Wagner_NBA_player_ADVHCGrSiQgQ2jmJ9hs3oR7u.webp","22","Orlando","Franz Wagner","F","ORL","Magic","11616398","Single Stat","Single Stat","3119","true","2026-04-25T13:10:00.000-04:00","Pts+Asts","10","Pts+Asts","pre_game",,,"2026-04-24T13:44:08.722-04:00"
,"DET","C8102E","Detroit","Pistons","2026-04-22T22:17:49.859-04:00",,"DET","Full",,"team",,,"false","2026-04-25T13:00:00.000-04:00","scheduled","ORL","0077C0","Orlando","Magic",,"false","false","true","false","NBA","7","19.5","standard","false","53830","https://static.prizepicks.com/images/players/NBA/Jalen_Suggs_NBA_player_I7jpOaNuORX9n8iyAuZi5K2s.webp","4","Orlando","Jalen Suggs","G","ORL","Magic","11616466","Single Stat","Single Stat","3124","true","2026-04-25T13:10:00.000-04:00","Pts+Asts","10","Pts+Asts","pre_game",,,"2026-04-23T15:43:52.933-04:00"
,"DET","C8102E","Detroit","Pistons","2026-04-22T22:18:04.510-04:00",,"DET","Full",,"team",,,"false","2026-04-25T13:00:00.000-04:00","scheduled","ORL","0077C0","Orlando","Magic",,"false","false","true","false","NBA","7","19.5","standard","false","37711","https://static.prizepicks.com/images/players/NBA/Wendell_Carter_NBA_player_D8fHvKLdHu6fJ37Fbvf4voGd.webp","34","Orlando","Wendell Carter","C-F","ORL","Magic","11616575","Single Stat","Single Stat","3133","true","2026-04-25T13:10:00.000-04:00","Pts+Rebs+Asts","1","PRA","pre_game",,,"2026-04-23T04:37:39.211-04:00"
"false","DET","C8102E","Detroit","Pistons","2026-03-31T13:10:00.000-04:00",,"DET/ORL","Full",,"combo",,,"false","2026-04-25T13:00:00.000-04:00","scheduled","ORL","0077C0","Orlando","Magic",,"false","false","true","false","NBA","7","18.5","standard","true","315043","https://static.prizepicks.com/images/players/CMBO_group_kN8W1AkUrjkE7NFfXkK7Y4J2.webp","34 + 0",,"Wendell Carter + Jalen Duren","C-F","ORL/DET","Magic/Pistons","11616229","Single Stat","Single Stat","3140","true","2026-04-25T13:10:00.000-04:00","Rebounds (Combo)","10","Rebounds","pre_game",,,"2026-04-23T22:20:58.350-04:00"
,"DET","C8102E","Detroit","Pistons","2026-04-22T22:17:45.516-04:00",,"ORL","Full",,"team",,,"false","2026-04-25T13:00:00.000-04:00","scheduled","ORL","0077C0","Orlando","Magic",,"false","false","true","false","NBA","7","18.5","standard","false","87848","https://static.prizepicks.com/images/players/NBA/Jalen_Duren_NBA_player_BGtA2SxfIEpqaOA2zn9FJZhp.webp","0","Detroit","Jalen Duren","C","DET","Pistons","11616428","Single Stat","Single Stat","3141","true","2026-04-25T13:10:00.000-04:00","Pts+Asts","10","Pts+Asts","pre_game",,,"2026-04-24T08:49:00.015-04:00"
,"DET","C8102E","Detroit","Pistons","2026-04-22T22:17:50.306-04:00",,"DET","Full",,"team",,,"false","2026-04-25T13:00:00.000-04:00","scheduled","ORL","0077C0","Orlando","Magic",,"false","false","true","false","NBA","7","18.5","standard","false","53830","https://static.prizepicks.com/images/players/NBA/Jalen_Suggs_NBA_player_I7jpOaNuORX9n8iyAuZi5K2s.webp","4","Orlando","Jalen Suggs","G","ORL","Magic","11616470","Single Stat","Single Stat","3142","true","2026-04-25T13:10:00.000-04:00","Pts+Rebs","18","Pts+Rebs","pre_game",,,"2026-04-23T05:43:40.280-04:00"
"false","DET","C8102E","Detroit","Pistons","2026-03-31T13:10:00.000-04:00",,"DET/ORL","Full",,"combo",,,"false","2026-04-25T13:00:00.000-04:00","scheduled","ORL","0077C0","Orlando","Magic",,"false","false","true","false","NBA","7","18","standard","true","315039","https://static.prizepicks.com/images/players/CMBO_group_3KiLh7GjQrMoCHawtVFCDGOb.webp","5 + 0",,"Paolo Banchero + Jalen Duren","F","ORL/DET","Magic/Pistons","11616227","Single Stat","Single Stat","3146","true","2026-04-25T13:10:00.000-04:00","Rebounds (Combo)","10","Rebounds","pre_game",,,"2026-04-23T22:20:58.350-04:00"
,"DET","C8102E","Detroit","Pistons","2026-04-22T22:17:25.485-04:00",,"ORL","Full",,"team",,,"false","2026-04-25T13:00:00.000-04:00","scheduled","ORL","0077C0","Orlando","Magic",,"false","false","true","false","NBA","7","17.5","standard","false","173789","https://static.prizepicks.com/images/players/NBA/Ausar_Thompson_NBA_player_7Obr7GoiKRNtF8Nj1LYUn3gX.webp","9","Detroit","Ausar Thompson","G-F","DET","Pistons","11616265","Single Stat","Single Stat","3147","true","2026-04-25T13:10:00.000-04:00","Pts+Rebs+Asts","1","PRA","pre_game",,,"2026-04-23T06:31:12.699-04:00"
,"DET","C8102E","Detroit","Pistons","2026-04-22T22:17:33.795-04:00",,"DET","Full",,"team",,,"false","2026-04-25T13:00:00.000-04:00","scheduled","ORL","0077C0","Orlando","Magic",,"false","false","true","false","NBA","7","17.5","standard","false","271602","https://static.prizepicks.com/images/players/NBA/Desmond_Bane_NBA_player_9SEjqOvpojg4UyUy0gX8SNQS.webp","3","Orlando","Desmond Bane","G","ORL","Magic","11616330","Single Stat","Single Stat","3149","true","2026-04-25T13:10:00.000-04:00","Points","0","Points","pre_game",,,"2026-04-24T10:37:21.255-04:00"
,"DET","C8102E","Detroit","Pistons","2026-04-22T22:17:41.383-04:00",,"DET","Full",,"team",,,"false","2026-04-25T13:00:00.000-04:00","scheduled","ORL","0077C0","Orlando","Magic",,"false","false","true","false","NBA","7","17.5","standard","false","55372","https://static.prizepicks.com/images/players/NBA/Franz_Wagner_NBA_player_ADVHCGrSiQgQ2jmJ9hs3oR7u.webp","22","Orlando","Franz Wagner","F","ORL","Magic","11616395","Single Stat","Single Stat","3151","true","2026-04-25T13:10:00.000-04:00","Points","0","Points","pre_game",,,"2026-04-24T13:08:08.113-04:00"
,"DET","C8102E","Detroit","Pistons","2026-04-22T22:17:58.693-04:00",,"ORL","Full",,"team",,,"false","2026-04-25T13:00:00.000-04:00","scheduled","ORL","0077C0","Orlando","Magic",,"false","false","true","false","NBA","7","17.5","standard","false","216580","https://static.prizepicks.com/images/players/NBA/Tobias_Harris_NBA_player_tGwMomg94AAFiXYjH5vFThKq.webp","12","Detroit","Tobias Harris","F","DET","Pistons","11616538","Single Stat","Single Stat","3158","true","2026-04-25T13:10:00.000-04:00","Pts+Asts","10","Pts+Asts","pre_game",,,"2026-04-24T12:52:07.102-04:00"
,"DET","C8102E","Detroit","Pistons","2026-04-22T22:18:04.014-04:00",,"DET","Full",,"team",,,"false","2026-04-25T13:00:00.000-04:00","scheduled","ORL","0077C0","Orlando","Magic",,"false","false","true","false","NBA","7","17.5","standard","false","37711","https://static.prizepicks.com/images/players/NBA/Wendell_Carter_NBA_player_D8fHvKLdHu6fJ37Fbvf4voGd.webp","34","Orlando","Wendell Carter","C-F","ORL","Magic","11616573","Single Stat","Single Stat","3159","true","2026-04-25T13:10:00.000-04:00","Pts+Rebs","18","Pts+Rebs","pre_game",,,"2026-04-23T23:33:46.830-04:00"
,"DET","C8102E","Detroit","Pistons","2026-04-22T22:17:39.514-04:00",,"ORL","Full",,"team",,,"false","2026-04-25T13:00:00.000-04:00","scheduled","ORL","0077C0","Orlando","Magic",,"false","false","true","false","NBA","7","15.5","standard","false","272048","https://static.prizepicks.com/images/players/NBA/Duncan_Robinson_NBA_player_xpPTHBlF6nW6owrrx6sg4Hes.webp","55","Detroit","Duncan Robinson","F","DET","Pistons","11616378","Single Stat","Single Stat","3170","true","2026-04-25T13:10:00.000-04:00","Pts+Rebs+Asts","1","PRA","pre_game",,,"2026-04-23T16:36:38.942-04:00"
,"DET","C8102E","Detroit","Pistons","2026-04-22T22:17:44.896-04:00",,"ORL","Full",,"team",,,"false","2026-04-25T13:00:00.000-04:00","scheduled","ORL","0077C0","Orlando","Magic",,"false","false","true","false","NBA","7","15.5","standard","false","87848","https://static.prizepicks.com/images/players/NBA/Jalen_Duren_NBA_player_BGtA2SxfIEpqaOA2zn9FJZhp.webp","0","Detroit","Jalen Duren","C","DET","Pistons","11616424","Single Stat","Single Stat","3171","true","2026-04-25T13:10:00.000-04:00","Points","0","Points","pre_game",,,"2026-04-23T04:09:37.110-04:00"
,"DET","C8102E","Detroit","Pistons","2026-04-22T22:17:58.185-04:00",,"ORL","Full",,"team",,,"false","2026-04-25T13:00:00.000-04:00","scheduled","ORL","0077C0","Orlando","Magic",,"false","false","true","false","NBA","7","15.5","standard","false","216580","https://static.prizepicks.com/images/players/NBA/Tobias_Harris_NBA_player_tGwMomg94AAFiXYjH5vFThKq.webp","12","Detroit","Tobias Harris","F","DET","Pistons","11616534","Single Stat","Single Stat","3173","true","2026-04-25T13:10:00.000-04:00","Points","0","Points","pre_game",,,"2026-04-22T23:33:40.675-04:00"
,"DET","C8102E","Detroit","Pistons","2026-04-22T18:41:00.000-04:00",,"ORL","Full",,"team",,,"false","2026-04-25T13:00:00.000-04:00","scheduled","ORL","0077C0","Orlando","Magic",,"false","false","true","false","NBA","7","15.5","standard","false","59107","https://static.prizepicks.com/images/players/NBA/Cade_Cunningham_NBA_player_mq8YRxGgt7Csv81PJK3QsXJu.webp","2","Detroit","Cade Cunningham","G","DET","Pistons","11619282","Single Stat","Single Stat","3174","true","2026-04-25T13:10:00.000-04:00","Two Pointers Attempted","1000","2-PT Att","pre_game",,,"2026-04-23T19:03:05.873-04:00"
,"DET","C8102E","Detroit","Pistons","2026-04-22T18:41:00.000-04:00",,"DET","Full",,"team",,,"false","2026-04-25T13:00:00.000-04:00","scheduled","ORL","0077C0","Orlando","Magic",,"false","false","true","false","NBA","7","15.5","standard","false","188001","https://static.prizepicks.com/images/players/NBA/Paolo_Banchero_NBA_player_cSms4hTTjMfoXUcRKPQkTQDA.webp","5","Orlando","Paolo Banchero","F","ORL","Magic","11629370","Single Stat","Single Stat","3178","true","2026-04-25T13:10:00.000-04:00","FG Attempted","12","FG Attempted","pre_game",,,"2026-04-24T12:43:06.554-04:00"
,"DET","C8102E","Detroit","Pistons","2026-04-22T22:17:31.701-04:00",,"ORL","Full",,"team",,,"false","2026-04-25T13:00:00.000-04:00","scheduled","ORL","0077C0","Orlando","Magic",,"false","false","true","false","NBA","7","15","standard","false","59107","https://static.prizepicks.com/images/players/NBA/Cade_Cunningham_NBA_player_mq8YRxGgt7Csv81PJK3QsXJu.webp","2","Detroit","Cade Cunningham","G","DET","Pistons","11616316","Single Stat","Single Stat","3179","true","2026-04-25T13:10:00.000-04:00","Rebs+Asts","7","Rebs+Asts","pre_game",,,"2026-04-23T12:19:38.409-04:00"
,"DET","C8102E","Detroit","Pistons","2026-04-22T22:17:25.164-04:00",,"ORL","Full",,"team",,,"false","2026-04-25T13:00:00.000-04:00","scheduled","ORL","0077C0","Orlando","Magic",,"false","false","true","false","NBA","7","14.5","standard","false","173789","https://static.prizepicks.com/images/players/NBA/Ausar_Thompson_NBA_player_7Obr7GoiKRNtF8Nj1LYUn3gX.webp","9","Detroit","Ausar Thompson","G-F","DET","Pistons","11616261","Single Stat","Single Stat","3182","true","2026-04-25T13:10:00.000-04:00","Pts+Rebs","18","Pts+Rebs","pre_game",,,"2026-04-23T05:46:58.246-04:00"
,"DET","C8102E","Detroit","Pistons","2026-04-22T22:17:49.253-04:00",,"DET","Full",,"team",,,"false","2026-04-25T13:00:00.000-04:00","scheduled","ORL","0077C0","Orlando","Magic",,"false","false","true","false","NBA","7","14.5","standard","false","53830","https://static.prizepicks.com/images/players/NBA/Jalen_Suggs_NBA_player_I7jpOaNuORX9n8iyAuZi5K2s.webp","4","Orlando","Jalen Suggs","G","ORL","Magic","11616462","Single Stat","Single Stat","3192","true","2026-04-25T13:10:00.000-04:00","Points","0","Points","pre_game",,,"2026-04-24T00:26:53.171-04:00"
"false","DET","C8102E","Detroit","Pistons","2026-04-23T06:16:31.382-04:00",,"DET","Full",,"team",,,"false","2026-04-25T13:00:00.000-04:00","scheduled","ORL","0077C0","Orlando","Magic",,"false","false","true","false","NBA","7","14.5","standard","false","173641","https://static.prizepicks.com/images/players/NBA/Anthony_Black_NBA_player_suwF3Oh8vV0aS9mPHjiv2L8n.webp","0","Orlando","Anthony Black","G","ORL","Magic","11623314","Single Stat","Single Stat","3201","true","2026-04-25T13:10:00.000-04:00","Pts+Rebs+Asts","1","PRA","pre_game",,,"2026-04-24T07:22:58.470-04:00"
"false","DET","C8102E","Detroit","Pistons","2026-03-31T13:10:00.000-04:00",,"DET/ORL","Full",,"combo",,,"false","2026-04-25T13:00:00.000-04:00","scheduled","ORL","0077C0","Orlando","Magic",,"false","false","true","false","NBA","7","13.5","standard","true","315044","https://static.prizepicks.com/images/players/CMBO_group_doWOOQlSz3g9mDy2P0lKjsa4.webp","34 + 12",,"Wendell Carter + Tobias Harris","C-F","ORL/DET","Magic/Pistons","11616230","Single Stat","Single Stat","3209","true","2026-04-25T13:10:00.000-04:00","Rebounds (Combo)","10","Rebounds","pre_game",,,"2026-04-23T22:20:58.350-04:00"
"false","DET","C8102E","Detroit","Pistons","2026-03-31T13:10:00.000-04:00",,"DET/ORL","Full",,"combo",,,"false","2026-04-25T13:00:00.000-04:00","scheduled","ORL","0077C0","Orlando","Magic",,"false","false","true","false","NBA","7","13.5","standard","true","315040","https://static.prizepicks.com/images/players/CMBO_group_6yCwT1a2qnrfxiZW3wRQcfU2.webp","5 + 12",,"Paolo Banchero + Tobias Harris","F","ORL/DET","Magic/Pistons","11616231","Single Stat","Single Stat","3210","true","2026-04-25T13:10:00.000-04:00","Rebounds (Combo)","10","Rebounds","pre_game",,,"2026-04-23T22:20:58.350-04:00"
,"DET","C8102E","Detroit","Pistons","2026-04-22T18:41:00.000-04:00",,"DET","Full",,"team",,,"false","2026-04-25T13:00:00.000-04:00","scheduled","ORL","0077C0","Orlando","Magic",,"false","false","true","false","NBA","7","13.5","standard","false","55372","https://static.prizepicks.com/images/players/NBA/Franz_Wagner_NBA_player_ADVHCGrSiQgQ2jmJ9hs3oR7u.webp","22","Orlando","Franz Wagner","F","ORL","Magic","11619307","Single Stat","Single Stat","3217","true","2026-04-25T13:10:00.000-04:00","FG Attempted","12","FG Attempted","pre_game",,,"2026-04-23T18:43:47.841-04:00"
"false","DET","C8102E","Detroit","Pistons","2026-04-01T13:10:00.000-04:00",,"ORL/DET","Full",,"combo",,,"false","2026-04-25T13:00:00.000-04:00","scheduled","ORL","0077C0","Orlando","Magic",,"false","false","true","false","NBA","7","13.5","standard","true","314630","https://static.prizepicks.com/images/players/CMBO_group_49F5bHdPD2guzwV9KJHwf9Xx.webp","9 + 5",,"Ausar Thompson + Paolo Banchero","G-F","DET/ORL","Pistons/Magic","11639290","Single Stat","Single Stat","3222","true","2026-04-25T13:10:00.000-04:00","Rebounds (Combo)","10","Rebounds","pre_game",,,"2026-04-24T00:11:32.647-04:00"
"false","DET","C8102E","Detroit","Pistons","2026-04-01T13:10:00.000-04:00",,"ORL/DET","Full",,"combo",,,"false","2026-04-25T13:00:00.000-04:00","scheduled","ORL","0077C0","Orlando","Magic",,"false","false","true","false","NBA","7","13.5","standard","true","315231","https://static.prizepicks.com/images/players/CMBO_group_4EwZUf8YMBG5zZuOSJn0jSFg.webp","9 + 34",,"Ausar Thompson + Wendell Carter","G-F","DET/ORL","Pistons/Magic","11639292","Single Stat","Single Stat","3223","true","2026-04-25T13:10:00.000-04:00","Rebounds (Combo)","10","Rebounds","pre_game",,,"2026-04-23T22:21:03.499-04:00"
,"DET","C8102E","Detroit","Pistons","2026-04-22T22:17:39.037-04:00",,"ORL","Full",,"team",,,"false","2026-04-25T13:00:00.000-04:00","scheduled","ORL","0077C0","Orlando","Magic",,"false","false","true","false","NBA","7","13","standard","false","272048","https://static.prizepicks.com/images/players/NBA/Duncan_Robinson_NBA_player_xpPTHBlF6nW6owrrx6sg4Hes.webp","55","Detroit","Duncan Robinson","F","DET","Pistons","11616374","Single Stat","Single Stat","3224","true","2026-04-25T13:10:00.000-04:00","Pts+Rebs","18","Pts+Rebs","pre_game",,,"2026-04-23T10:58:08.430-04:00"
,"DET","C8102E","Detroit","Pistons","2026-04-22T22:17:38.595-04:00",,"ORL","Full",,"team",,,"false","2026-04-25T13:00:00.000-04:00","scheduled","ORL","0077C0","Orlando","Magic",,"false","false","true","false","NBA","7","12.5","standard","false","272048","https://static.prizepicks.com/images/players/NBA/Duncan_Robinson_NBA_player_xpPTHBlF6nW6owrrx6sg4Hes.webp","55","Detroit","Duncan Robinson","F","DET","Pistons","11616370","Single Stat","Single Stat","3226","true","2026-04-25T13:10:00.000-04:00","Pts+Asts","10","Pts+Asts","pre_game",,,"2026-04-22T23:47:44.864-04:00"
,"DET","C8102E","Detroit","Pistons","2026-04-22T22:17:47.554-04:00",,"ORL","Full",,"team",,,"false","2026-04-25T13:00:00.000-04:00","scheduled","ORL","0077C0","Orlando","Magic",,"false","false","true","false","NBA","7","12.5","standard","false","87848","https://static.prizepicks.com/images/players/NBA/Jalen_Duren_NBA_player_BGtA2SxfIEpqaOA2zn9FJZhp.webp","0","Detroit","Jalen Duren","C","DET","Pistons","11616446","Single Stat","Single Stat","3228","true","2026-04-25T13:10:00.000-04:00","Rebs+Asts","7","Rebs+Asts","pre_game",,,"2026-04-23T05:46:40.059-04:00"
,"DET","C8102E","Detroit","Pistons","2026-04-22T18:41:00.000-04:00",,"ORL","Full",,"team",,,"false","2026-04-25T13:00:00.000-04:00","scheduled","ORL","0077C0","Orlando","Magic",,"false","false","true","false","NBA","7","12.5","standard","false","216580","https://static.prizepicks.com/images/players/NBA/Tobias_Harris_NBA_player_tGwMomg94AAFiXYjH5vFThKq.webp","12","Detroit","Tobias Harris","F","DET","Pistons","11619364","Single Stat","Single Stat","3230","true","2026-04-25T13:10:00.000-04:00","FG Attempted","12","FG Attempted","pre_game",,,"2026-04-23T18:43:47.841-04:00"
,"DET","C8102E","Detroit","Pistons","2026-04-22T22:17:24.694-04:00",,"ORL","Full",,"team",,,"false","2026-04-25T13:00:00.000-04:00","scheduled","ORL","0077C0","Orlando","Magic",,"false","false","true","false","NBA","7","11.5","standard","false","173789","https://static.prizepicks.com/images/players/NBA/Ausar_Thompson_NBA_player_7Obr7GoiKRNtF8Nj1LYUn3gX.webp","9","Detroit","Ausar Thompson","G-F","DET","Pistons","11616259","Single Stat","Single Stat","3239","true","2026-04-25T13:10:00.000-04:00","Pts+Asts","10","Pts+Asts","pre_game",,,"2026-04-23T02:42:28.083-04:00"
,"DET","C8102E","Detroit","Pistons","2026-04-22T22:18:03.411-04:00",,"DET","Full",,"team",,,"false","2026-04-25T13:00:00.000-04:00","scheduled","ORL","0077C0","Orlando","Magic",,"false","false","true","false","NBA","7","11.5","standard","false","37711","https://static.prizepicks.com/images/players/NBA/Wendell_Carter_NBA_player_D8fHvKLdHu6fJ37Fbvf4voGd.webp","34","Orlando","Wendell Carter","C-F","ORL","Magic","11616569","Single Stat","Single Stat","3256","true","2026-04-25T13:10:00.000-04:00","Pts+Asts","10","Pts+Asts","pre_game",,,"2026-04-23T22:53:10.152-04:00"
,"DET","C8102E","Detroit","Pistons","2026-04-23T06:16:31.197-04:00",,"DET","Full",,"team",,,"false","2026-04-25T13:00:00.000-04:00","scheduled","ORL","0077C0","Orlando","Magic",,"false","false","true","false","NBA","7","11.5","standard","false","173641","https://static.prizepicks.com/images/players/NBA/Anthony_Black_NBA_player_suwF3Oh8vV0aS9mPHjiv2L8n.webp","0","Orlando","Anthony Black","G","ORL","Magic","11623312","Single Stat","Single Stat","3262","true","2026-04-25T13:10:00.000-04:00","Pts+Rebs","18","Pts+Rebs","pre_game",,,"2026-04-23T23:46:25.331-04:00"
,"DET","C8102E","Detroit","Pistons","2026-04-23T10:38:56.325-04:00",,"DET","Full",,"team",,,"false","2026-04-25T13:00:00.000-04:00","scheduled","ORL","0077C0","Orlando","Magic",,"false","false","true","false","NBA","7","11.5","standard","false","173641","https://static.prizepicks.com/images/players/NBA/Anthony_Black_NBA_player_suwF3Oh8vV0aS9mPHjiv2L8n.webp","0","Orlando","Anthony Black","G","ORL","Magic","11626720","Single Stat","Single Stat","3264","true","2026-04-25T13:10:00.000-04:00","Pts+Asts","10","Pts+Asts","pre_game",,,"2026-04-23T16:25:13.314-04:00"
,"DET","C8102E","Detroit","Pistons","2026-04-22T22:17:37.956-04:00",,"ORL","Full",,"team",,,"false","2026-04-25T13:00:00.000-04:00","scheduled","ORL","0077C0","Orlando","Magic",,"false","false","true","false","NBA","7","10.5","standard","false","272048","https://static.prizepicks.com/images/players/NBA/Duncan_Robinson_NBA_player_xpPTHBlF6nW6owrrx6sg4Hes.webp","55","Detroit","Duncan Robinson","F","DET","Pistons","11616366","Single Stat","Single Stat","3269","true","2026-04-25T13:10:00.000-04:00","Points","0","Points","pre_game",,,"2026-04-22T22:27:41.731-04:00"
,"DET","C8102E","Detroit","Pistons","2026-04-23T00:43:14.043-04:00",,"ORL","Full",,"team",,,"false","2026-04-25T13:00:00.000-04:00","scheduled","ORL","0077C0","Orlando","Magic",,"false","false","true","false","NBA","7","10.5","standard","false","25434","https://static.prizepicks.com/images/players/NBA/Isaiah_Stewart_NBA_player_vVK9YzYuWHcYN8tpyWcsbn5B.webp","28","Detroit","Isaiah Stewart","F-C","DET","Pistons","11619330","Single Stat","Single Stat","3273","true","2026-04-25T13:10:00.000-04:00","Pts+Rebs","18","Pts+Rebs","pre_game",,,"2026-04-24T08:44:51.241-04:00"
,"DET","C8102E","Detroit","Pistons","2026-04-23T09:07:19.508-04:00",,"ORL","Full",,"team",,,"false","2026-04-25T13:00:00.000-04:00","scheduled","ORL","0077C0","Orlando","Magic",,"false","false","true","false","NBA","7","10.5","standard","false","25434","https://static.prizepicks.com/images/players/NBA/Isaiah_Stewart_NBA_player_vVK9YzYuWHcYN8tpyWcsbn5B.webp","28","Detroit","Isaiah Stewart","F-C","DET","Pistons","11625368","Single Stat","Single Stat","3284","true","2026-04-25T13:10:00.000-04:00","Pts+Rebs+Asts","1","PRA","pre_game",,,"2026-04-23T15:41:43.976-04:00"
,"DET","C8102E","Detroit","Pistons","2026-04-24T14:04:25.921-04:00",,"ORL","Full",,"team",,,"false","2026-04-25T13:00:00.000-04:00","scheduled","ORL","0077C0","Orlando","Magic",,"false","false","true","false","NBA","7","10.5","standard","false","279579","https://static.prizepicks.com/images/players/NBA/Daniss_Jenkins_NBA_player_gomI5shGs9qQrrpbBB8lXZ43.webp","24","Detroit","Daniss Jenkins","G","DET","Pistons","11655531","Single Stat","Single Stat","3288","true","2026-04-25T13:10:00.000-04:00","Pts+Rebs+Asts","1","PRA","pre_game",,,"2026-04-24T14:09:27.999-04:00"
"false","DET","C8102E","Detroit","Pistons","2026-04-22T22:29:28.595-04:00",,"ORL","Full",,"team",,,"false","2026-04-25T13:00:00.000-04:00","scheduled","ORL","0077C0","Orlando","Magic",,"false","false","true","false","NBA","7","10","standard","false","87848","https://static.prizepicks.com/images/players/NBA/Jalen_Duren_NBA_player_BGtA2SxfIEpqaOA2zn9FJZhp.webp","0","Detroit","Jalen Duren","C","DET","Pistons","11616691","Single Stat","Single Stat","3289","true","2026-04-25T13:10:00.000-04:00","Rebounds","2","Rebounds","pre_game",,,"2026-04-23T07:16:10.252-04:00"
,"DET","C8102E","Detroit","Pistons","2026-04-22T22:17:27.904-04:00",,"ORL","Full",,"team",,,"false","2026-04-25T13:00:00.000-04:00","scheduled","ORL","0077C0","Orlando","Magic",,"false","false","true","false","NBA","7","9.5","standard","false","59107","https://static.prizepicks.com/images/players/NBA/Cade_Cunningham_NBA_player_mq8YRxGgt7Csv81PJK3QsXJu.webp","2","Detroit","Cade Cunningham","G","DET","Pistons","11616286","Single Stat","Single Stat","3292","true","2026-04-25T13:10:00.000-04:00","Assists","5","Assists","pre_game",,,"2026-04-22T22:52:21.303-04:00"
,"DET","C8102E","Detroit","Pistons","2026-04-22T22:18:02.865-04:00",,"DET","Full",,"team",,,"false","2026-04-25T13:00:00.000-04:00","scheduled","ORL","0077C0","Orlando","Magic",,"false","false","true","false","NBA","7","9.5","standard","false","37711","https://static.prizepicks.com/images/players/NBA/Wendell_Carter_NBA_player_D8fHvKLdHu6fJ37Fbvf4voGd.webp","34","Orlando","Wendell Carter","C-F","ORL","Magic","11616565","Single Stat","Single Stat","3303","true","2026-04-25T13:10:00.000-04:00","Points","0","Points","pre_game",,,"2026-04-23T07:23:24.946-04:00"
"true","DET","C8102E","Detroit","Pistons","2026-04-22T18:41:00.000-04:00",,"ORL","Full",,"team",,,"false","2026-04-25T13:00:00.000-04:00","scheduled","ORL","0077C0","Orlando","Magic",,"false","false","true","false","NBA","7","9.5","standard","false","87848","https://static.prizepicks.com/images/players/NBA/Jalen_Duren_NBA_player_BGtA2SxfIEpqaOA2zn9FJZhp.webp","0","Detroit","Jalen Duren","C","DET","Pistons","11627286","Single Stat","Single Stat","3308","true","2026-04-25T13:10:00.000-04:00","Two Pointers Attempted","1000","2-PT Att","pre_game",,,"2026-04-24T11:26:27.133-04:00"
,"DET","C8102E","Detroit","Pistons","2026-04-22T22:17:24.174-04:00",,"ORL","Full",,"team",,,"false","2026-04-25T13:00:00.000-04:00","scheduled","ORL","0077C0","Orlando","Magic",,"false","false","true","false","NBA","7","8.5","standard","false","173789","https://static.prizepicks.com/images/players/NBA/Ausar_Thompson_NBA_player_7Obr7GoiKRNtF8Nj1LYUn3gX.webp","9","Detroit","Ausar Thompson","G-F","DET","Pistons","11616255","Single Stat","Single Stat","3318","true","2026-04-25T13:10:00.000-04:00","Points","0","Points","pre_game",,,"2026-04-23T17:40:12.590-04:00"
,"DET","C8102E","Detroit","Pistons","2026-04-22T22:17:26.556-04:00",,"ORL","Full",,"team",,,"false","2026-04-25T13:00:00.000-04:00","scheduled","ORL","0077C0","Orlando","Magic",,"false","false","true","false","NBA","7","8.5","standard","false","173789","https://static.prizepicks.com/images/players/NBA/Ausar_Thompson_NBA_player_7Obr7GoiKRNtF8Nj1LYUn3gX.webp","9","Detroit","Ausar Thompson","G-F","DET","Pistons","11616274","Single Stat","Single Stat","3320","true","2026-04-25T13:10:00.000-04:00","Rebs+Asts","7","Rebs+Asts","pre_game",,,"2026-04-22T22:43:02.089-04:00"
,"DET","C8102E","Detroit","Pistons","2026-04-22T18:41:00.000-04:00",,"ORL","Full",,"team",,,"false","2026-04-25T13:00:00.000-04:00","scheduled","ORL","0077C0","Orlando","Magic",,"false","false","true","false","NBA","7","8.5","standard","false","272048","https://static.prizepicks.com/images/players/NBA/Duncan_Robinson_NBA_player_xpPTHBlF6nW6owrrx6sg4Hes.webp","55","Detroit","Duncan Robinson","F","DET","Pistons","11619297","Single Stat","Single Stat","3331","true","2026-04-25T13:10:00.000-04:00","FG Attempted","12","FG Attempted","pre_game",,,"2026-04-23T18:43:47.841-04:00"
,"DET","C8102E","Detroit","Pistons","2026-04-23T06:16:30.660-04:00",,"DET","Full",,"team",,,"false","2026-04-25T13:00:00.000-04:00","scheduled","ORL","0077C0","Orlando","Magic",,"false","false","true","false","NBA","7","8.5","standard","false","173641","https://static.prizepicks.com/images/players/NBA/Anthony_Black_NBA_player_suwF3Oh8vV0aS9mPHjiv2L8n.webp","0","Orlando","Anthony Black","G","ORL","Magic","11623308","Single Stat","Single Stat","3335","true","2026-04-25T13:10:00.000-04:00","Points","0","Points","pre_game",,,"2026-04-23T06:41:02.142-04:00"
,"DET","C8102E","Detroit","Pistons","2026-04-22T18:41:00.000-04:00",,"ORL","Full",,"team",,,"false","2026-04-25T13:00:00.000-04:00","scheduled","ORL","0077C0","Orlando","Magic",,"false","false","true","false","NBA","7","8.5","standard","false","216580","https://static.prizepicks.com/images/players/NBA/Tobias_Harris_NBA_player_tGwMomg94AAFiXYjH5vFThKq.webp","12","Detroit","Tobias Harris","F","DET","Pistons","11626726","Single Stat","Single Stat","3336","true","2026-04-25T13:10:00.000-04:00","Two Pointers Attempted","1000","2-PT Att","pre_game",,,"2026-04-24T02:41:04.782-04:00"
,"DET","C8102E","Detroit","Pistons","2026-04-24T14:04:25.529-04:00",,"ORL","Full",,"team",,,"false","2026-04-25T13:00:00.000-04:00","scheduled","ORL","0077C0","Orlando","Magic",,"false","false","true","false","NBA","7","8.5","standard","false","279579","https://static.prizepicks.com/images/players/NBA/Daniss_Jenkins_NBA_player_gomI5shGs9qQrrpbBB8lXZ43.webp","24","Detroit","Daniss Jenkins","G","DET","Pistons","11655529","Single Stat","Single Stat","3338","true","2026-04-25T13:10:00.000-04:00","Pts+Asts","10","Pts+Asts","pre_game",,,"2026-04-24T14:02:25.602-04:00"
,"DET","C8102E","Detroit","Pistons","2026-04-24T14:04:25.712-04:00",,"ORL","Full",,"team",,,"false","2026-04-25T13:00:00.000-04:00","scheduled","ORL","0077C0","Orlando","Magic",,"false","false","true","false","NBA","7","8.5","standard","false","279579","https://static.prizepicks.com/images/players/NBA/Daniss_Jenkins_NBA_player_gomI5shGs9qQrrpbBB8lXZ43.webp","24","Detroit","Daniss Jenkins","G","DET","Pistons","11655530","Single Stat","Single Stat","3339","true","2026-04-25T13:10:00.000-04:00","Pts+Rebs","18","Pts+Rebs","pre_game",,,"2026-04-24T14:02:25.796-04:00"
,"DET","C8102E","Detroit","Pistons","2026-04-24T14:04:31.046-04:00",,"DET","Full",,"team",,,"false","2026-04-25T13:00:00.000-04:00","scheduled","ORL","0077C0","Orlando","Magic",,"false","false","true","false","NBA","7","8.5","standard","false","123625","https://static.prizepicks.com/images/players/NBA/Goga_Bitadze_NBA_player_Ej24u8c1QhOmZW7EZl6PpG1e.webp","35","Orlando","Goga Bitadze","C-F","ORL","Magic","11655557","Single Stat","Single Stat","3341","true","2026-04-25T13:10:00.000-04:00","Pts+Rebs+Asts","1","PRA","pre_game",,,"2026-04-24T14:10:46.937-04:00"
"true","DET","C8102E","Detroit","Pistons","2026-04-22T22:18:00.611-04:00",,"ORL","Full",,"team",,,"false","2026-04-25T13:00:00.000-04:00","scheduled","ORL","0077C0","Orlando","Magic",,"false","false","true","false","NBA","7","8","standard","false","216580","https://static.prizepicks.com/images/players/NBA/Tobias_Harris_NBA_player_tGwMomg94AAFiXYjH5vFThKq.webp","12","Detroit","Tobias Harris","F","DET","Pistons","11616550","Single Stat","Single Stat","3342","true","2026-04-25T13:10:00.000-04:00","Rebs+Asts","7","Rebs+Asts","pre_game",,,"2026-04-24T07:30:07.499-04:00"
"false","DET","C8102E","Detroit","Pistons","2026-04-23T19:10:00.000-04:00",,"DET","Full",,"team",,,"false","2026-04-25T13:00:00.000-04:00","scheduled","ORL","0077C0","Orlando","Magic",,"false","false","true","false","NBA","7","8","standard","false","188001","https://static.prizepicks.com/images/players/NBA/Paolo_Banchero_NBA_player_cSms4hTTjMfoXUcRKPQkTQDA.webp","5","Orlando","Paolo Banchero","F","ORL","Magic","11635076","Single Stat","Single Stat","3343","true","2026-04-25T13:10:00.000-04:00","Rebounds","2","Rebounds","pre_game",,,"2026-04-23T21:30:20.230-04:00"
,"DET","C8102E","Detroit","Pistons","2026-04-22T22:17:36.328-04:00",,"DET","Full",,"team",,,"false","2026-04-25T13:00:00.000-04:00","scheduled","ORL","0077C0","Orlando","Magic",,"false","false","true","false","NBA","7","7.5","standard","false","271602","https://static.prizepicks.com/images/players/NBA/Desmond_Bane_NBA_player_9SEjqOvpojg4UyUy0gX8SNQS.webp","3","Orlando","Desmond Bane","G","ORL","Magic","11616350","Single Stat","Single Stat","3349","true","2026-04-25T13:10:00.000-04:00","Rebs+Asts","7","Rebs+Asts","pre_game",,,"2026-04-23T02:41:51.811-04:00"
,"DET","C8102E","Detroit","Pistons","2026-04-22T18:41:00.000-04:00",,"ORL","Full",,"team",,,"false","2026-04-25T13:00:00.000-04:00","scheduled","ORL","0077C0","Orlando","Magic",,"false","false","true","false","NBA","7","7.5","standard","false","59107","https://static.prizepicks.com/images/players/NBA/Cade_Cunningham_NBA_player_mq8YRxGgt7Csv81PJK3QsXJu.webp","2","Detroit","Cade Cunningham","G","DET","Pistons","11619277","Single Stat","Single Stat","3360","true","2026-04-25T13:10:00.000-04:00","Free Throws Attempted","30","FTA","pre_game",,,"2026-04-24T13:21:05.948-04:00"
,"DET","C8102E","Detroit","Pistons","2026-04-22T18:41:00.000-04:00",,"ORL","Full",,"team",,,"false","2026-04-25T13:00:00.000-04:00","scheduled","ORL","0077C0","Orlando","Magic",,"false","false","true","false","NBA","7","7.5","standard","false","59107","https://static.prizepicks.com/images/players/NBA/Cade_Cunningham_NBA_player_mq8YRxGgt7Csv81PJK3QsXJu.webp","2","Detroit","Cade Cunningham","G","DET","Pistons","11619283","Single Stat","Single Stat","3361","true","2026-04-25T13:10:00.000-04:00","Two Pointers Made","1001","2-PT Made","pre_game",,,"2026-04-23T18:43:28.627-04:00"
,"DET","C8102E","Detroit","Pistons","2026-04-22T18:41:00.000-04:00",,"DET","Full",,"team",,,"false","2026-04-25T13:00:00.000-04:00","scheduled","ORL","0077C0","Orlando","Magic",,"false","false","true","false","NBA","7","7.5","standard","false","271602","https://static.prizepicks.com/images/players/NBA/Desmond_Bane_NBA_player_9SEjqOvpojg4UyUy0gX8SNQS.webp","3","Orlando","Desmond Bane","G","ORL","Magic","11619294","Single Stat","Single Stat","3362","true","2026-04-25T13:10:00.000-04:00","Two Pointers Attempted","1000","2-PT Att","pre_game",,,"2026-04-23T18:43:28.627-04:00"
,"DET","C8102E","Detroit","Pistons","2026-04-22T18:41:00.000-04:00",,"DET","Full",,"team",,,"false","2026-04-25T13:00:00.000-04:00","scheduled","ORL","0077C0","Orlando","Magic",,"false","false","true","false","NBA","7","7.5","standard","false","173641","https://static.prizepicks.com/images/players/NBA/Anthony_Black_NBA_player_suwF3Oh8vV0aS9mPHjiv2L8n.webp","0","Orlando","Anthony Black","G","ORL","Magic","11619530","Single Stat","Single Stat","3363","true","2026-04-25T13:10:00.000-04:00","FG Attempted","12","FG Attempted","pre_game",,,"2026-04-23T18:43:47.841-04:00"
,"DET","C8102E","Detroit","Pistons","2026-04-22T18:41:00.000-04:00",,"DET","Full",,"team",,,"false","2026-04-25T13:00:00.000-04:00","scheduled","ORL","0077C0","Orlando","Magic",,"false","false","true","false","NBA","7","7.5","standard","false","188001","https://static.prizepicks.com/images/players/NBA/Paolo_Banchero_NBA_player_cSms4hTTjMfoXUcRKPQkTQDA.webp","5","Orlando","Paolo Banchero","F","ORL","Magic","11626471","Single Stat","Single Stat","3374","true","2026-04-25T13:10:00.000-04:00","Free Throws Attempted","30","FTA","pre_game",,,"2026-04-23T18:44:04.507-04:00"
,"DET","C8102E","Detroit","Pistons","2026-04-22T18:41:00.000-04:00",,"DET","Full",,"team",,,"false","2026-04-25T13:00:00.000-04:00","scheduled","ORL","0077C0","Orlando","Magic",,"false","false","true","false","NBA","7","7.5","standard","false","53830","https://static.prizepicks.com/images/players/NBA/Jalen_Suggs_NBA_player_I7jpOaNuORX9n8iyAuZi5K2s.webp","4","Orlando","Jalen Suggs","G","ORL","Magic","11629614","Single Stat","Single Stat","3376","true","2026-04-25T13:10:00.000-04:00","3-PT Attempted","8","3PTA","pre_game",,,"2026-04-23T18:43:15.371-04:00"
,"DET","C8102E","Detroit","Pistons","2026-04-24T00:51:48.337-04:00",,"DET","Full",,"team",,,"false","2026-04-25T13:00:00.000-04:00","scheduled","ORL","0077C0","Orlando","Magic",,"false","false","true","false","NBA","7","7.5","standard","false","123625","https://static.prizepicks.com/images/players/NBA/Goga_Bitadze_NBA_player_Ej24u8c1QhOmZW7EZl6PpG1e.webp","35","Orlando","Goga Bitadze","C-F","ORL","Magic","11642818","Single Stat","Single Stat","3377","true","2026-04-25T13:10:00.000-04:00","Pts+Rebs","18","Pts+Rebs","pre_game",,,"2026-04-24T04:02:45.983-04:00"
,"DET","C8102E","Detroit","Pistons","2026-04-23T00:43:13.856-04:00",,"ORL","Full",,"team",,,"false","2026-04-25T13:00:00.000-04:00","scheduled","ORL","0077C0","Orlando","Magic",,"false","false","true","false","NBA","7","6.5","standard","false","25434","https://static.prizepicks.com/images/players/NBA/Isaiah_Stewart_NBA_player_vVK9YzYuWHcYN8tpyWcsbn5B.webp","28","Detroit","Isaiah Stewart","F-C","DET","Pistons","11619329","Single Stat","Single Stat","3392","true","2026-04-25T13:10:00.000-04:00","Points","0","Points","pre_game",,,"2026-04-24T07:18:21.955-04:00"
,"DET","C8102E","Detroit","Pistons","2026-04-24T00:40:43.516-04:00",,"ORL","Full",,"team",,,"false","2026-04-25T13:00:00.000-04:00","scheduled","ORL","0077C0","Orlando","Magic",,"false","false","true","false","NBA","7","6.5","standard","false","279579","https://static.prizepicks.com/images/players/NBA/Daniss_Jenkins_NBA_player_gomI5shGs9qQrrpbBB8lXZ43.webp","24","Detroit","Daniss Jenkins","G","DET","Pistons","11642713","Single Stat","Single Stat","3403","true","2026-04-25T13:10:00.000-04:00","Points","0","Points","pre_game",,,"2026-04-24T00:54:27.542-04:00"
,"DET","C8102E","Detroit","Pistons","2026-04-22T22:17:25.962-04:00",,"ORL","Full",,"team",,,"false","2026-04-25T13:00:00.000-04:00","scheduled","ORL","0077C0","Orlando","Magic",,"false","false","true","false","NBA","7","5.5","standard","false","173789","https://static.prizepicks.com/images/players/NBA/Ausar_Thompson_NBA_player_7Obr7GoiKRNtF8Nj1LYUn3gX.webp","9","Detroit","Ausar Thompson","G-F","DET","Pistons","11616270","Single Stat","Single Stat","3408","true","2026-04-25T13:10:00.000-04:00","Rebounds","2","Rebounds","pre_game",,,"2026-04-22T23:47:38.467-04:00"
,"DET","C8102E","Detroit","Pistons","2026-04-22T22:17:31.077-04:00",,"ORL","Full",,"team",,,"false","2026-04-25T13:00:00.000-04:00","scheduled","ORL","0077C0","Orlando","Magic",,"false","false","true","false","NBA","7","5.5","standard","false","59107","https://static.prizepicks.com/images/players/NBA/Cade_Cunningham_NBA_player_mq8YRxGgt7Csv81PJK3QsXJu.webp","2","Detroit","Cade Cunningham","G","DET","Pistons","11616311","Single Stat","Single Stat","3409","true","2026-04-25T13:10:00.000-04:00","Rebounds","2","Rebounds","pre_game",,,"2026-04-23T01:05:45.581-04:00"
,"DET","C8102E","Detroit","Pistons","2026-03-30T22:18:00.000-04:00",,"DET","Full",,"team",,,"false","2026-04-25T13:00:00.000-04:00","scheduled","ORL","0077C0","Orlando","Magic",,"false","false","true","false","NBA","7","5.5","standard","false","188001","https://static.prizepicks.com/images/players/NBA/Paolo_Banchero_NBA_player_cSms4hTTjMfoXUcRKPQkTQDA.webp","5","Orlando","Paolo Banchero","F","ORL","Magic","11619357","Single Stat","Single Stat","3420","true","2026-04-25T13:10:00.000-04:00","Free Throws Made","11","FTM","pre_game",,,"2026-04-24T10:12:30.131-04:00"
,"DET","C8102E","Detroit","Pistons","2026-04-22T18:41:00.000-04:00",,"ORL","Full",,"team",,,"false","2026-04-25T13:00:00.000-04:00","scheduled","ORL","0077C0","Orlando","Magic",,"false","false","true","false","NBA","7","5.5","standard","false","216580","https://static.prizepicks.com/images/players/NBA/Tobias_Harris_NBA_player_tGwMomg94AAFiXYjH5vFThKq.webp","12","Detroit","Tobias Harris","F","DET","Pistons","11619365","Single Stat","Single Stat","3421","true","2026-04-25T13:10:00.000-04:00","FG Made","7","FG Made","pre_game",,,"2026-04-23T18:43:47.841-04:00"
,"DET","C8102E","Detroit","Pistons","2026-04-23T06:16:42.710-04:00",,"DET","Full",,"team",,,"false","2026-04-25T13:00:00.000-04:00","scheduled","ORL","0077C0","Orlando","Magic",,"false","false","true","false","NBA","7","5.5","standard","false","218628","https://static.prizepicks.com/images/players/NBA/Tristan_Da_Silva_NBA_player_P4N0KaXAPN3h5k1IVKetUs5m.webp","23","Orlando","Tristan Silva","F","ORL","Magic","11623351","Single Stat","Single Stat","3427","true","2026-04-25T13:10:00.000-04:00","Points","0","Points","pre_game",,,"2026-04-23T12:47:00.581-04:00"
"true","DET","C8102E","Detroit","Pistons","2026-04-22T18:41:00.000-04:00",,"DET","Full",,"team",,,"false","2026-04-25T13:00:00.000-04:00","scheduled","ORL","0077C0","Orlando","Magic",,"false","false","true","false","NBA","7","5.5","standard","false","53830","https://static.prizepicks.com/images/players/NBA/Jalen_Suggs_NBA_player_I7jpOaNuORX9n8iyAuZi5K2s.webp","4","Orlando","Jalen Suggs","G","ORL","Magic","11629369","Single Stat","Single Stat","3430","true","2026-04-25T13:10:00.000-04:00","Two Pointers Attempted","1000","2-PT Att","pre_game",,,"2026-04-24T12:43:01.546-04:00"
"false","DET","C8102E","Detroit","Pistons","2026-04-22T18:47:00.000-04:00",,"DET","Full",,"team",,,"false","2026-04-25T13:00:00.000-04:00","scheduled","ORL","0077C0","Orlando","Magic",,"false","false","true","false","NBA","7","5","standard","false","53830","https://static.prizepicks.com/images/players/NBA/Jalen_Suggs_NBA_player_I7jpOaNuORX9n8iyAuZi5K2s.webp","4","Orlando","Jalen Suggs","G","ORL","Magic","11635082","Single Stat","Single Stat","3440","true","2026-04-25T13:10:00.000-04:00","Assists","5","Assists","pre_game",,,"2026-04-23T19:30:09.603-04:00"
"false","DET","C8102E","Detroit","Pistons","2026-04-22T18:47:00.000-04:00",,"DET","Full",,"team",,,"false","2026-04-25T13:00:00.000-04:00","scheduled","ORL","0077C0","Orlando","Magic",,"false","false","true","false","NBA","7","5","standard","false","188001","https://static.prizepicks.com/images/players/NBA/Paolo_Banchero_NBA_player_cSms4hTTjMfoXUcRKPQkTQDA.webp","5","Orlando","Paolo Banchero","F","ORL","Magic","11635083","Single Stat","Single Stat","3441","true","2026-04-25T13:10:00.000-04:00","Assists","5","Assists","pre_game",,,"2026-04-23T19:55:47.829-04:00"
"false","DET","C8102E","Detroit","Pistons","2026-04-01T13:10:00.000-04:00",,"DET/ORL","Full",,"combo",,,"false","2026-04-25T13:00:00.000-04:00","scheduled","ORL","0077C0","Orlando","Magic",,"false","false","true","false","NBA","7","4.5","standard","true","315046","https://static.prizepicks.com/images/players/CMBO_group_gjnwkwc1thFTrcPoqVzOswmY.webp","4 + 55",,"Jalen Suggs + Duncan Robinson","G","ORL/DET","Magic/Pistons","11616234","Single Stat","Single Stat","3442","true","2026-04-25T13:10:00.000-04:00","3-PT Made (Combo)","10","3PTM","pre_game",,,"2026-04-22T23:02:01.735-04:00"
,"DET","C8102E","Detroit","Pistons","2026-04-22T22:17:40.318-04:00",,"ORL","Full",,"team",,,"false","2026-04-25T13:00:00.000-04:00","scheduled","ORL","0077C0","Orlando","Magic",,"false","false","true","false","NBA","7","4.5","standard","false","272048","https://static.prizepicks.com/images/players/NBA/Duncan_Robinson_NBA_player_xpPTHBlF6nW6owrrx6sg4Hes.webp","55","Detroit","Duncan Robinson","F","DET","Pistons","11616382","Single Stat","Single Stat","3450","true","2026-04-25T13:10:00.000-04:00","Rebs+Asts","7","Rebs+Asts","pre_game",,,"2026-04-23T16:36:55.526-04:00"
,"DET","C8102E","Detroit","Pistons","2026-04-22T22:17:43.239-04:00",,"DET","Full",,"team",,,"false","2026-04-25T13:00:00.000-04:00","scheduled","ORL","0077C0","Orlando","Magic",,"false","false","true","false","NBA","7","4.5","standard","false","55372","https://static.prizepicks.com/images/players/NBA/Franz_Wagner_NBA_player_ADVHCGrSiQgQ2jmJ9hs3oR7u.webp","22","Orlando","Franz Wagner","F","ORL","Magic","11616410","Single Stat","Single Stat","3452","true","2026-04-25T13:10:00.000-04:00","Rebounds","2","Rebounds","pre_game",,,"2026-04-23T07:16:39.330-04:00"
,"DET","C8102E","Detroit","Pistons","2026-04-23T00:43:04.514-04:00",,"ORL","Full",,"team",,,"false","2026-04-25T13:00:00.000-04:00","scheduled","ORL","0077C0","Orlando","Magic",,"false","false","true","false","NBA","7","4.5","standard","false","59107","https://static.prizepicks.com/images/players/NBA/Cade_Cunningham_NBA_player_mq8YRxGgt7Csv81PJK3QsXJu.webp","2","Detroit","Cade Cunningham","G","DET","Pistons","11619281","Single Stat","Single Stat","3458","true","2026-04-25T13:10:00.000-04:00","Turnovers","33","Turnovers","pre_game",,,"2026-04-23T05:46:58.498-04:00"
,"DET","C8102E","Detroit","Pistons","2026-04-22T18:41:00.000-04:00",,"DET","Full",,"team",,,"false","2026-04-25T13:00:00.000-04:00","scheduled","ORL","0077C0","Orlando","Magic",,"false","false","true","false","NBA","7","4.5","standard","false","55372","https://static.prizepicks.com/images/players/NBA/Franz_Wagner_NBA_player_ADVHCGrSiQgQ2jmJ9hs3oR7u.webp","22","Orlando","Franz Wagner","F","ORL","Magic","11619309","Single Stat","Single Stat","3459","true","2026-04-25T13:10:00.000-04:00","Free Throws Attempted","30","FTA","pre_game",,,"2026-04-24T01:37:32.033-04:00"
,"DET","C8102E","Detroit","Pistons","2026-04-22T18:41:00.000-04:00",,"DET","Full",,"team",,,"false","2026-04-25T13:00:00.000-04:00","scheduled","ORL","0077C0","Orlando","Magic",,"false","false","true","false","NBA","7","4.5","standard","false","55372","https://static.prizepicks.com/images/players/NBA/Franz_Wagner_NBA_player_ADVHCGrSiQgQ2jmJ9hs3oR7u.webp","22","Orlando","Franz Wagner","F","ORL","Magic","11619316","Single Stat","Single Stat","3460","true","2026-04-25T13:10:00.000-04:00","Two Pointers Made","1001","2-PT Made","pre_game",,,"2026-04-24T13:51:51.007-04:00"
,"DET","C8102E","Detroit","Pistons","2026-04-23T06:16:38.098-04:00",,"ORL","Full",,"team",,,"false","2026-04-25T13:00:00.000-04:00","scheduled","ORL","0077C0","Orlando","Magic",,"false","false","true","false","NBA","7","4.5","standard","false","25434","https://static.prizepicks.com/images/players/NBA/Isaiah_Stewart_NBA_player_vVK9YzYuWHcYN8tpyWcsbn5B.webp","28","Detroit","Isaiah Stewart","F-C","DET","Pistons","11623337","Single Stat","Single Stat","3470","true","2026-04-25T13:10:00.000-04:00","Rebs+Asts","7","Rebs+Asts","pre_game",,,"2026-04-24T13:50:55.934-04:00"
,"DET","C8102E","Detroit","Pistons","2026-04-22T18:41:00.000-04:00",,"ORL","Full",,"team",,,"false","2026-04-25T13:00:00.000-04:00","scheduled","ORL","0077C0","Orlando","Magic",,"false","false","true","false","NBA","7","4.5","standard","false","87848","https://static.prizepicks.com/images/players/NBA/Jalen_Duren_NBA_player_BGtA2SxfIEpqaOA2zn9FJZhp.webp","0","Detroit","Jalen Duren","C","DET","Pistons","11629368","Single Stat","Single Stat","3475","true","2026-04-25T13:10:00.000-04:00","Free Throws Attempted","30","FTA","pre_game",,,"2026-04-24T13:55:06.495-04:00"
"false","DET","C8102E","Detroit","Pistons","2026-04-01T13:10:00.000-04:00",,"DET/ORL","Full",,"combo",,,"false","2026-04-25T13:00:00.000-04:00","scheduled","ORL","0077C0","Orlando","Magic",,"false","false","true","false","NBA","7","4","standard","true","315047","https://static.prizepicks.com/images/players/CMBO_group_JxmBcFwPz8xG6E1P1GdQMsN.webp","3 + 2",,"Desmond Bane + Cade Cunningham","G","ORL/DET","Magic/Pistons","11616244","Single Stat","Single Stat","3485","true","2026-04-25T13:10:00.000-04:00","3-PT Made (Combo)","10","3PTM","pre_game",,,"2026-04-23T04:13:00.673-04:00"
"false","DET","C8102E","Detroit","Pistons","2026-04-23T19:10:00.000-04:00",,"DET","Full",,"team",,,"false","2026-04-25T13:00:00.000-04:00","scheduled","ORL","0077C0","Orlando","Magic",,"false","false","true","false","NBA","7","4","standard","false","53830","https://static.prizepicks.com/images/players/NBA/Jalen_Suggs_NBA_player_I7jpOaNuORX9n8iyAuZi5K2s.webp","4","Orlando","Jalen Suggs","G","ORL","Magic","11635075","Single Stat","Single Stat","3486","true","2026-04-25T13:10:00.000-04:00","Rebounds","2","Rebounds","pre_game",,,"2026-04-23T20:01:33.783-04:00"
,"DET","C8102E","Detroit","Pistons","2026-03-30T22:18:00.000-04:00",,"DET","Full",,"team",,,"false","2026-04-25T13:00:00.000-04:00","scheduled","ORL","0077C0","Orlando","Magic",,"false","false","true","false","NBA","7","3.5","standard","false","271602","https://static.prizepicks.com/images/players/NBA/Desmond_Bane_NBA_player_9SEjqOvpojg4UyUy0gX8SNQS.webp","3","Orlando","Desmond Bane","G","ORL","Magic","11619289","Single Stat","Single Stat","3508","true","2026-04-25T13:10:00.000-04:00","Free Throws Made","11","FTM","pre_game",,,"2026-04-24T10:12:30.131-04:00"
,"DET","C8102E","Detroit","Pistons","2026-04-22T18:41:00.000-04:00",,"DET","Full",,"team",,,"false","2026-04-25T13:00:00.000-04:00","scheduled","ORL","0077C0","Orlando","Magic",,"false","false","true","false","NBA","7","3.5","standard","false","271602","https://static.prizepicks.com/images/players/NBA/Desmond_Bane_NBA_player_9SEjqOvpojg4UyUy0gX8SNQS.webp","3","Orlando","Desmond Bane","G","ORL","Magic","11619290","Single Stat","Single Stat","3509","true","2026-04-25T13:10:00.000-04:00","Personal Fouls","30","Personal Fouls","pre_game",,,"2026-04-23T18:42:42.871-04:00"
,"DET","C8102E","Detroit","Pistons","2026-04-22T18:41:00.000-04:00",,"ORL","Full",,"team",,,"false","2026-04-25T13:00:00.000-04:00","scheduled","ORL","0077C0","Orlando","Magic",,"false","false","true","false","NBA","7","3.5","standard","false","272048","https://static.prizepicks.com/images/players/NBA/Duncan_Robinson_NBA_player_xpPTHBlF6nW6owrrx6sg4Hes.webp","55","Detroit","Duncan Robinson","F","DET","Pistons","11619298","Single Stat","Single Stat","3510","true","2026-04-25T13:10:00.000-04:00","FG Made","7","FG Made","pre_game",,,"2026-04-23T18:43:47.841-04:00"
,"DET","C8102E","Detroit","Pistons","2026-04-22T18:41:00.000-04:00",,"DET","Full",,"team",,,"false","2026-04-25T13:00:00.000-04:00","scheduled","ORL","0077C0","Orlando","Magic",,"false","false","true","false","NBA","7","3.5","standard","false","55372","https://static.prizepicks.com/images/players/NBA/Franz_Wagner_NBA_player_ADVHCGrSiQgQ2jmJ9hs3oR7u.webp","22","Orlando","Franz Wagner","F","ORL","Magic","11619306","Single Stat","Single Stat","3511","true","2026-04-25T13:10:00.000-04:00","3-PT Attempted","8","3PTA","pre_game",,,"2026-04-24T12:37:05.587-04:00"
"true","DET","C8102E","Detroit","Pistons","2026-04-22T18:41:00.000-04:00",,"ORL","Full",,"team",,,"false","2026-04-25T13:00:00.000-04:00","scheduled","ORL","0077C0","Orlando","Magic",,"false","false","true","false","NBA","7","3.5","standard","false","87848","https://static.prizepicks.com/images/players/NBA/Jalen_Duren_NBA_player_BGtA2SxfIEpqaOA2zn9FJZhp.webp","0","Detroit","Jalen Duren","C","DET","Pistons","11619340","Single Stat","Single Stat","3512","true","2026-04-25T13:10:00.000-04:00","Free Throws Made","11","FTM","pre_game",,,"2026-04-24T10:12:38.505-04:00"
,"DET","C8102E","Detroit","Pistons","2026-04-22T18:41:00.000-04:00",,"DET","Full",,"team",,,"false","2026-04-25T13:00:00.000-04:00","scheduled","ORL","0077C0","Orlando","Magic",,"false","false","true","false","NBA","7","3.5","standard","false","53830","https://static.prizepicks.com/images/players/NBA/Jalen_Suggs_NBA_player_I7jpOaNuORX9n8iyAuZi5K2s.webp","4","Orlando","Jalen Suggs","G","ORL","Magic","11619350","Single Stat","Single Stat","3514","true","2026-04-25T13:10:00.000-04:00","Personal Fouls","30","Personal Fouls","pre_game",,,"2026-04-23T18:42:42.871-04:00"
,"DET","C8102E","Detroit","Pistons","2026-04-22T18:41:00.000-04:00",,"ORL","Full",,"team",,,"false","2026-04-25T13:00:00.000-04:00","scheduled","ORL","0077C0","Orlando","Magic",,"false","false","true","false","NBA","7","3.5","standard","false","216580","https://static.prizepicks.com/images/players/NBA/Tobias_Harris_NBA_player_tGwMomg94AAFiXYjH5vFThKq.webp","12","Detroit","Tobias Harris","F","DET","Pistons","11619362","Single Stat","Single Stat","3515","true","2026-04-25T13:10:00.000-04:00","3-PT Attempted","8","3PTA","pre_game",,,"2026-04-24T12:39:20.567-04:00"
,"DET","C8102E","Detroit","Pistons","2026-04-22T18:41:00.000-04:00",,"DET","Full",,"team",,,"false","2026-04-25T13:00:00.000-04:00","scheduled","ORL","0077C0","Orlando","Magic",,"false","false","true","false","NBA","7","3.5","standard","false","37711","https://static.prizepicks.com/images/players/NBA/Wendell_Carter_NBA_player_D8fHvKLdHu6fJ37Fbvf4voGd.webp","34","Orlando","Wendell Carter","C-F","ORL","Magic","11619375","Single Stat","Single Stat","3516","true","2026-04-25T13:10:00.000-04:00","FG Made","7","FG Made","pre_game",,,"2026-04-24T12:50:49.879-04:00"
"true","DET","C8102E","Detroit","Pistons","2026-03-30T22:18:00.000-04:00",,"DET","Full",,"team",,,"false","2026-04-25T13:00:00.000-04:00","scheduled","ORL","0077C0","Orlando","Magic",,"false","false","true","false","NBA","7","3.5","standard","false","55372","https://static.prizepicks.com/images/players/NBA/Franz_Wagner_NBA_player_ADVHCGrSiQgQ2jmJ9hs3oR7u.webp","22","Orlando","Franz Wagner","F","ORL","Magic","11621191","Single Stat","Single Stat","3521","true","2026-04-25T13:10:00.000-04:00","Free Throws Made","11","FTM","pre_game",,,"2026-04-24T11:02:07.443-04:00"
,"DET","C8102E","Detroit","Pistons","2026-04-24T00:51:48.058-04:00",,"DET","Full",,"team",,,"false","2026-04-25T13:00:00.000-04:00","scheduled","ORL","0077C0","Orlando","Magic",,"false","false","true","false","NBA","7","3.5","standard","false","123625","https://static.prizepicks.com/images/players/NBA/Goga_Bitadze_NBA_player_Ej24u8c1QhOmZW7EZl6PpG1e.webp","35","Orlando","Goga Bitadze","C-F","ORL","Magic","11642817","Single Stat","Single Stat","3530","true","2026-04-25T13:10:00.000-04:00","Points","0","Points","pre_game",,,"2026-04-24T00:57:40.514-04:00"
,"DET","C8102E","Detroit","Pistons","2026-04-24T00:51:48.532-04:00",,"DET","Full",,"team",,,"false","2026-04-25T13:00:00.000-04:00","scheduled","ORL","0077C0","Orlando","Magic",,"false","false","true","false","NBA","7","3.5","standard","false","123625","https://static.prizepicks.com/images/players/NBA/Goga_Bitadze_NBA_player_Ej24u8c1QhOmZW7EZl6PpG1e.webp","35","Orlando","Goga Bitadze","C-F","ORL","Magic","11642819","Single Stat","Single Stat","3531","true","2026-04-25T13:10:00.000-04:00","Rebounds","2","Rebounds","pre_game",,,"2026-04-24T00:57:55.886-04:00"
,"DET","C8102E","Detroit","Pistons","2026-04-22T23:13:45.820-04:00",,"ORL","Full",,"team",,,"false","2026-04-25T13:00:00.000-04:00","scheduled","ORL","0077C0","Orlando","Magic",,"false","false","true","false","NBA","7","2.5","standard","false","173789","https://static.prizepicks.com/images/players/NBA/Ausar_Thompson_NBA_player_7Obr7GoiKRNtF8Nj1LYUn3gX.webp","9","Detroit","Ausar Thompson","G-F","DET","Pistons","11617559","Single Stat","Single Stat","3557","true","2026-04-25T13:10:00.000-04:00","Assists","5","Assists","pre_game",,,"2026-04-23T04:12:42.280-04:00"
,"DET","C8102E","Detroit","Pistons","2026-04-22T18:41:00.000-04:00",,"ORL","Full",,"team",,,"false","2026-04-25T13:00:00.000-04:00","scheduled","ORL","0077C0","Orlando","Magic",,"false","false","true","false","NBA","7","2.5","standard","false","272048","https://static.prizepicks.com/images/players/NBA/Duncan_Robinson_NBA_player_xpPTHBlF6nW6owrrx6sg4Hes.webp","55","Detroit","Duncan Robinson","F","DET","Pistons","11619301","Single Stat","Single Stat","3562","true","2026-04-25T13:10:00.000-04:00","Personal Fouls","30","Personal Fouls","pre_game",,,"2026-04-23T19:48:55.646-04:00"
,"DET","C8102E","Detroit","Pistons","2026-04-22T18:41:00.000-04:00",,"DET","Full",,"team",,,"false","2026-04-25T13:00:00.000-04:00","scheduled","ORL","0077C0","Orlando","Magic",,"false","false","true","false","NBA","7","2.5","standard","false","37711","https://static.prizepicks.com/images/players/NBA/Wendell_Carter_NBA_player_D8fHvKLdHu6fJ37Fbvf4voGd.webp","34","Orlando","Wendell Carter","C-F","ORL","Magic","11619376","Single Stat","Single Stat","3567","true","2026-04-25T13:10:00.000-04:00","Free Throws Attempted","30","FTA","pre_game",,,"2026-04-23T23:47:21.839-04:00"
,"DET","C8102E","Detroit","Pistons","2026-04-22T18:41:00.000-04:00",,"DET","Full",,"team",,,"false","2026-04-25T13:00:00.000-04:00","scheduled","ORL","0077C0","Orlando","Magic",,"false","false","true","false","NBA","7","2.5","standard","false","218628","https://static.prizepicks.com/images/players/NBA/Tristan_Da_Silva_NBA_player_P4N0KaXAPN3h5k1IVKetUs5m.webp","23","Orlando","Tristan Silva","F","ORL","Magic","11619591","Single Stat","Single Stat","3583","true","2026-04-25T13:10:00.000-04:00","3-PT Attempted","8","3PTA","pre_game",,,"2026-04-23T18:43:15.371-04:00"
"true","DET","C8102E","Detroit","Pistons","2026-04-22T18:41:00.000-04:00",,"DET","Full",,"team",,,"false","2026-04-25T13:00:00.000-04:00","scheduled","ORL","0077C0","Orlando","Magic",,"false","false","true","false","NBA","7","2.5","standard","false","53830","https://static.prizepicks.com/images/players/NBA/Jalen_Suggs_NBA_player_I7jpOaNuORX9n8iyAuZi5K2s.webp","4","Orlando","Jalen Suggs","G","ORL","Magic","11626468","Single Stat","Single Stat","3597","true","2026-04-25T13:10:00.000-04:00","Two Pointers Made","1001","2-PT Made","pre_game",,,"2026-04-24T11:26:28.848-04:00"
"true","DET","C8102E","Detroit","Pistons","2026-04-22T18:41:00.000-04:00",,"ORL","Full",,"team",,,"false","2026-04-25T13:00:00.000-04:00","scheduled","ORL","0077C0","Orlando","Magic",,"false","false","true","false","NBA","7","2.5","standard","false","216580","https://static.prizepicks.com/images/players/NBA/Tobias_Harris_NBA_player_tGwMomg94AAFiXYjH5vFThKq.webp","12","Detroit","Tobias Harris","F","DET","Pistons","11626472","Single Stat","Single Stat","3598","true","2026-04-25T13:10:00.000-04:00","Free Throws Attempted","30","FTA","pre_game",,,"2026-04-24T10:14:54.559-04:00"
,"DET","C8102E","Detroit","Pistons","2026-04-23T00:43:01.935-04:00",,"ORL","Full",,"team",,,"false","2026-04-25T13:00:00.000-04:00","scheduled","ORL","0077C0","Orlando","Magic",,"false","false","true","false","NBA","7","1.5","standard","false","173789","https://static.prizepicks.com/images/players/NBA/Ausar_Thompson_NBA_player_7Obr7GoiKRNtF8Nj1LYUn3gX.webp","9","Detroit","Ausar Thompson","G-F","DET","Pistons","11619272","Single Stat","Single Stat","3631","true","2026-04-25T13:10:00.000-04:00","Turnovers","33","Turnovers","pre_game",,,"2026-04-23T08:54:04.945-04:00"
,"DET","C8102E","Detroit","Pistons","2026-04-23T00:43:19.537-04:00",,"DET","Full",,"team",,,"false","2026-04-25T13:00:00.000-04:00","scheduled","ORL","0077C0","Orlando","Magic",,"false","false","true","false","NBA","7","1.5","standard","false","188001","https://static.prizepicks.com/images/players/NBA/Paolo_Banchero_NBA_player_cSms4hTTjMfoXUcRKPQkTQDA.webp","5","Orlando","Paolo Banchero","F","ORL","Magic","11619355","Single Stat","Single Stat","3640","true","2026-04-25T13:10:00.000-04:00","Blks+Stls","31","Blks+Stls","pre_game",,,"2026-04-23T23:05:26.409-04:00"
,"DET","C8102E","Detroit","Pistons","2026-04-23T00:52:32.351-04:00",,"DET","Full",,"team",,,"false","2026-04-25T13:00:00.000-04:00","scheduled","ORL","0077C0","Orlando","Magic",,"false","false","true","false","NBA","7","1.5","standard","false","173641","https://static.prizepicks.com/images/players/NBA/Anthony_Black_NBA_player_suwF3Oh8vV0aS9mPHjiv2L8n.webp","0","Orlando","Anthony Black","G","ORL","Magic","11619528","Single Stat","Single Stat","3645","true","2026-04-25T13:10:00.000-04:00","Blks+Stls","31","Blks+Stls","pre_game",,,"2026-04-23T06:41:46.658-04:00"
,"DET","C8102E","Detroit","Pistons","2026-04-22T18:41:00.000-04:00",,"DET","Full",,"team",,,"false","2026-04-25T13:00:00.000-04:00","scheduled","ORL","0077C0","Orlando","Magic",,"false","false","true","false","NBA","7","1.5","standard","false","218628","https://static.prizepicks.com/images/players/NBA/Tristan_Da_Silva_NBA_player_P4N0KaXAPN3h5k1IVKetUs5m.webp","23","Orlando","Tristan Silva","F","ORL","Magic","11619598","Single Stat","Single Stat","3659","true","2026-04-25T13:10:00.000-04:00","Personal Fouls","30","Personal Fouls","pre_game",,,"2026-04-23T19:48:55.637-04:00"
,"DET","C8102E","Detroit","Pistons","2026-04-23T01:13:34.320-04:00",,"ORL","Full",,"team",,,"false","2026-04-25T13:00:00.000-04:00","scheduled","ORL","0077C0","Orlando","Magic",,"false","false","true","false","NBA","7","1.5","standard","false","216580","https://static.prizepicks.com/images/players/NBA/Tobias_Harris_NBA_player_tGwMomg94AAFiXYjH5vFThKq.webp","12","Detroit","Tobias Harris","F","DET","Pistons","11619865","Single Stat","Single Stat","3664","true","2026-04-25T13:10:00.000-04:00","Turnovers","33","Turnovers","pre_game",,,"2026-04-24T13:55:06.418-04:00"
,"DET","C8102E","Detroit","Pistons","2026-03-30T22:18:00.000-04:00",,"DET","Full",,"team",,,"false","2026-04-25T13:00:00.000-04:00","scheduled","ORL","0077C0","Orlando","Magic",,"false","false","true","false","NBA","7","1.5","standard","false","173641","https://static.prizepicks.com/images/players/NBA/Anthony_Black_NBA_player_suwF3Oh8vV0aS9mPHjiv2L8n.webp","0","Orlando","Anthony Black","G","ORL","Magic","11623306","Single Stat","Single Stat","3667","true","2026-04-25T13:10:00.000-04:00","Free Throws Made","11","FTM","pre_game",,,"2026-04-24T10:12:30.131-04:00"
,"DET","C8102E","Detroit","Pistons","2026-04-24T14:04:26.512-04:00",,"ORL","Full",,"team",,,"false","2026-04-25T13:00:00.000-04:00","scheduled","ORL","0077C0","Orlando","Magic",,"false","false","true","false","NBA","7","1.5","standard","false","279579","https://static.prizepicks.com/images/players/NBA/Daniss_Jenkins_NBA_player_gomI5shGs9qQrrpbBB8lXZ43.webp","24","Detroit","Daniss Jenkins","G","DET","Pistons","11655536","Single Stat","Single Stat","3679","true","2026-04-25T13:10:00.000-04:00","Rebounds","2","Rebounds","pre_game",,,"2026-04-24T14:02:26.589-04:00"
"true","DET","C8102E","Detroit","Pistons","2026-04-22T22:17:44.530-04:00",,"ORL","Full",,"team",,,"false","2026-04-25T13:00:00.000-04:00","scheduled","ORL","0077C0","Orlando","Magic",,"false","false","true","false","NBA","7","0.5","standard","false","87848","https://static.prizepicks.com/images/players/NBA/Jalen_Duren_NBA_player_BGtA2SxfIEpqaOA2zn9FJZhp.webp","0","Detroit","Jalen Duren","C","DET","Pistons","11616417","Single Stat","Single Stat","3689","true","2026-04-25T13:10:00.000-04:00","Double-Double","18","Double-Double","pre_game",,,"2026-04-24T10:13:22.554-04:00"
"true","DET","C8102E","Detroit","Pistons","2026-04-23T22:18:00.000-04:00",,"DET","Full",,"team",,,"false","2026-04-25T13:00:00.000-04:00","scheduled","ORL","0077C0","Orlando","Magic",,"false","false","true","false","NBA","7","0.5","standard","false","37711","https://static.prizepicks.com/images/players/NBA/Wendell_Carter_NBA_player_D8fHvKLdHu6fJ37Fbvf4voGd.webp","34","Orlando","Wendell Carter","C-F","ORL","Magic","11616554","Single Stat","Single Stat","3694","true","2026-04-25T13:10:00.000-04:00","3-PT Made","4","3PTM","pre_game",,,"2026-04-24T09:56:49.548-04:00"
,"DET","C8102E","Detroit","Pistons","2026-04-22T18:41:00.000-04:00",,"ORL","Full",,"team",,,"false","2026-04-25T13:00:00.000-04:00","scheduled","ORL","0077C0","Orlando","Magic",,"false","false","true","false","NBA","7","0.5","standard","false","272048","https://static.prizepicks.com/images/players/NBA/Duncan_Robinson_NBA_player_xpPTHBlF6nW6owrrx6sg4Hes.webp","55","Detroit","Duncan Robinson","F","DET","Pistons","11619300","Single Stat","Single Stat","3698","true","2026-04-25T13:10:00.000-04:00","Free Throws Made","11","FTM","pre_game",,,"2026-04-23T22:51:42.540-04:00"
,"DET","C8102E","Detroit","Pistons","2026-04-23T00:43:19.710-04:00",,"DET","Full",,"team",,,"false","2026-04-25T13:00:00.000-04:00","scheduled","ORL","0077C0","Orlando","Magic",,"false","false","true","false","NBA","7","0.5","standard","false","188001","https://static.prizepicks.com/images/players/NBA/Paolo_Banchero_NBA_player_cSms4hTTjMfoXUcRKPQkTQDA.webp","5","Orlando","Paolo Banchero","F","ORL","Magic","11619356","Single Stat","Single Stat","3706","true","2026-04-25T13:10:00.000-04:00","Blocked Shots","23","Blocked Shots","pre_game",,,"2026-04-23T12:28:34.437-04:00"
,"DET","C8102E","Detroit","Pistons","2026-04-23T06:16:44.274-04:00",,"DET","Full",,"team",,,"false","2026-04-25T13:00:00.000-04:00","scheduled","ORL","0077C0","Orlando","Magic",,"false","false","true","false","NBA","7","0.5","standard","false","218628","https://static.prizepicks.com/images/players/NBA/Tristan_Da_Silva_NBA_player_P4N0KaXAPN3h5k1IVKetUs5m.webp","23","Orlando","Tristan Silva","F","ORL","Magic","11623363","Single Stat","Single Stat","3723","true","2026-04-25T13:10:00.000-04:00","Steals","24","Steals","pre_game",,,"2026-04-23T09:32:57.180-04:00"
,"DET","C8102E","Detroit","Pistons","2026-04-24T14:04:24.066-04:00",,"ORL","Full",,"team",,,"false","2026-04-25T13:00:00.000-04:00","scheduled","ORL","0077C0","Orlando","Magic",,"false","false","true","false","NBA","7","0.5","standard","false","279579","https://static.prizepicks.com/images/players/NBA/Daniss_Jenkins_NBA_player_gomI5shGs9qQrrpbBB8lXZ43.webp","24","Detroit","Daniss Jenkins","G","DET","Pistons","11655522","Single Stat","Single Stat","3727","true","2026-04-25T13:10:00.000-04:00","Blks+Stls","31","Blks+Stls","pre_game",,,"2026-04-24T14:02:24.139-04:00"
,"OKC","EF3B24","Oklahoma City","Thunder","2026-04-23T00:34:23.163-04:00",,"PHX","Full",,"team",,,"false","2026-04-25T15:30:00.000-04:00","scheduled","PHX","E56020","Phoenix","Suns",,"false","false","true","false","NBA","7","42.5","standard","false","188011","https://static.prizepicks.com/images/players/nba/Shai_Gilgeous-Alexander_d9ea4a8f-ff51-408d-b518-980efc2a35a1.webp","2","Oklahoma City","Shai Gilgeous-Alexander","G","OKC","Thunder","11619154","Single Stat","Single Stat","3738","true","2026-04-25T15:40:00.000-04:00","Pts+Rebs+Asts","1","PRA","pre_game",,,"2026-04-24T11:16:31.451-04:00"
,"OKC","EF3B24","Oklahoma City","Thunder","2026-04-23T00:34:22.785-04:00",,"PHX","Full",,"team",,,"false","2026-04-25T15:30:00.000-04:00","scheduled","PHX","E56020","Phoenix","Suns",,"false","false","true","false","NBA","7","38.5","standard","false","188011","https://static.prizepicks.com/images/players/nba/Shai_Gilgeous-Alexander_d9ea4a8f-ff51-408d-b518-980efc2a35a1.webp","2","Oklahoma City","Shai Gilgeous-Alexander","G","OKC","Thunder","11619152","Single Stat","Single Stat","3746","true","2026-04-25T15:40:00.000-04:00","Pts+Asts","10","Pts+Asts","pre_game",,,"2026-04-23T13:35:14.758-04:00"
,"OKC","EF3B24","Oklahoma City","Thunder","2026-04-23T00:34:22.963-04:00",,"PHX","Full",,"team",,,"false","2026-04-25T15:30:00.000-04:00","scheduled","PHX","E56020","Phoenix","Suns",,"false","false","true","false","NBA","7","35.5","standard","false","188011","https://static.prizepicks.com/images/players/nba/Shai_Gilgeous-Alexander_d9ea4a8f-ff51-408d-b518-980efc2a35a1.webp","2","Oklahoma City","Shai Gilgeous-Alexander","G","OKC","Thunder","11619153","Single Stat","Single Stat","3752","true","2026-04-25T15:40:00.000-04:00","Pts+Rebs","18","Pts+Rebs","pre_game",,,"2026-04-23T15:56:08.759-04:00"
,"OKC","EF3B24","Oklahoma City","Thunder","2026-04-23T00:34:11.239-04:00",,"OKC","Full",,"team",,,"false","2026-04-25T15:30:00.000-04:00","scheduled","PHX","E56020","Phoenix","Suns",,"false","false","true","false","NBA","7","33.5","standard","false","188014","https://static.prizepicks.com/images/players/NBA/Devin_Booker_NBA_player_hFxfQ4HSfTF5eG5yhA81zf4O.webp","1","Phoenix","Devin Booker","G","PHX","Suns","11619069","Single Stat","Single Stat","3762","true","2026-04-25T15:40:00.000-04:00","Pts+Rebs+Asts","1","PRA","pre_game",,,"2026-04-23T04:27:39.746-04:00"
,"OKC","EF3B24","Oklahoma City","Thunder","2026-04-23T00:34:22.191-04:00",,"PHX","Full",,"team",,,"false","2026-04-25T15:30:00.000-04:00","scheduled","PHX","E56020","Phoenix","Suns",,"false","false","true","false","NBA","7","30.5","standard","false","188011","https://static.prizepicks.com/images/players/nba/Shai_Gilgeous-Alexander_d9ea4a8f-ff51-408d-b518-980efc2a35a1.webp","2","Oklahoma City","Shai Gilgeous-Alexander","G","OKC","Thunder","11619147","Single Stat","Single Stat","3767","true","2026-04-25T15:40:00.000-04:00","Points","0","Points","pre_game",,,"2026-04-24T11:43:05.202-04:00"
,"OKC","EF3B24","Oklahoma City","Thunder","2026-04-23T00:34:10.867-04:00",,"OKC","Full",,"team",,,"false","2026-04-25T15:30:00.000-04:00","scheduled","PHX","E56020","Phoenix","Suns",,"false","false","true","false","NBA","7","28.5","standard","false","188014","https://static.prizepicks.com/images/players/NBA/Devin_Booker_NBA_player_hFxfQ4HSfTF5eG5yhA81zf4O.webp","1","Phoenix","Devin Booker","G","PHX","Suns","11619067","Single Stat","Single Stat","3780","true","2026-04-25T15:40:00.000-04:00","Pts+Asts","10","Pts+Asts","pre_game",,,"2026-04-23T11:08:07.978-04:00"
,"OKC","EF3B24","Oklahoma City","Thunder","2026-04-23T00:34:08.901-04:00",,"PHX","Full",,"team",,,"false","2026-04-25T15:30:00.000-04:00","scheduled","PHX","E56020","Phoenix","Suns",,"false","false","true","false","NBA","7","28","standard","false","93905","https://static.prizepicks.com/images/players/NBA/Chet_Holmgren_NBA_player_vJ4nqK6iuXIrNmp4iJ5ZwfEC.webp","7","Oklahoma City","Chet Holmgren","C-F","OKC","Thunder","11619053","Single Stat","Single Stat","3783","true","2026-04-25T15:40:00.000-04:00","Pts+Rebs+Asts","1","PRA","pre_game",,,"2026-04-23T13:41:10.690-04:00"
,"OKC","EF3B24","Oklahoma City","Thunder","2026-04-23T00:34:11.061-04:00",,"OKC","Full",,"team",,,"false","2026-04-25T15:30:00.000-04:00","scheduled","PHX","E56020","Phoenix","Suns",,"false","false","true","false","NBA","7","28","standard","false","188014","https://static.prizepicks.com/images/players/NBA/Devin_Booker_NBA_player_hFxfQ4HSfTF5eG5yhA81zf4O.webp","1","Phoenix","Devin Booker","G","PHX","Suns","11619068","Single Stat","Single Stat","3784","true","2026-04-25T15:40:00.000-04:00","Pts+Rebs","18","Pts+Rebs","pre_game",,,"2026-04-23T20:21:45.588-04:00"
,"OKC","EF3B24","Oklahoma City","Thunder","2026-04-23T00:34:18.253-04:00",,"OKC","Full",,"team",,,"false","2026-04-25T15:30:00.000-04:00","scheduled","PHX","E56020","Phoenix","Suns",,"false","false","true","false","NBA","7","27.5","standard","false","272587","https://static.prizepicks.com/images/players/NBA/Jalen_Green_NBA_player_dgDzs8capbSfm3XqiXDKFCSw.webp","4","Phoenix","Jalen Green","G","PHX","Suns","11619120","Single Stat","Single Stat","3785","true","2026-04-25T15:40:00.000-04:00","Pts+Rebs+Asts","1","PRA","pre_game",,,"2026-04-23T08:57:14.806-04:00"
,"OKC","EF3B24","Oklahoma City","Thunder","2026-04-23T00:34:08.712-04:00",,"PHX","Full",,"team",,,"false","2026-04-25T15:30:00.000-04:00","scheduled","PHX","E56020","Phoenix","Suns",,"false","false","true","false","NBA","7","26","standard","false","93905","https://static.prizepicks.com/images/players/NBA/Chet_Holmgren_NBA_player_vJ4nqK6iuXIrNmp4iJ5ZwfEC.webp","7","Oklahoma City","Chet Holmgren","C-F","OKC","Thunder","11619052","Single Stat","Single Stat","3790","true","2026-04-25T15:40:00.000-04:00","Pts+Rebs","18","Pts+Rebs","pre_game",,,"2026-04-24T12:13:46.448-04:00"
,"OKC","EF3B24","Oklahoma City","Thunder","2026-04-23T00:34:18.046-04:00",,"OKC","Full",,"team",,,"false","2026-04-25T15:30:00.000-04:00","scheduled","PHX","E56020","Phoenix","Suns",,"false","false","true","false","NBA","7","24.5","standard","false","272587","https://static.prizepicks.com/images/players/NBA/Jalen_Green_NBA_player_dgDzs8capbSfm3XqiXDKFCSw.webp","4","Phoenix","Jalen Green","G","PHX","Suns","11619119","Single Stat","Single Stat","3799","true","2026-04-25T15:40:00.000-04:00","Pts+Rebs","18","Pts+Rebs","pre_game",,,"2026-04-23T07:54:16.994-04:00"
,"OKC","EF3B24","Oklahoma City","Thunder","2026-04-23T00:34:13.388-04:00",,"OKC","Full",,"team",,,"false","2026-04-25T15:30:00.000-04:00","scheduled","PHX","E56020","Phoenix","Suns",,"false","false","true","false","NBA","7","23.5","standard","false","269531","https://static.prizepicks.com/images/players/NBA/Dillon_Brooks_NBA_player_doYyaSQoRd6hmm42xjHs1oP.webp","3","Phoenix","Dillon Brooks","G-F","PHX","Suns","11619083","Single Stat","Single Stat","3814","true","2026-04-25T15:40:00.000-04:00","Pts+Rebs+Asts","1","PRA","pre_game",,,"2026-04-23T05:43:10.031-04:00"
,"OKC","EF3B24","Oklahoma City","Thunder","2026-04-23T01:13:51.348-04:00",,"OKC","Full",,"team",,,"false","2026-04-25T15:30:00.000-04:00","scheduled","PHX","E56020","Phoenix","Suns",,"false","false","true","false","NBA","7","23.5","standard","false","188014","https://static.prizepicks.com/images/players/NBA/Devin_Booker_NBA_player_hFxfQ4HSfTF5eG5yhA81zf4O.webp","1","Phoenix","Devin Booker","G","PHX","Suns","11619881","Single Stat","Single Stat","3815","true","2026-04-25T15:40:00.000-04:00","Points","0","Points","pre_game",,,"2026-04-23T01:45:18.176-04:00"
,"OKC","EF3B24","Oklahoma City","Thunder","2026-04-23T02:59:18.660-04:00",,"PHX","Full",,"team",,,"false","2026-04-25T15:30:00.000-04:00","scheduled","PHX","E56020","Phoenix","Suns",,"false","false","true","false","NBA","7","23.5","standard","false","79951","https://static.prizepicks.com/images/players/NBA/Jalen_Williams_NBA_player_Gy76x01bCh1JQzfiqKe7Luxi.webp","8","Oklahoma City","Jalen Williams","G-F","OKC","Thunder","11621460","Single Stat","Single Stat","3816","true","2026-04-25T15:40:00.000-04:00","Pts+Asts","10","Pts+Asts","pre_game",,,"2026-04-23T11:18:00.797-04:00"
,"OKC","EF3B24","Oklahoma City","Thunder","2026-04-23T02:59:18.833-04:00",,"PHX","Full",,"team",,,"false","2026-04-25T15:30:00.000-04:00","scheduled","PHX","E56020","Phoenix","Suns",,"false","false","true","false","NBA","7","23.5","standard","false","79951","https://static.prizepicks.com/images/players/NBA/Jalen_Williams_NBA_player_Gy76x01bCh1JQzfiqKe7Luxi.webp","8","Oklahoma City","Jalen Williams","G-F","OKC","Thunder","11621461","Single Stat","Single Stat","3817","true","2026-04-25T15:40:00.000-04:00","Pts+Rebs","18","Pts+Rebs","pre_game",,,"2026-04-23T13:29:38.406-04:00"
,"OKC","EF3B24","Oklahoma City","Thunder","2026-04-23T00:34:17.853-04:00",,"OKC","Full",,"team",,,"false","2026-04-25T15:30:00.000-04:00","scheduled","PHX","E56020","Phoenix","Suns",,"false","false","true","false","NBA","7","22.5","standard","false","272587","https://static.prizepicks.com/images/players/NBA/Jalen_Green_NBA_player_dgDzs8capbSfm3XqiXDKFCSw.webp","4","Phoenix","Jalen Green","G","PHX","Suns","11619118","Single Stat","Single Stat","3820","true","2026-04-25T15:40:00.000-04:00","Pts+Asts","10","Pts+Asts","pre_game",,,"2026-04-24T12:09:52.825-04:00"
,"OKC","EF3B24","Oklahoma City","Thunder","2026-04-23T00:34:13.211-04:00",,"OKC","Full",,"team",,,"false","2026-04-25T15:30:00.000-04:00","scheduled","PHX","E56020","Phoenix","Suns",,"false","false","true","false","NBA","7","21.5","standard","false","269531","https://static.prizepicks.com/images/players/NBA/Dillon_Brooks_NBA_player_doYyaSQoRd6hmm42xjHs1oP.webp","3","Phoenix","Dillon Brooks","G-F","PHX","Suns","11619082","Single Stat","Single Stat","3828","true","2026-04-25T15:40:00.000-04:00","Pts+Rebs","18","Pts+Rebs","pre_game",,,"2026-04-23T15:31:19.604-04:00"
,"OKC","EF3B24","Oklahoma City","Thunder","2026-04-22T18:41:00.000-04:00",,"PHX","Full",,"team",,,"false","2026-04-25T15:30:00.000-04:00","scheduled","PHX","E56020","Phoenix","Suns",,"false","false","true","false","NBA","7","21.5","standard","false","188011","https://static.prizepicks.com/images/players/nba/Shai_Gilgeous-Alexander_d9ea4a8f-ff51-408d-b518-980efc2a35a1.webp","2","Oklahoma City","Shai Gilgeous-Alexander","G","OKC","Thunder","11621577","Single Stat","Single Stat","3832","true","2026-04-25T15:40:00.000-04:00","FG Attempted","12","FG Attempted","pre_game",,,"2026-04-23T18:43:47.841-04:00"
,"OKC","EF3B24","Oklahoma City","Thunder","2026-04-23T16:05:31.886-04:00",,"PHX","Full",,"team",,,"false","2026-04-25T15:30:00.000-04:00","scheduled","PHX","E56020","Phoenix","Suns",,"false","false","true","false","NBA","7","21.5","standard","false","272369","https://static.prizepicks.com/images/players/NBA/Ajay_Mitchell_NBA_player_vJGrrqtDRCIpNNrHobZ0VENR.webp","25","Oklahoma City","Ajay Mitchell","G","OKC","Thunder","11632358","Single Stat","Single Stat","3833","true","2026-04-25T15:40:00.000-04:00","Pts+Rebs+Asts","1","PRA","pre_game",,,"2026-04-24T12:47:37.296-04:00"
,"OKC","EF3B24","Oklahoma City","Thunder","2026-04-23T00:34:13.033-04:00",,"OKC","Full",,"team",,,"false","2026-04-25T15:30:00.000-04:00","scheduled","PHX","E56020","Phoenix","Suns",,"false","false","true","false","NBA","7","19.5","standard","false","269531","https://static.prizepicks.com/images/players/NBA/Dillon_Brooks_NBA_player_doYyaSQoRd6hmm42xjHs1oP.webp","3","Phoenix","Dillon Brooks","G-F","PHX","Suns","11619081","Single Stat","Single Stat","3844","true","2026-04-25T15:40:00.000-04:00","Pts+Asts","10","Pts+Asts","pre_game",,,"2026-04-24T11:56:39.013-04:00"
,"OKC","EF3B24","Oklahoma City","Thunder","2026-04-23T00:34:15.609-04:00",,"PHX","Full",,"team",,,"false","2026-04-25T15:30:00.000-04:00","scheduled","PHX","E56020","Phoenix","Suns",,"false","false","true","false","NBA","7","19.5","standard","false","220343","https://static.prizepicks.com/images/manual/Isaiah_Hartenstein.png","55","Oklahoma City","Isaiah Hartenstein","C-F","OKC","Thunder","11619097","Single Stat","Single Stat","3845","true","2026-04-25T15:40:00.000-04:00","Pts+Rebs+Asts","1","PRA","pre_game",,,"2026-04-23T10:27:53.829-04:00"
,"OKC","EF3B24","Oklahoma City","Thunder","2026-04-23T01:13:54.463-04:00",,"OKC","Full",,"team",,,"false","2026-04-25T15:30:00.000-04:00","scheduled","PHX","E56020","Phoenix","Suns",,"false","false","true","false","NBA","7","19","standard","false","272587","https://static.prizepicks.com/images/players/NBA/Jalen_Green_NBA_player_dgDzs8capbSfm3XqiXDKFCSw.webp","4","Phoenix","Jalen Green","G","PHX","Suns","11619898","Single Stat","Single Stat","3859","true","2026-04-25T15:40:00.000-04:00","Points","0","Points","pre_game",,,"2026-04-23T07:11:53.760-04:00"
,"OKC","EF3B24","Oklahoma City","Thunder","2026-04-23T00:34:08.531-04:00",,"PHX","Full",,"team",,,"false","2026-04-25T15:30:00.000-04:00","scheduled","PHX","E56020","Phoenix","Suns",,"false","false","true","false","NBA","7","18.5","standard","false","93905","https://static.prizepicks.com/images/players/NBA/Chet_Holmgren_NBA_player_vJ4nqK6iuXIrNmp4iJ5ZwfEC.webp","7","Oklahoma City","Chet Holmgren","C-F","OKC","Thunder","11619051","Single Stat","Single Stat","3860","true","2026-04-25T15:40:00.000-04:00","Pts+Asts","10","Pts+Asts","pre_game",,,"2026-04-23T17:18:25.580-04:00"
,"OKC","EF3B24","Oklahoma City","Thunder","2026-04-22T18:41:00.000-04:00",,"OKC","Full",,"team",,,"false","2026-04-25T15:30:00.000-04:00","scheduled","PHX","E56020","Phoenix","Suns",,"false","false","true","false","NBA","7","18.5","standard","false","272587","https://static.prizepicks.com/images/players/NBA/Jalen_Green_NBA_player_dgDzs8capbSfm3XqiXDKFCSw.webp","4","Phoenix","Jalen Green","G","PHX","Suns","11621428","Single Stat","Single Stat","3862","true","2026-04-25T15:40:00.000-04:00","FG Attempted","12","FG Attempted","pre_game",,,"2026-04-23T19:24:44.446-04:00"
,"OKC","EF3B24","Oklahoma City","Thunder","2026-04-23T02:59:18.102-04:00",,"PHX","Full",,"team",,,"false","2026-04-25T15:30:00.000-04:00","scheduled","PHX","E56020","Phoenix","Suns",,"false","false","true","false","NBA","7","18.5","standard","false","79951","https://static.prizepicks.com/images/players/NBA/Jalen_Williams_NBA_player_Gy76x01bCh1JQzfiqKe7Luxi.webp","8","Oklahoma City","Jalen Williams","G-F","OKC","Thunder","11621455","Single Stat","Single Stat","3863","true","2026-04-25T15:40:00.000-04:00","Points","0","Points","pre_game",,,"2026-04-23T03:59:57.943-04:00"
,"OKC","EF3B24","Oklahoma City","Thunder","2026-04-23T01:13:52.705-04:00",,"OKC","Full",,"team",,,"false","2026-04-25T15:30:00.000-04:00","scheduled","PHX","E56020","Phoenix","Suns",,"false","false","true","false","NBA","7","17.5","standard","false","269531","https://static.prizepicks.com/images/players/NBA/Dillon_Brooks_NBA_player_doYyaSQoRd6hmm42xjHs1oP.webp","3","Phoenix","Dillon Brooks","G-F","PHX","Suns","11619889","Single Stat","Single Stat","3867","true","2026-04-25T15:40:00.000-04:00","Points","0","Points","pre_game",,,"2026-04-23T01:18:51.756-04:00"
,"OKC","EF3B24","Oklahoma City","Thunder","2026-04-22T18:41:00.000-04:00",,"OKC","Full",,"team",,,"false","2026-04-25T15:30:00.000-04:00","scheduled","PHX","E56020","Phoenix","Suns",,"false","false","true","false","NBA","7","17.5","standard","false","188014","https://static.prizepicks.com/images/players/NBA/Devin_Booker_NBA_player_hFxfQ4HSfTF5eG5yhA81zf4O.webp","1","Phoenix","Devin Booker","G","PHX","Suns","11621377","Single Stat","Single Stat","3870","true","2026-04-25T15:40:00.000-04:00","FG Attempted","12","FG Attempted","pre_game",,,"2026-04-23T18:43:47.841-04:00"
,"OKC","EF3B24","Oklahoma City","Thunder","2026-04-23T16:05:31.506-04:00",,"PHX","Full",,"team",,,"false","2026-04-25T15:30:00.000-04:00","scheduled","PHX","E56020","Phoenix","Suns",,"false","false","true","false","NBA","7","17.5","standard","false","272369","https://static.prizepicks.com/images/players/NBA/Ajay_Mitchell_NBA_player_vJGrrqtDRCIpNNrHobZ0VENR.webp","25","Oklahoma City","Ajay Mitchell","G","OKC","Thunder","11632356","Single Stat","Single Stat","3875","true","2026-04-25T15:40:00.000-04:00","Pts+Asts","10","Pts+Asts","pre_game",,,"2026-04-24T12:47:47.018-04:00"
,"OKC","EF3B24","Oklahoma City","Thunder","2026-04-23T01:02:33.877-04:00",,"PHX","Full",,"team",,,"false","2026-04-25T15:30:00.000-04:00","scheduled","PHX","E56020","Phoenix","Suns",,"false","false","true","false","NBA","7","17","standard","false","93905","https://static.prizepicks.com/images/players/NBA/Chet_Holmgren_NBA_player_vJ4nqK6iuXIrNmp4iJ5ZwfEC.webp","7","Oklahoma City","Chet Holmgren","C-F","OKC","Thunder","11619646","Single Stat","Single Stat","3878","true","2026-04-25T15:40:00.000-04:00","Points","0","Points","pre_game",,,"2026-04-23T20:22:09.820-04:00"
,"OKC","EF3B24","Oklahoma City","Thunder","2026-04-23T16:05:31.706-04:00",,"PHX","Full",,"team",,,"false","2026-04-25T15:30:00.000-04:00","scheduled","PHX","E56020","Phoenix","Suns",,"false","false","true","false","NBA","7","17","standard","false","272369","https://static.prizepicks.com/images/players/NBA/Ajay_Mitchell_NBA_player_vJGrrqtDRCIpNNrHobZ0VENR.webp","25","Oklahoma City","Ajay Mitchell","G","OKC","Thunder","11632357","Single Stat","Single Stat","3879","true","2026-04-25T15:40:00.000-04:00","Pts+Rebs","18","Pts+Rebs","pre_game",,,"2026-04-24T10:57:14.690-04:00"
,"OKC","EF3B24","Oklahoma City","Thunder","2026-04-23T00:34:15.412-04:00",,"PHX","Full",,"team",,,"false","2026-04-25T15:30:00.000-04:00","scheduled","PHX","E56020","Phoenix","Suns",,"false","false","true","false","NBA","7","16.5","standard","false","220343","https://static.prizepicks.com/images/manual/Isaiah_Hartenstein.png","55","Oklahoma City","Isaiah Hartenstein","C-F","OKC","Thunder","11619096","Single Stat","Single Stat","3880","true","2026-04-25T15:40:00.000-04:00","Pts+Rebs","18","Pts+Rebs","pre_game",,,"2026-04-23T10:26:07.521-04:00"
,"OKC","EF3B24","Oklahoma City","Thunder","2026-04-23T02:58:58.910-04:00",,"OKC","Full",,"team",,,"false","2026-04-25T15:30:00.000-04:00","scheduled","PHX","E56020","Phoenix","Suns",,"false","false","true","false","NBA","7","16.5","standard","false","233411","https://static.prizepicks.com/images/players/NBA/Collin_Gillespie_NBA_player_eBBN9xn1WET1RpK0ZIDTCG1a.webp","12","Phoenix","Collin Gillespie","G","PHX","Suns","11621353","Single Stat","Single Stat","3882","true","2026-04-25T15:40:00.000-04:00","Pts+Rebs+Asts","1","PRA","pre_game",,,"2026-04-23T15:31:12.497-04:00"
,"OKC","EF3B24","Oklahoma City","Thunder","2026-04-23T04:03:59.951-04:00",,"OKC","Full",,"team",,,"false","2026-04-25T15:30:00.000-04:00","scheduled","PHX","E56020","Phoenix","Suns",,"false","false","true","false","NBA","7","16.5","standard","false","221315","https://static.prizepicks.com/images/players/NBA/Oso_Ighodaro_NBA_player_Y7mjfdEdLunH3s3W6Nhh3KnR.webp","11","Phoenix","Oso Ighodaro","F","PHX","Suns","11621986","Single Stat","Single Stat","3883","true","2026-04-25T15:40:00.000-04:00","Pts+Rebs+Asts","1","PRA","pre_game",,,"2026-04-23T10:45:02.377-04:00"
,"OKC","EF3B24","Oklahoma City","Thunder","2026-04-23T02:48:51.571-04:00",,"OKC","Full",,"team",,,"false","2026-04-25T15:30:00.000-04:00","scheduled","PHX","E56020","Phoenix","Suns",,"false","false","true","false","NBA","7","13.5","standard","false","271611","https://static.prizepicks.com/images/players/NBA/Mark_Williams_NBA_player_2sA9l5kJSHOqwIEy4cWN8Zhg.webp","15","Phoenix","Mark Williams","C","PHX","Suns","11621256","Single Stat","Single Stat","3928","true","2026-04-25T15:40:00.000-04:00","Pts+Rebs","18","Pts+Rebs","pre_game",,,"2026-04-23T13:35:52.944-04:00"
,"OKC","EF3B24","Oklahoma City","Thunder","2026-04-23T02:59:27.987-04:00",,"OKC","Full",,"team",,,"false","2026-04-25T15:30:00.000-04:00","scheduled","PHX","E56020","Phoenix","Suns",,"false","false","true","false","NBA","7","13.5","standard","false","271611","https://static.prizepicks.com/images/players/NBA/Mark_Williams_NBA_player_2sA9l5kJSHOqwIEy4cWN8Zhg.webp","15","Phoenix","Mark Williams","C","PHX","Suns","11621522","Single Stat","Single Stat","3933","true","2026-04-25T15:40:00.000-04:00","Pts+Rebs+Asts","1","PRA","pre_game",,,"2026-04-23T06:44:45.095-04:00"
,"OKC","EF3B24","Oklahoma City","Thunder","2026-04-23T02:59:32.319-04:00",,"OKC","Full",,"team",,,"false","2026-04-25T15:30:00.000-04:00","scheduled","PHX","E56020","Phoenix","Suns",,"false","false","true","false","NBA","7","13.5","standard","false","221315","https://static.prizepicks.com/images/players/NBA/Oso_Ighodaro_NBA_player_Y7mjfdEdLunH3s3W6Nhh3KnR.webp","11","Phoenix","Oso Ighodaro","F","PHX","Suns","11621553","Single Stat","Single Stat","3934","true","2026-04-25T15:40:00.000-04:00","Pts+Rebs","18","Pts+Rebs","pre_game",,,"2026-04-23T15:33:49.384-04:00"
,"OKC","EF3B24","Oklahoma City","Thunder","2026-04-23T15:51:09.409-04:00",,"OKC","Full",,"team",,,"false","2026-04-25T15:30:00.000-04:00","scheduled","PHX","E56020","Phoenix","Suns",,"false","false","true","false","NBA","7","13.5","standard","false","187891","https://static.prizepicks.com/images/players/NBA/Royce_O'Neale_NBA_player_POlpCzduuIi15awCHudUOmmp.webp","00","Phoenix","Royce O'Neale","F","PHX","Suns","11631906","Single Stat","Single Stat","3937","true","2026-04-25T15:40:00.000-04:00","Pts+Rebs","18","Pts+Rebs","pre_game",,,"2026-04-24T09:07:21.842-04:00"
,"OKC","EF3B24","Oklahoma City","Thunder","2026-04-23T16:05:31.333-04:00",,"PHX","Full",,"team",,,"false","2026-04-25T15:30:00.000-04:00","scheduled","PHX","E56020","Phoenix","Suns",,"false","false","true","false","NBA","7","13.5","standard","false","272369","https://static.prizepicks.com/images/players/NBA/Ajay_Mitchell_NBA_player_vJGrrqtDRCIpNNrHobZ0VENR.webp","25","Oklahoma City","Ajay Mitchell","G","OKC","Thunder","11632355","Single Stat","Single Stat","3938","true","2026-04-25T15:40:00.000-04:00","Points","0","Points","pre_game",,,"2026-04-24T10:03:14.924-04:00"
,"OKC","EF3B24","Oklahoma City","Thunder","2026-04-23T02:58:58.550-04:00",,"OKC","Full",,"team",,,"false","2026-04-25T15:30:00.000-04:00","scheduled","PHX","E56020","Phoenix","Suns",,"false","false","true","false","NBA","7","12.5","standard","false","233411","https://static.prizepicks.com/images/players/NBA/Collin_Gillespie_NBA_player_eBBN9xn1WET1RpK0ZIDTCG1a.webp","12","Phoenix","Collin Gillespie","G","PHX","Suns","11621351","Single Stat","Single Stat","3943","true","2026-04-25T15:40:00.000-04:00","Pts+Asts","10","Pts+Asts","pre_game",,,"2026-04-23T18:53:02.727-04:00"
,"OKC","EF3B24","Oklahoma City","Thunder","2026-04-23T02:58:58.728-04:00",,"OKC","Full",,"team",,,"false","2026-04-25T15:30:00.000-04:00","scheduled","PHX","E56020","Phoenix","Suns",,"false","false","true","false","NBA","7","12.5","standard","false","233411","https://static.prizepicks.com/images/players/NBA/Collin_Gillespie_NBA_player_eBBN9xn1WET1RpK0ZIDTCG1a.webp","12","Phoenix","Collin Gillespie","G","PHX","Suns","11621352","Single Stat","Single Stat","3944","true","2026-04-25T15:40:00.000-04:00","Pts+Rebs","18","Pts+Rebs","pre_game",,,"2026-04-24T08:18:17.129-04:00"
,"OKC","EF3B24","Oklahoma City","Thunder","2026-04-23T00:34:23.730-04:00",,"PHX","Full",,"team",,,"false","2026-04-25T15:30:00.000-04:00","scheduled","PHX","E56020","Phoenix","Suns",,"false","false","true","false","NBA","7","11.5","standard","false","188011","https://static.prizepicks.com/images/players/nba/Shai_Gilgeous-Alexander_d9ea4a8f-ff51-408d-b518-980efc2a35a1.webp","2","Oklahoma City","Shai Gilgeous-Alexander","G","OKC","Thunder","11619158","Single Stat","Single Stat","3951","true","2026-04-25T15:40:00.000-04:00","Rebs+Asts","7","Rebs+Asts","pre_game",,,"2026-04-23T00:47:01.199-04:00"
,"OKC","EF3B24","Oklahoma City","Thunder","2026-04-22T18:41:00.000-04:00",,"PHX","Full",,"team",,,"false","2026-04-25T15:30:00.000-04:00","scheduled","PHX","E56020","Phoenix","Suns",,"false","false","true","false","NBA","7","11.5","standard","false","93905","https://static.prizepicks.com/images/players/NBA/Chet_Holmgren_NBA_player_vJ4nqK6iuXIrNmp4iJ5ZwfEC.webp","7","Oklahoma City","Chet Holmgren","C-F","OKC","Thunder","11621319","Single Stat","Single Stat","3958","true","2026-04-25T15:40:00.000-04:00","FG Attempted","12","FG Attempted","pre_game",,,"2026-04-24T12:08:37.352-04:00"
,"OKC","EF3B24","Oklahoma City","Thunder","2026-04-22T18:41:00.000-04:00",,"OKC","Full",,"team",,,"false","2026-04-25T15:30:00.000-04:00","scheduled","PHX","E56020","Phoenix","Suns",,"false","false","true","false","NBA","7","11.5","standard","false","188014","https://static.prizepicks.com/images/players/NBA/Devin_Booker_NBA_player_hFxfQ4HSfTF5eG5yhA81zf4O.webp","1","Phoenix","Devin Booker","G","PHX","Suns","11621390","Single Stat","Single Stat","3960","true","2026-04-25T15:40:00.000-04:00","Two Pointers Attempted","1000","2-PT Att","pre_game",,,"2026-04-23T18:43:28.627-04:00"
,"OKC","EF3B24","Oklahoma City","Thunder","2026-04-23T02:59:23.663-04:00",,"PHX","Full",,"team",,,"false","2026-04-25T15:30:00.000-04:00","scheduled","PHX","E56020","Phoenix","Suns",,"false","false","true","false","NBA","7","11.5","standard","false","10798","https://static.prizepicks.com/images/players/NBA/Luguentz_Dort_NBA_player_e1jWAiWanPNpRtbYeXm01a9Q.webp","5","Oklahoma City","Luguentz Dort","G","OKC","Thunder","11621494","Single Stat","Single Stat","3961","true","2026-04-25T15:40:00.000-04:00","Pts+Rebs","18","Pts+Rebs","pre_game",,,"2026-04-23T08:55:30.562-04:00"
,"OKC","EF3B24","Oklahoma City","Thunder","2026-04-23T02:59:23.836-04:00",,"PHX","Full",,"team",,,"false","2026-04-25T15:30:00.000-04:00","scheduled","PHX","E56020","Phoenix","Suns",,"false","false","true","false","NBA","7","11.5","standard","false","10798","https://static.prizepicks.com/images/players/NBA/Luguentz_Dort_NBA_player_e1jWAiWanPNpRtbYeXm01a9Q.webp","5","Oklahoma City","Luguentz Dort","G","OKC","Thunder","11621495","Single Stat","Single Stat","3962","true","2026-04-25T15:40:00.000-04:00","Pts+Rebs+Asts","1","PRA","pre_game",,,"2026-04-24T12:08:38.117-04:00"
,"OKC","EF3B24","Oklahoma City","Thunder","2026-04-23T11:07:39.052-04:00",,"PHX","Full",,"team",,,"false","2026-04-25T15:30:00.000-04:00","scheduled","PHX","E56020","Phoenix","Suns",,"false","false","true","false","NBA","7","11.5","standard","false","220343","https://static.prizepicks.com/images/manual/Isaiah_Hartenstein.png","55","Oklahoma City","Isaiah Hartenstein","C-F","OKC","Thunder","11627288","Single Stat","Single Stat","3965","true","2026-04-25T15:40:00.000-04:00","Rebs+Asts","7","Rebs+Asts","pre_game",,,"2026-04-24T11:57:26.042-04:00"
,"OKC","EF3B24","Oklahoma City","Thunder","2026-04-23T00:34:15.213-04:00",,"PHX","Full",,"team",,,"false","2026-04-25T15:30:00.000-04:00","scheduled","PHX","E56020","Phoenix","Suns",,"false","false","true","false","NBA","7","10.5","standard","false","220343","https://static.prizepicks.com/images/manual/Isaiah_Hartenstein.png","55","Oklahoma City","Isaiah Hartenstein","C-F","OKC","Thunder","11619095","Single Stat","Single Stat","3972","true","2026-04-25T15:40:00.000-04:00","Pts+Asts","10","Pts+Asts","pre_game",,,"2026-04-23T17:14:07.802-04:00"
,"OKC","EF3B24","Oklahoma City","Thunder","2026-04-23T02:38:28.819-04:00",,"PHX","Full",,"team",,,"false","2026-04-25T15:30:00.000-04:00","scheduled","PHX","E56020","Phoenix","Suns",,"false","false","true","false","NBA","7","10.5","standard","false","93905","https://static.prizepicks.com/images/players/NBA/Chet_Holmgren_NBA_player_vJ4nqK6iuXIrNmp4iJ5ZwfEC.webp","7","Oklahoma City","Chet Holmgren","C-F","OKC","Thunder","11621194","Single Stat","Single Stat","3974","true","2026-04-25T15:40:00.000-04:00","Rebs+Asts","7","Rebs+Asts","pre_game",,,"2026-04-23T07:51:32.966-04:00"
,"OKC","EF3B24","Oklahoma City","Thunder","2026-04-22T18:41:00.000-04:00",,"PHX","Full",,"team",,,"false","2026-04-25T15:30:00.000-04:00","scheduled","PHX","E56020","Phoenix","Suns",,"false","false","true","false","NBA","7","10.5","standard","false","188011","https://static.prizepicks.com/images/players/nba/Shai_Gilgeous-Alexander_d9ea4a8f-ff51-408d-b518-980efc2a35a1.webp","2","Oklahoma City","Shai Gilgeous-Alexander","G","OKC","Thunder","11621578","Single Stat","Single Stat","3980","true","2026-04-25T15:40:00.000-04:00","FG Made","7","FG Made","pre_game",,,"2026-04-23T18:43:47.841-04:00"
,"OKC","EF3B24","Oklahoma City","Thunder","2026-04-23T15:50:45.744-04:00",,"PHX","Full",,"team",,,"false","2026-04-25T15:30:00.000-04:00","scheduled","PHX","E56020","Phoenix","Suns",,"false","false","true","false","NBA","7","10.5","standard","false","216805","https://static.prizepicks.com/images/players/NBA/Alex_Caruso_NBA_player_qELTEc2yRfzg2iw8lmpMait.webp","9","Oklahoma City","Alex Caruso","G","OKC","Thunder","11631801","Single Stat","Single Stat","3982","true","2026-04-25T15:40:00.000-04:00","Pts+Rebs+Asts","1","PRA","pre_game",,,"2026-04-23T16:41:01.852-04:00"
,"OKC","EF3B24","Oklahoma City","Thunder","2026-04-23T15:51:00.087-04:00",,"PHX","Full",,"team",,,"false","2026-04-25T15:30:00.000-04:00","scheduled","PHX","E56020","Phoenix","Suns",,"false","false","true","false","NBA","7","10.5","standard","false","88490","https://static.prizepicks.com/images/players/NBA/Isaiah_Joe_NBA_player_ut9gQOUduwi81flqjZSBTjr9.webp","11","Oklahoma City","Isaiah Joe","G","OKC","Thunder","11631877","Single Stat","Single Stat","3985","true","2026-04-25T15:40:00.000-04:00","Pts+Rebs+Asts","1","PRA","pre_game",,,"2026-04-23T17:00:43.655-04:00"
,"OKC","EF3B24","Oklahoma City","Thunder","2026-04-22T18:41:00.000-04:00",,"OKC","Full",,"team",,,"false","2026-04-25T15:30:00.000-04:00","scheduled","PHX","E56020","Phoenix","Suns",,"false","false","true","false","NBA","7","10.5","standard","false","272587","https://static.prizepicks.com/images/players/NBA/Jalen_Green_NBA_player_dgDzs8capbSfm3XqiXDKFCSw.webp","4","Phoenix","Jalen Green","G","PHX","Suns","11631882","Single Stat","Single Stat","3986","true","2026-04-25T15:40:00.000-04:00","Two Pointers Attempted","1000","2-PT Att","pre_game",,,"2026-04-24T13:40:21.305-04:00"
,"OKC","EF3B24","Oklahoma City","Thunder","2026-04-23T15:51:09.199-04:00",,"OKC","Full",,"team",,,"false","2026-04-25T15:30:00.000-04:00","scheduled","PHX","E56020","Phoenix","Suns",,"false","false","true","false","NBA","7","10.5","standard","false","187891","https://static.prizepicks.com/images/players/NBA/Royce_O'Neale_NBA_player_POlpCzduuIi15awCHudUOmmp.webp","00","Phoenix","Royce O'Neale","F","PHX","Suns","11631905","Single Stat","Single Stat","3989","true","2026-04-25T15:40:00.000-04:00","Pts+Asts","10","Pts+Asts","pre_game",,,"2026-04-24T00:39:36.978-04:00"
"true","OKC","EF3B24","Oklahoma City","Thunder","2026-04-23T00:34:11.838-04:00",,"OKC","Full",,"team",,,"false","2026-04-25T15:30:00.000-04:00","scheduled","PHX","E56020","Phoenix","Suns",,"false","false","true","false","NBA","7","10","standard","false","188014","https://static.prizepicks.com/images/players/NBA/Devin_Booker_NBA_player_hFxfQ4HSfTF5eG5yhA81zf4O.webp","1","Phoenix","Devin Booker","G","PHX","Suns","11619073","Single Stat","Single Stat","3994","true","2026-04-25T15:40:00.000-04:00","Rebs+Asts","7","Rebs+Asts","pre_game",,,"2026-04-24T12:53:16.159-04:00"
"true","OKC","EF3B24","Oklahoma City","Thunder","2026-04-22T18:41:00.000-04:00",,"OKC","Full",,"team",,,"false","2026-04-25T15:30:00.000-04:00","scheduled","PHX","E56020","Phoenix","Suns",,"false","false","true","false","NBA","7","9.5","standard","false","269531","https://static.prizepicks.com/images/players/NBA/Dillon_Brooks_NBA_player_doYyaSQoRd6hmm42xjHs1oP.webp","3","Phoenix","Dillon Brooks","G-F","PHX","Suns","11621407","Single Stat","Single Stat","4009","true","2026-04-25T15:40:00.000-04:00","Two Pointers Attempted","1000","2-PT Att","pre_game",,,"2026-04-24T10:54:49.095-04:00"
,"OKC","EF3B24","Oklahoma City","Thunder","2026-04-23T02:59:32.142-04:00",,"OKC","Full",,"team",,,"false","2026-04-25T15:30:00.000-04:00","scheduled","PHX","E56020","Phoenix","Suns",,"false","false","true","false","NBA","7","9.5","standard","false","221315","https://static.prizepicks.com/images/players/NBA/Oso_Ighodaro_NBA_player_Y7mjfdEdLunH3s3W6Nhh3KnR.webp","11","Phoenix","Oso Ighodaro","F","PHX","Suns","11621552","Single Stat","Single Stat","4013","true","2026-04-25T15:40:00.000-04:00","Pts+Asts","10","Pts+Asts","pre_game",,,"2026-04-23T15:31:12.472-04:00"
,"OKC","EF3B24","Oklahoma City","Thunder","2026-04-22T18:41:00.000-04:00",,"PHX","Full",,"team",,,"false","2026-04-25T15:30:00.000-04:00","scheduled","PHX","E56020","Phoenix","Suns",,"false","false","true","false","NBA","7","9.5","standard","false","188011","https://static.prizepicks.com/images/players/nba/Shai_Gilgeous-Alexander_d9ea4a8f-ff51-408d-b518-980efc2a35a1.webp","2","Oklahoma City","Shai Gilgeous-Alexander","G","OKC","Thunder","11621579","Single Stat","Single Stat","4015","true","2026-04-25T15:40:00.000-04:00","Free Throws Attempted","30","FTA","pre_game",,,"2026-04-23T18:44:04.507-04:00"
,"OKC","EF3B24","Oklahoma City","Thunder","2026-04-23T07:09:28.951-04:00",,"OKC","Full",,"team",,,"false","2026-04-25T15:30:00.000-04:00","scheduled","PHX","E56020","Phoenix","Suns",,"false","false","true","false","NBA","7","9.5","standard","false","221315","https://static.prizepicks.com/images/players/NBA/Oso_Ighodaro_NBA_player_Y7mjfdEdLunH3s3W6Nhh3KnR.webp","11","Phoenix","Oso Ighodaro","F","PHX","Suns","11624362","Single Stat","Single Stat","4016","true","2026-04-25T15:40:00.000-04:00","Rebs+Asts","7","Rebs+Asts","pre_game",,,"2026-04-23T09:45:24.790-04:00"
,"OKC","EF3B24","Oklahoma City","Thunder","2026-04-23T15:50:59.900-04:00",,"PHX","Full",,"team",,,"false","2026-04-25T15:30:00.000-04:00","scheduled","PHX","E56020","Phoenix","Suns",,"false","false","true","false","NBA","7","9.5","standard","false","88490","https://static.prizepicks.com/images/players/NBA/Isaiah_Joe_NBA_player_ut9gQOUduwi81flqjZSBTjr9.webp","11","Oklahoma City","Isaiah Joe","G","OKC","Thunder","11631876","Single Stat","Single Stat","4018","true","2026-04-25T15:40:00.000-04:00","Pts+Rebs","18","Pts+Rebs","pre_game",,,"2026-04-23T18:27:35.708-04:00"
"false","OKC","EF3B24","Oklahoma City","Thunder","2026-04-23T02:08:23.530-04:00",,"PHX","Full",,"team",,,"false","2026-04-25T15:30:00.000-04:00","scheduled","PHX","E56020","Phoenix","Suns",,"false","false","true","false","NBA","7","9","standard","false","93905","https://static.prizepicks.com/images/players/NBA/Chet_Holmgren_NBA_player_vJ4nqK6iuXIrNmp4iJ5ZwfEC.webp","7","Oklahoma City","Chet Holmgren","C-F","OKC","Thunder","11620822","Single Stat","Single Stat","4027","true","2026-04-25T15:40:00.000-04:00","Rebounds","2","Rebounds","pre_game",,,"2026-04-23T12:43:30.692-04:00"
,"OKC","EF3B24","Oklahoma City","Thunder","2026-04-23T00:34:15.807-04:00",,"PHX","Full",,"team",,,"false","2026-04-25T15:30:00.000-04:00","scheduled","PHX","E56020","Phoenix","Suns",,"false","false","true","false","NBA","7","8.5","standard","false","220343","https://static.prizepicks.com/images/manual/Isaiah_Hartenstein.png","55","Oklahoma City","Isaiah Hartenstein","C-F","OKC","Thunder","11619101","Single Stat","Single Stat","4028","true","2026-04-25T15:40:00.000-04:00","Rebounds","2","Rebounds","pre_game",,,"2026-04-23T01:20:57.610-04:00"
,"OKC","EF3B24","Oklahoma City","Thunder","2026-04-22T18:41:00.000-04:00",,"OKC","Full",,"team",,,"false","2026-04-25T15:30:00.000-04:00","scheduled","PHX","E56020","Phoenix","Suns",,"false","false","true","false","NBA","7","8.5","standard","false","233411","https://static.prizepicks.com/images/players/NBA/Collin_Gillespie_NBA_player_eBBN9xn1WET1RpK0ZIDTCG1a.webp","12","Phoenix","Collin Gillespie","G","PHX","Suns","11621343","Single Stat","Single Stat","4032","true","2026-04-25T15:40:00.000-04:00","FG Attempted","12","FG Attempted","pre_game",,,"2026-04-23T18:43:47.841-04:00"
"true","OKC","EF3B24","Oklahoma City","Thunder","2026-04-22T18:41:00.000-04:00",,"PHX","Full",,"team",,,"false","2026-04-25T15:30:00.000-04:00","scheduled","PHX","E56020","Phoenix","Suns",,"false","false","true","false","NBA","7","8.5","standard","false","188011","https://static.prizepicks.com/images/players/nba/Shai_Gilgeous-Alexander_d9ea4a8f-ff51-408d-b518-980efc2a35a1.webp","2","Oklahoma City","Shai Gilgeous-Alexander","G","OKC","Thunder","11624363","Single Stat","Single Stat","4040","true","2026-04-25T15:40:00.000-04:00","Free Throws Made","11","FTM","pre_game",,,"2026-04-24T10:12:48.966-04:00"
,"OKC","EF3B24","Oklahoma City","Thunder","2026-04-23T15:50:45.557-04:00",,"PHX","Full",,"team",,,"false","2026-04-25T15:30:00.000-04:00","scheduled","PHX","E56020","Phoenix","Suns",,"false","false","true","false","NBA","7","8.5","standard","false","216805","https://static.prizepicks.com/images/players/NBA/Alex_Caruso_NBA_player_qELTEc2yRfzg2iw8lmpMait.webp","9","Oklahoma City","Alex Caruso","G","OKC","Thunder","11631800","Single Stat","Single Stat","4042","true","2026-04-25T15:40:00.000-04:00","Pts+Rebs","18","Pts+Rebs","pre_game",,,"2026-04-23T15:48:45.629-04:00"
,"OKC","EF3B24","Oklahoma City","Thunder","2026-04-23T15:50:59.688-04:00",,"PHX","Full",,"team",,,"false","2026-04-25T15:30:00.000-04:00","scheduled","PHX","E56020","Phoenix","Suns",,"false","false","true","false","NBA","7","8.5","standard","false","88490","https://static.prizepicks.com/images/players/NBA/Isaiah_Joe_NBA_player_ut9gQOUduwi81flqjZSBTjr9.webp","11","Oklahoma City","Isaiah Joe","G","OKC","Thunder","11631875","Single Stat","Single Stat","4045","true","2026-04-25T15:40:00.000-04:00","Pts+Asts","10","Pts+Asts","pre_game",,,"2026-04-23T23:08:45.571-04:00"
,"OKC","EF3B24","Oklahoma City","Thunder","2026-04-23T00:34:14.738-04:00",,"PHX","Full",,"team",,,"false","2026-04-25T15:30:00.000-04:00","scheduled","PHX","E56020","Phoenix","Suns",,"false","false","true","false","NBA","7","7.5","standard","false","220343","https://static.prizepicks.com/images/manual/Isaiah_Hartenstein.png","55","Oklahoma City","Isaiah Hartenstein","C-F","OKC","Thunder","11619091","Single Stat","Single Stat","4052","true","2026-04-25T15:40:00.000-04:00","Points","0","Points","pre_game",,,"2026-04-23T10:56:10.657-04:00"
,"OKC","EF3B24","Oklahoma City","Thunder","2026-04-23T00:34:18.853-04:00",,"OKC","Full",,"team",,,"false","2026-04-25T15:30:00.000-04:00","scheduled","PHX","E56020","Phoenix","Suns",,"false","false","true","false","NBA","7","7.5","standard","false","272587","https://static.prizepicks.com/images/players/NBA/Jalen_Green_NBA_player_dgDzs8capbSfm3XqiXDKFCSw.webp","4","Phoenix","Jalen Green","G","PHX","Suns","11619124","Single Stat","Single Stat","4055","true","2026-04-25T15:40:00.000-04:00","Rebs+Asts","7","Rebs+Asts","pre_game",,,"2026-04-23T08:54:34.075-04:00"
,"OKC","EF3B24","Oklahoma City","Thunder","2026-04-23T00:34:19.465-04:00",,"PHX","Full",,"team",,,"false","2026-04-25T15:30:00.000-04:00","scheduled","PHX","E56020","Phoenix","Suns",,"false","false","true","false","NBA","7","7.5","standard","false","10798","https://static.prizepicks.com/images/players/NBA/Luguentz_Dort_NBA_player_e1jWAiWanPNpRtbYeXm01a9Q.webp","5","Oklahoma City","Luguentz Dort","G","OKC","Thunder","11619128","Single Stat","Single Stat","4056","true","2026-04-25T15:40:00.000-04:00","Points","0","Points","pre_game",,,"2026-04-23T13:34:39.032-04:00"
,"OKC","EF3B24","Oklahoma City","Thunder","2026-04-22T18:41:00.000-04:00",,"OKC","Full",,"team",,,"false","2026-04-25T15:30:00.000-04:00","scheduled","PHX","E56020","Phoenix","Suns",,"false","false","true","false","NBA","7","7.5","standard","false","188014","https://static.prizepicks.com/images/players/NBA/Devin_Booker_NBA_player_hFxfQ4HSfTF5eG5yhA81zf4O.webp","1","Phoenix","Devin Booker","G","PHX","Suns","11621378","Single Stat","Single Stat","4066","true","2026-04-25T15:40:00.000-04:00","FG Made","7","FG Made","pre_game",,,"2026-04-23T18:43:47.841-04:00"
,"OKC","EF3B24","Oklahoma City","Thunder","2026-04-22T18:41:00.000-04:00",,"OKC","Full",,"team",,,"false","2026-04-25T15:30:00.000-04:00","scheduled","PHX","E56020","Phoenix","Suns",,"false","false","true","false","NBA","7","7.5","standard","false","272587","https://static.prizepicks.com/images/players/NBA/Jalen_Green_NBA_player_dgDzs8capbSfm3XqiXDKFCSw.webp","4","Phoenix","Jalen Green","G","PHX","Suns","11621424","Single Stat","Single Stat","4067","true","2026-04-25T15:40:00.000-04:00","3-PT Attempted","8","3PTA","pre_game",,,"2026-04-23T18:43:15.371-04:00"
"true","OKC","EF3B24","Oklahoma City","Thunder","2026-04-22T18:41:00.000-04:00",,"PHX","Full",,"team",,,"false","2026-04-25T15:30:00.000-04:00","scheduled","PHX","E56020","Phoenix","Suns",,"false","false","true","false","NBA","7","7.5","standard","false","10798","https://static.prizepicks.com/images/players/NBA/Luguentz_Dort_NBA_player_e1jWAiWanPNpRtbYeXm01a9Q.webp","5","Oklahoma City","Luguentz Dort","G","OKC","Thunder","11629950","Single Stat","Single Stat","4073","true","2026-04-25T15:40:00.000-04:00","FG Attempted","12","FG Attempted","pre_game",,,"2026-04-24T13:29:54.775-04:00"
,"OKC","EF3B24","Oklahoma City","Thunder","2026-04-23T15:50:45.385-04:00",,"PHX","Full",,"team",,,"false","2026-04-25T15:30:00.000-04:00","scheduled","PHX","E56020","Phoenix","Suns",,"false","false","true","false","NBA","7","7.5","standard","false","216805","https://static.prizepicks.com/images/players/NBA/Alex_Caruso_NBA_player_qELTEc2yRfzg2iw8lmpMait.webp","9","Oklahoma City","Alex Caruso","G","OKC","Thunder","11631799","Single Stat","Single Stat","4075","true","2026-04-25T15:40:00.000-04:00","Pts+Asts","10","Pts+Asts","pre_game",,,"2026-04-23T21:19:23.525-04:00"
,"OKC","EF3B24","Oklahoma City","Thunder","2026-04-23T15:50:59.494-04:00",,"PHX","Full",,"team",,,"false","2026-04-25T15:30:00.000-04:00","scheduled","PHX","E56020","Phoenix","Suns",,"false","false","true","false","NBA","7","7.5","standard","false","88490","https://static.prizepicks.com/images/players/NBA/Isaiah_Joe_NBA_player_ut9gQOUduwi81flqjZSBTjr9.webp","11","Oklahoma City","Isaiah Joe","G","OKC","Thunder","11631874","Single Stat","Single Stat","4078","true","2026-04-25T15:40:00.000-04:00","Points","0","Points","pre_game",,,"2026-04-23T17:41:52.969-04:00"
,"OKC","EF3B24","Oklahoma City","Thunder","2026-04-23T16:05:34.465-04:00",,"PHX","Full",,"team",,,"false","2026-04-25T15:30:00.000-04:00","scheduled","PHX","E56020","Phoenix","Suns",,"false","false","true","false","NBA","7","7.5","standard","false","175716","https://static.prizepicks.com/images/players/NBA/Cason_Wallace_NBA_player_9xDSeIOsMeujUyEeqF7Vy8y4.webp","22","Oklahoma City","Cason Wallace","G","OKC","Thunder","11632367","Single Stat","Single Stat","4081","true","2026-04-25T15:40:00.000-04:00","Points","0","Points","pre_game",,,"2026-04-23T16:41:13.883-04:00"
"false","OKC","EF3B24","Oklahoma City","Thunder","2026-04-22T18:47:00.000-04:00",,"PHX","Full",,"team",,,"false","2026-04-25T15:30:00.000-04:00","scheduled","PHX","E56020","Phoenix","Suns",,"false","false","true","false","NBA","7","7","standard","false","188011","https://static.prizepicks.com/images/players/nba/Shai_Gilgeous-Alexander_d9ea4a8f-ff51-408d-b518-980efc2a35a1.webp","2","Oklahoma City","Shai Gilgeous-Alexander","G","OKC","Thunder","11635084","Single Stat","Single Stat","4083","true","2026-04-25T15:40:00.000-04:00","Assists","5","Assists","pre_game",,,"2026-04-23T19:17:05.437-04:00"
,"OKC","EF3B24","Oklahoma City","Thunder","2026-04-23T00:34:20.185-04:00",,"OKC","Full",,"team",,,"false","2026-04-25T15:30:00.000-04:00","scheduled","PHX","E56020","Phoenix","Suns",,"false","false","true","false","NBA","7","6.5","standard","false","271611","https://static.prizepicks.com/images/players/NBA/Mark_Williams_NBA_player_2sA9l5kJSHOqwIEy4cWN8Zhg.webp","15","Phoenix","Mark Williams","C","PHX","Suns","11619133","Single Stat","Single Stat","4084","true","2026-04-25T15:40:00.000-04:00","Points","0","Points","pre_game",,,"2026-04-23T00:47:01.209-04:00"
"true","OKC","EF3B24","Oklahoma City","Thunder","2026-04-23T00:34:20.589-04:00",,"OKC","Full",,"team",,,"false","2026-04-25T15:30:00.000-04:00","scheduled","PHX","E56020","Phoenix","Suns",,"false","false","true","false","NBA","7","6.5","standard","false","271611","https://static.prizepicks.com/images/players/NBA/Mark_Williams_NBA_player_2sA9l5kJSHOqwIEy4cWN8Zhg.webp","15","Phoenix","Mark Williams","C","PHX","Suns","11619136","Single Stat","Single Stat","4085","true","2026-04-25T15:40:00.000-04:00","Rebounds","2","Rebounds","pre_game",,,"2026-04-23T12:27:12.822-04:00"
,"OKC","EF3B24","Oklahoma City","Thunder","2026-04-22T18:41:00.000-04:00",,"OKC","Full",,"team",,,"false","2026-04-25T15:30:00.000-04:00","scheduled","PHX","E56020","Phoenix","Suns",,"false","false","true","false","NBA","7","6.5","standard","false","188014","https://static.prizepicks.com/images/players/NBA/Devin_Booker_NBA_player_hFxfQ4HSfTF5eG5yhA81zf4O.webp","1","Phoenix","Devin Booker","G","PHX","Suns","11621380","Single Stat","Single Stat","4098","true","2026-04-25T15:40:00.000-04:00","Free Throws Made","11","FTM","pre_game",,,"2026-04-23T18:44:04.507-04:00"
,"OKC","EF3B24","Oklahoma City","Thunder","2026-04-22T18:41:00.000-04:00",,"OKC","Full",,"team",,,"false","2026-04-25T15:30:00.000-04:00","scheduled","PHX","E56020","Phoenix","Suns",,"false","false","true","false","NBA","7","6.5","standard","false","269531","https://static.prizepicks.com/images/players/NBA/Dillon_Brooks_NBA_player_doYyaSQoRd6hmm42xjHs1oP.webp","3","Phoenix","Dillon Brooks","G-F","PHX","Suns","11621391","Single Stat","Single Stat","4099","true","2026-04-25T15:40:00.000-04:00","3-PT Attempted","8","3PTA","pre_game",,,"2026-04-23T18:43:15.371-04:00"
,"OKC","EF3B24","Oklahoma City","Thunder","2026-04-23T02:59:31.586-04:00",,"OKC","Full",,"team",,,"false","2026-04-25T15:30:00.000-04:00","scheduled","PHX","E56020","Phoenix","Suns",,"false","false","true","false","NBA","7","6.5","standard","false","221315","https://static.prizepicks.com/images/players/NBA/Oso_Ighodaro_NBA_player_Y7mjfdEdLunH3s3W6Nhh3KnR.webp","11","Phoenix","Oso Ighodaro","F","PHX","Suns","11621547","Single Stat","Single Stat","4104","true","2026-04-25T15:40:00.000-04:00","Points","0","Points","pre_game",,,"2026-04-23T08:05:14.246-04:00"
,"OKC","EF3B24","Oklahoma City","Thunder","2026-04-22T18:41:00.000-04:00",,"PHX","Full",,"team",,,"false","2026-04-25T15:30:00.000-04:00","scheduled","PHX","E56020","Phoenix","Suns",,"false","false","true","false","NBA","7","6.5","standard","false","88490","https://static.prizepicks.com/images/players/NBA/Isaiah_Joe_NBA_player_ut9gQOUduwi81flqjZSBTjr9.webp","11","Oklahoma City","Isaiah Joe","G","OKC","Thunder","11631869","Single Stat","Single Stat","4111","true","2026-04-25T15:40:00.000-04:00","FG Attempted","12","FG Attempted","pre_game",,,"2026-04-23T18:57:35.619-04:00"
,"OKC","EF3B24","Oklahoma City","Thunder","2026-04-23T15:51:08.389-04:00",,"OKC","Full",,"team",,,"false","2026-04-25T15:30:00.000-04:00","scheduled","PHX","E56020","Phoenix","Suns",,"false","false","true","false","NBA","7","6.5","standard","false","187891","https://static.prizepicks.com/images/players/NBA/Royce_O'Neale_NBA_player_POlpCzduuIi15awCHudUOmmp.webp","00","Phoenix","Royce O'Neale","F","PHX","Suns","11631900","Single Stat","Single Stat","4112","true","2026-04-25T15:40:00.000-04:00","Points","0","Points","pre_game",,,"2026-04-24T04:53:05.919-04:00"
,"OKC","EF3B24","Oklahoma City","Thunder","2026-04-22T18:41:00.000-04:00",,"PHX","Full",,"team",,,"false","2026-04-25T15:30:00.000-04:00","scheduled","PHX","E56020","Phoenix","Suns",,"false","false","true","false","NBA","7","5.5","standard","false","220343","https://static.prizepicks.com/images/manual/Isaiah_Hartenstein.png","55","Oklahoma City","Isaiah Hartenstein","C-F","OKC","Thunder","11621412","Single Stat","Single Stat","4131","true","2026-04-25T15:40:00.000-04:00","FG Attempted","12","FG Attempted","pre_game",,,"2026-04-23T18:43:47.841-04:00"
,"OKC","EF3B24","Oklahoma City","Thunder","2026-04-22T18:41:00.000-04:00",,"PHX","Full",,"team",,,"false","2026-04-25T15:30:00.000-04:00","scheduled","PHX","E56020","Phoenix","Suns",,"false","false","true","false","NBA","7","5.5","standard","false","220343","https://static.prizepicks.com/images/manual/Isaiah_Hartenstein.png","55","Oklahoma City","Isaiah Hartenstein","C-F","OKC","Thunder","11621423","Single Stat","Single Stat","4132","true","2026-04-25T15:40:00.000-04:00","Two Pointers Attempted","1000","2-PT Att","pre_game",,,"2026-04-24T12:13:32.453-04:00"
"true","OKC","EF3B24","Oklahoma City","Thunder","2026-04-22T18:41:00.000-04:00",,"PHX","Full",,"team",,,"false","2026-04-25T15:30:00.000-04:00","scheduled","PHX","E56020","Phoenix","Suns",,"false","false","true","false","NBA","7","5.5","standard","false","10798","https://static.prizepicks.com/images/players/NBA/Luguentz_Dort_NBA_player_e1jWAiWanPNpRtbYeXm01a9Q.webp","5","Oklahoma City","Luguentz Dort","G","OKC","Thunder","11621483","Single Stat","Single Stat","4135","true","2026-04-25T15:40:00.000-04:00","3-PT Attempted","8","3PTA","pre_game",,,"2026-04-24T10:30:07.119-04:00"
,"OKC","EF3B24","Oklahoma City","Thunder","2026-04-23T15:50:44.803-04:00",,"PHX","Full",,"team",,,"false","2026-04-25T15:30:00.000-04:00","scheduled","PHX","E56020","Phoenix","Suns",,"false","false","true","false","NBA","7","5.5","standard","false","216805","https://static.prizepicks.com/images/players/NBA/Alex_Caruso_NBA_player_qELTEc2yRfzg2iw8lmpMait.webp","9","Oklahoma City","Alex Caruso","G","OKC","Thunder","11631794","Single Stat","Single Stat","4140","true","2026-04-25T15:40:00.000-04:00","Points","0","Points","pre_game",,,"2026-04-23T16:41:48.888-04:00"
,"OKC","EF3B24","Oklahoma City","Thunder","2026-04-23T15:51:10.375-04:00",,"OKC","Full",,"team",,,"false","2026-04-25T15:30:00.000-04:00","scheduled","PHX","E56020","Phoenix","Suns",,"false","false","true","false","NBA","7","5.5","standard","false","187891","https://static.prizepicks.com/images/players/NBA/Royce_O'Neale_NBA_player_POlpCzduuIi15awCHudUOmmp.webp","00","Phoenix","Royce O'Neale","F","PHX","Suns","11631913","Single Stat","Single Stat","4144","true","2026-04-25T15:40:00.000-04:00","Rebounds","2","Rebounds","pre_game",,,"2026-04-24T00:52:44.255-04:00"
"false","OKC","EF3B24","Oklahoma City","Thunder","2026-04-23T19:10:00.000-04:00",,"OKC","Full",,"team",,,"false","2026-04-25T15:30:00.000-04:00","scheduled","PHX","E56020","Phoenix","Suns",,"false","false","true","false","NBA","7","5","standard","false","272587","https://static.prizepicks.com/images/players/NBA/Jalen_Green_NBA_player_dgDzs8capbSfm3XqiXDKFCSw.webp","4","Phoenix","Jalen Green","G","PHX","Suns","11635078","Single Stat","Single Stat","4152","true","2026-04-25T15:40:00.000-04:00","Rebounds","2","Rebounds","pre_game",,,"2026-04-23T19:55:13.198-04:00"
"false","OKC","EF3B24","Oklahoma City","Thunder","2026-04-22T18:47:00.000-04:00",,"OKC","Full",,"team",,,"false","2026-04-25T15:30:00.000-04:00","scheduled","PHX","E56020","Phoenix","Suns",,"false","false","true","false","NBA","7","5","standard","false","188014","https://static.prizepicks.com/images/players/NBA/Devin_Booker_NBA_player_hFxfQ4HSfTF5eG5yhA81zf4O.webp","1","Phoenix","Devin Booker","G","PHX","Suns","11635085","Single Stat","Single Stat","4153","true","2026-04-25T15:40:00.000-04:00","Assists","5","Assists","pre_game",,,"2026-04-23T20:29:44.108-04:00"
,"OKC","EF3B24","Oklahoma City","Thunder","2026-04-23T00:34:23.361-04:00",,"PHX","Full",,"team",,,"false","2026-04-25T15:30:00.000-04:00","scheduled","PHX","E56020","Phoenix","Suns",,"false","false","true","false","NBA","7","4.5","standard","false","188011","https://static.prizepicks.com/images/players/nba/Shai_Gilgeous-Alexander_d9ea4a8f-ff51-408d-b518-980efc2a35a1.webp","2","Oklahoma City","Shai Gilgeous-Alexander","G","OKC","Thunder","11619155","Single Stat","Single Stat","4158","true","2026-04-25T15:40:00.000-04:00","Rebounds","2","Rebounds","pre_game",,,"2026-04-23T01:37:00.113-04:00"
,"OKC","EF3B24","Oklahoma City","Thunder","2026-04-22T18:41:00.000-04:00",,"PHX","Full",,"team",,,"false","2026-04-25T15:30:00.000-04:00","scheduled","PHX","E56020","Phoenix","Suns",,"false","false","true","false","NBA","7","4.5","standard","false","93905","https://static.prizepicks.com/images/players/NBA/Chet_Holmgren_NBA_player_vJ4nqK6iuXIrNmp4iJ5ZwfEC.webp","7","Oklahoma City","Chet Holmgren","C-F","OKC","Thunder","11621333","Single Stat","Single Stat","4166","true","2026-04-25T15:40:00.000-04:00","Two Pointers Made","1001","2-PT Made","pre_game",,,"2026-04-23T23:01:35.904-04:00"
,"OKC","EF3B24","Oklahoma City","Thunder","2026-04-23T02:59:16.560-04:00",,"PHX","Full",,"team",,,"false","2026-04-25T15:30:00.000-04:00","scheduled","PHX","E56020","Phoenix","Suns",,"false","false","true","false","NBA","7","4.5","standard","false","79951","https://static.prizepicks.com/images/players/NBA/Jalen_Williams_NBA_player_Gy76x01bCh1JQzfiqKe7Luxi.webp","8","Oklahoma City","Jalen Williams","G-F","OKC","Thunder","11621445","Single Stat","Single Stat","4171","true","2026-04-25T15:40:00.000-04:00","Assists","5","Assists","pre_game",,,"2026-04-23T04:50:48.201-04:00"
,"OKC","EF3B24","Oklahoma City","Thunder","2026-04-23T02:59:19.841-04:00",,"PHX","Full",,"team",,,"false","2026-04-25T15:30:00.000-04:00","scheduled","PHX","E56020","Phoenix","Suns",,"false","false","true","false","NBA","7","4.5","standard","false","79951","https://static.prizepicks.com/images/players/NBA/Jalen_Williams_NBA_player_Gy76x01bCh1JQzfiqKe7Luxi.webp","8","Oklahoma City","Jalen Williams","G-F","OKC","Thunder","11621469","Single Stat","Single Stat","4172","true","2026-04-25T15:40:00.000-04:00","Rebounds","2","Rebounds","pre_game",,,"2026-04-23T03:55:27.155-04:00"
,"OKC","EF3B24","Oklahoma City","Thunder","2026-04-22T18:41:00.000-04:00",,"PHX","Full",,"team",,,"false","2026-04-25T15:30:00.000-04:00","scheduled","PHX","E56020","Phoenix","Suns",,"false","false","true","false","NBA","7","4.5","standard","false","188011","https://static.prizepicks.com/images/players/nba/Shai_Gilgeous-Alexander_d9ea4a8f-ff51-408d-b518-980efc2a35a1.webp","2","Oklahoma City","Shai Gilgeous-Alexander","G","OKC","Thunder","11621572","Single Stat","Single Stat","4175","true","2026-04-25T15:40:00.000-04:00","3-PT Attempted","8","3PTA","pre_game",,,"2026-04-23T18:43:15.371-04:00"
,"OKC","EF3B24","Oklahoma City","Thunder","2026-04-23T04:37:18.122-04:00",,"OKC","Full",,"team",,,"false","2026-04-25T15:30:00.000-04:00","scheduled","PHX","E56020","Phoenix","Suns",,"false","false","true","false","NBA","7","4.5","standard","false","188014","https://static.prizepicks.com/images/players/NBA/Devin_Booker_NBA_player_hFxfQ4HSfTF5eG5yhA81zf4O.webp","1","Phoenix","Devin Booker","G","PHX","Suns","11622271","Single Stat","Single Stat","4178","true","2026-04-25T15:40:00.000-04:00","Rebounds","2","Rebounds","pre_game",,,"2026-04-23T04:53:38.913-04:00"
,"OKC","EF3B24","Oklahoma City","Thunder","2026-04-22T18:41:00.000-04:00",,"OKC","Full",,"team",,,"false","2026-04-25T15:30:00.000-04:00","scheduled","PHX","E56020","Phoenix","Suns",,"false","false","true","false","NBA","7","4.5","standard","false","272587","https://static.prizepicks.com/images/players/NBA/Jalen_Green_NBA_player_dgDzs8capbSfm3XqiXDKFCSw.webp","4","Phoenix","Jalen Green","G","PHX","Suns","11629618","Single Stat","Single Stat","4180","true","2026-04-25T15:40:00.000-04:00","Two Pointers Made","1001","2-PT Made","pre_game",,,"2026-04-23T18:43:28.627-04:00"
,"OKC","EF3B24","Oklahoma City","Thunder","2026-04-22T18:41:00.000-04:00",,"OKC","Full",,"team",,,"false","2026-04-25T15:30:00.000-04:00","scheduled","PHX","E56020","Phoenix","Suns",,"false","false","true","false","NBA","7","4.5","standard","false","271611","https://static.prizepicks.com/images/players/NBA/Mark_Williams_NBA_player_2sA9l5kJSHOqwIEy4cWN8Zhg.webp","15","Phoenix","Mark Williams","C","PHX","Suns","11629621","Single Stat","Single Stat","4181","true","2026-04-25T15:40:00.000-04:00","Two Pointers Attempted","1000","2-PT Att","pre_game",,,"2026-04-23T18:43:28.627-04:00"
,"OKC","EF3B24","Oklahoma City","Thunder","2026-04-23T15:50:46.726-04:00",,"PHX","Full",,"team",,,"false","2026-04-25T15:30:00.000-04:00","scheduled","PHX","E56020","Phoenix","Suns",,"false","false","true","false","NBA","7","4.5","standard","false","216805","https://static.prizepicks.com/images/players/NBA/Alex_Caruso_NBA_player_qELTEc2yRfzg2iw8lmpMait.webp","9","Oklahoma City","Alex Caruso","G","OKC","Thunder","11631809","Single Stat","Single Stat","4186","true","2026-04-25T15:40:00.000-04:00","Rebs+Asts","7","Rebs+Asts","pre_game",,,"2026-04-23T16:41:13.872-04:00"
"false","OKC","EF3B24","Oklahoma City","Thunder","2026-04-23T19:10:00.000-04:00",,"OKC","Full",,"team",,,"false","2026-04-25T15:30:00.000-04:00","scheduled","PHX","E56020","Phoenix","Suns",,"false","false","true","false","NBA","7","4","standard","false","269531","https://static.prizepicks.com/images/players/NBA/Dillon_Brooks_NBA_player_doYyaSQoRd6hmm42xjHs1oP.webp","3","Phoenix","Dillon Brooks","G-F","PHX","Suns","11635077","Single Stat","Single Stat","4199","true","2026-04-25T15:40:00.000-04:00","Rebounds","2","Rebounds","pre_game",,,"2026-04-23T21:52:12.296-04:00"
,"OKC","EF3B24","Oklahoma City","Thunder","2026-04-22T18:41:00.000-04:00",,"OKC","Full",,"team",,,"false","2026-04-25T15:30:00.000-04:00","scheduled","PHX","E56020","Phoenix","Suns",,"false","false","true","false","NBA","7","3.5","standard","false","188014","https://static.prizepicks.com/images/players/NBA/Devin_Booker_NBA_player_hFxfQ4HSfTF5eG5yhA81zf4O.webp","1","Phoenix","Devin Booker","G","PHX","Suns","11621381","Single Stat","Single Stat","4217","true","2026-04-25T15:40:00.000-04:00","Personal Fouls","30","Personal Fouls","pre_game",,,"2026-04-23T18:42:42.871-04:00"
"true","OKC","EF3B24","Oklahoma City","Thunder","2026-04-22T18:41:00.000-04:00",,"PHX","Full",,"team",,,"false","2026-04-25T15:30:00.000-04:00","scheduled","PHX","E56020","Phoenix","Suns",,"false","false","true","false","NBA","7","3.5","standard","false","220343","https://static.prizepicks.com/images/manual/Isaiah_Hartenstein.png","55","Oklahoma City","Isaiah Hartenstein","C-F","OKC","Thunder","11621413","Single Stat","Single Stat","4218","true","2026-04-25T15:40:00.000-04:00","FG Made","7","FG Made","pre_game",,,"2026-04-24T13:07:02.599-04:00"
"true","OKC","EF3B24","Oklahoma City","Thunder","2026-04-23T16:05:29.837-04:00",,"PHX","Full",,"team",,,"false","2026-04-25T15:30:00.000-04:00","scheduled","PHX","E56020","Phoenix","Suns",,"false","false","true","false","NBA","7","3.5","standard","false","272369","https://static.prizepicks.com/images/players/NBA/Ajay_Mitchell_NBA_player_vJGrrqtDRCIpNNrHobZ0VENR.webp","25","Oklahoma City","Ajay Mitchell","G","OKC","Thunder","11632348","Single Stat","Single Stat","4242","true","2026-04-25T15:40:00.000-04:00","Assists","5","Assists","pre_game",,,"2026-04-24T07:20:11.046-04:00"
"true","OKC","EF3B24","Oklahoma City","Thunder","2026-04-23T16:05:32.244-04:00",,"PHX","Full",,"team",,,"false","2026-04-25T15:30:00.000-04:00","scheduled","PHX","E56020","Phoenix","Suns",,"false","false","true","false","NBA","7","3.5","standard","false","272369","https://static.prizepicks.com/images/players/NBA/Ajay_Mitchell_NBA_player_vJGrrqtDRCIpNNrHobZ0VENR.webp","25","Oklahoma City","Ajay Mitchell","G","OKC","Thunder","11632360","Single Stat","Single Stat","4243","true","2026-04-25T15:40:00.000-04:00","Rebounds","2","Rebounds","pre_game",,,"2026-04-24T10:08:15.803-04:00"
,"OKC","EF3B24","Oklahoma City","Thunder","2026-04-24T02:51:23.328-04:00",,"OKC","Full",,"team",,,"false","2026-04-25T15:30:00.000-04:00","scheduled","PHX","E56020","Phoenix","Suns",,"false","false","true","false","NBA","7","3.5","standard","false","233411","https://static.prizepicks.com/images/players/NBA/Collin_Gillespie_NBA_player_eBBN9xn1WET1RpK0ZIDTCG1a.webp","12","Phoenix","Collin Gillespie","G","PHX","Suns","11644681","Single Stat","Single Stat","4249","true","2026-04-25T15:40:00.000-04:00","Rebounds","2","Rebounds","pre_game",,,"2026-04-24T08:52:26.875-04:00"
,"OKC","EF3B24","Oklahoma City","Thunder","2026-04-22T18:41:00.000-04:00",,"OKC","Full",,"team",,,"false","2026-04-25T15:30:00.000-04:00","scheduled","PHX","E56020","Phoenix","Suns",,"false","false","true","false","NBA","7","2.5","standard","false","269531","https://static.prizepicks.com/images/players/NBA/Dillon_Brooks_NBA_player_doYyaSQoRd6hmm42xjHs1oP.webp","3","Phoenix","Dillon Brooks","G-F","PHX","Suns","11621398","Single Stat","Single Stat","4267","true","2026-04-25T15:40:00.000-04:00","Free Throws Attempted","30","FTA","pre_game",,,"2026-04-23T18:57:54.188-04:00"
,"OKC","EF3B24","Oklahoma City","Thunder","2026-04-22T18:41:00.000-04:00",,"OKC","Full",,"team",,,"false","2026-04-25T15:30:00.000-04:00","scheduled","PHX","E56020","Phoenix","Suns",,"false","false","true","false","NBA","7","2.5","standard","false","271611","https://static.prizepicks.com/images/players/NBA/Mark_Williams_NBA_player_2sA9l5kJSHOqwIEy4cWN8Zhg.webp","15","Phoenix","Mark Williams","C","PHX","Suns","11621515","Single Stat","Single Stat","4273","true","2026-04-25T15:40:00.000-04:00","FG Made","7","FG Made","pre_game",,,"2026-04-23T18:43:47.841-04:00"
,"OKC","EF3B24","Oklahoma City","Thunder","2026-04-22T18:41:00.000-04:00",,"OKC","Full",,"team",,,"false","2026-04-25T15:30:00.000-04:00","scheduled","PHX","E56020","Phoenix","Suns",,"false","false","true","false","NBA","7","2.5","standard","false","271611","https://static.prizepicks.com/images/players/NBA/Mark_Williams_NBA_player_2sA9l5kJSHOqwIEy4cWN8Zhg.webp","15","Phoenix","Mark Williams","C","PHX","Suns","11621534","Single Stat","Single Stat","4274","true","2026-04-25T15:40:00.000-04:00","Two Pointers Made","1001","2-PT Made","pre_game",,,"2026-04-23T22:13:57.908-04:00"
,"OKC","EF3B24","Oklahoma City","Thunder","2026-04-23T02:59:29.755-04:00",,"OKC","Full",,"team",,,"false","2026-04-25T15:30:00.000-04:00","scheduled","PHX","E56020","Phoenix","Suns",,"false","false","true","false","NBA","7","2.5","standard","false","221315","https://static.prizepicks.com/images/players/NBA/Oso_Ighodaro_NBA_player_Y7mjfdEdLunH3s3W6Nhh3KnR.webp","11","Phoenix","Oso Ighodaro","F","PHX","Suns","11621535","Single Stat","Single Stat","4275","true","2026-04-25T15:40:00.000-04:00","Assists","5","Assists","pre_game",,,"2026-04-23T04:16:32.703-04:00"
,"OKC","EF3B24","Oklahoma City","Thunder","2026-04-23T02:59:37.382-04:00",,"PHX","Full",,"team",,,"false","2026-04-25T15:30:00.000-04:00","scheduled","PHX","E56020","Phoenix","Suns",,"false","false","true","false","NBA","7","2.5","standard","false","188011","https://static.prizepicks.com/images/players/nba/Shai_Gilgeous-Alexander_d9ea4a8f-ff51-408d-b518-980efc2a35a1.webp","2","Oklahoma City","Shai Gilgeous-Alexander","G","OKC","Thunder","11621587","Single Stat","Single Stat","4279","true","2026-04-25T15:40:00.000-04:00","Turnovers","33","Turnovers","pre_game",,,"2026-04-23T15:33:50.679-04:00"
,"OKC","EF3B24","Oklahoma City","Thunder","2026-04-22T18:41:00.000-04:00",,"OKC","Full",,"team",,,"false","2026-04-25T15:30:00.000-04:00","scheduled","PHX","E56020","Phoenix","Suns",,"false","false","true","false","NBA","7","2.5","standard","false","187891","https://static.prizepicks.com/images/players/NBA/Royce_O'Neale_NBA_player_POlpCzduuIi15awCHudUOmmp.webp","00","Phoenix","Royce O'Neale","F","PHX","Suns","11631895","Single Stat","Single Stat","4299","true","2026-04-25T15:40:00.000-04:00","FG Made","7","FG Made","pre_game",,,"2026-04-23T18:50:42.020-04:00"
,"OKC","EF3B24","Oklahoma City","Thunder","2026-04-23T16:05:40.553-04:00",,"PHX","Full",,"team",,,"false","2026-04-25T15:30:00.000-04:00","scheduled","PHX","E56020","Phoenix","Suns",,"false","false","true","false","NBA","7","2.5","standard","false","88490","https://static.prizepicks.com/images/players/NBA/Isaiah_Joe_NBA_player_ut9gQOUduwi81flqjZSBTjr9.webp","11","Oklahoma City","Isaiah Joe","G","OKC","Thunder","11632384","Single Stat","Single Stat","4305","true","2026-04-25T15:40:00.000-04:00","Rebs+Asts","7","Rebs+Asts","pre_game",,,"2026-04-24T06:27:07.569-04:00"
,"OKC","EF3B24","Oklahoma City","Thunder","2026-04-23T00:34:07.407-04:00",,"PHX","Full",,"team",,,"false","2026-04-25T15:30:00.000-04:00","scheduled","PHX","E56020","Phoenix","Suns",,"false","false","true","false","NBA","7","1.5","standard","false","93905","https://static.prizepicks.com/images/players/NBA/Chet_Holmgren_NBA_player_vJ4nqK6iuXIrNmp4iJ5ZwfEC.webp","7","Oklahoma City","Chet Holmgren","C-F","OKC","Thunder","11619044","Single Stat","Single Stat","4312","true","2026-04-25T15:40:00.000-04:00","Assists","5","Assists","pre_game",,,"2026-04-23T02:14:17.290-04:00"
,"OKC","EF3B24","Oklahoma City","Thunder","2026-04-24T00:34:00.000-04:00",,"PHX","Full",,"team",,,"false","2026-04-25T15:30:00.000-04:00","scheduled","PHX","E56020","Phoenix","Suns",,"false","false","true","false","NBA","7","1.5","standard","false","10798","https://static.prizepicks.com/images/players/NBA/Luguentz_Dort_NBA_player_e1jWAiWanPNpRtbYeXm01a9Q.webp","5","Oklahoma City","Luguentz Dort","G","OKC","Thunder","11619125","Single Stat","Single Stat","4318","true","2026-04-25T15:40:00.000-04:00","3-PT Made","4","3PTM","pre_game",,,"2026-04-24T10:30:58.583-04:00"
,"OKC","EF3B24","Oklahoma City","Thunder","2026-04-23T02:59:06.788-04:00",,"OKC","Full",,"team",,,"false","2026-04-25T15:30:00.000-04:00","scheduled","PHX","E56020","Phoenix","Suns",,"false","false","true","false","NBA","7","1.5","standard","false","269531","https://static.prizepicks.com/images/players/NBA/Dillon_Brooks_NBA_player_doYyaSQoRd6hmm42xjHs1oP.webp","3","Phoenix","Dillon Brooks","G-F","PHX","Suns","11621393","Single Stat","Single Stat","4327","true","2026-04-25T15:40:00.000-04:00","Assists","5","Assists","pre_game",,,"2026-04-24T10:29:01.500-04:00"
"true","OKC","EF3B24","Oklahoma City","Thunder","2026-04-22T18:41:00.000-04:00",,"OKC","Full",,"team",,,"false","2026-04-25T15:30:00.000-04:00","scheduled","PHX","E56020","Phoenix","Suns",,"false","false","true","false","NBA","7","1.5","standard","false","271611","https://static.prizepicks.com/images/players/NBA/Mark_Williams_NBA_player_2sA9l5kJSHOqwIEy4cWN8Zhg.webp","15","Phoenix","Mark Williams","C","PHX","Suns","11621517","Single Stat","Single Stat","4341","true","2026-04-25T15:40:00.000-04:00","Free Throws Made","11","FTM","pre_game",,,"2026-04-24T10:12:49.076-04:00"
"true","OKC","EF3B24","Oklahoma City","Thunder","2026-04-22T18:41:00.000-04:00",,"OKC","Full",,"team",,,"false","2026-04-25T15:30:00.000-04:00","scheduled","PHX","E56020","Phoenix","Suns",,"false","false","true","false","NBA","7","1.5","standard","false","271611","https://static.prizepicks.com/images/players/NBA/Mark_Williams_NBA_player_2sA9l5kJSHOqwIEy4cWN8Zhg.webp","15","Phoenix","Mark Williams","C","PHX","Suns","11621518","Single Stat","Single Stat","4342","true","2026-04-25T15:40:00.000-04:00","Personal Fouls","30","Personal Fouls","pre_game",,,"2026-04-24T11:46:43.073-04:00"
,"OKC","EF3B24","Oklahoma City","Thunder","2026-04-23T02:59:30.201-04:00",,"OKC","Full",,"team",,,"false","2026-04-25T15:30:00.000-04:00","scheduled","PHX","E56020","Phoenix","Suns",,"false","false","true","false","NBA","7","1.5","standard","false","221315","https://static.prizepicks.com/images/players/NBA/Oso_Ighodaro_NBA_player_Y7mjfdEdLunH3s3W6Nhh3KnR.webp","11","Phoenix","Oso Ighodaro","F","PHX","Suns","11621539","Single Stat","Single Stat","4345","true","2026-04-25T15:40:00.000-04:00","Blks+Stls","31","Blks+Stls","pre_game",,,"2026-04-23T15:33:52.565-04:00"
"true","OKC","EF3B24","Oklahoma City","Thunder","2026-04-22T18:41:00.000-04:00",,"OKC","Full",,"team",,,"false","2026-04-25T15:30:00.000-04:00","scheduled","PHX","E56020","Phoenix","Suns",,"false","false","true","false","NBA","7","1.5","standard","false","221315","https://static.prizepicks.com/images/players/NBA/Oso_Ighodaro_NBA_player_Y7mjfdEdLunH3s3W6Nhh3KnR.webp","11","Phoenix","Oso Ighodaro","F","PHX","Suns","11621543","Single Stat","Single Stat","4347","true","2026-04-25T15:40:00.000-04:00","Free Throws Attempted","30","FTA","pre_game",,,"2026-04-24T10:14:54.652-04:00"
"true","OKC","EF3B24","Oklahoma City","Thunder","2026-04-24T00:34:00.000-04:00",,"PHX","Full",,"team",,,"false","2026-04-25T15:30:00.000-04:00","scheduled","PHX","E56020","Phoenix","Suns",,"false","false","true","false","NBA","7","1.5","standard","false","188011","https://static.prizepicks.com/images/players/nba/Shai_Gilgeous-Alexander_d9ea4a8f-ff51-408d-b518-980efc2a35a1.webp","2","Oklahoma City","Shai Gilgeous-Alexander","G","OKC","Thunder","11621938","Single Stat","Single Stat","4353","true","2026-04-25T15:40:00.000-04:00","3-PT Made","4","3PTM","pre_game",,,"2026-04-24T10:02:03.499-04:00"
"true","OKC","EF3B24","Oklahoma City","Thunder","2026-04-23T07:09:25.806-04:00",,"PHX","Full",,"team",,,"false","2026-04-25T15:30:00.000-04:00","scheduled","PHX","E56020","Phoenix","Suns",,"false","false","true","false","NBA","7","1.5","standard","false","220343","https://static.prizepicks.com/images/manual/Isaiah_Hartenstein.png","55","Oklahoma City","Isaiah Hartenstein","C-F","OKC","Thunder","11624359","Single Stat","Single Stat","4354","true","2026-04-25T15:40:00.000-04:00","Blks+Stls","31","Blks+Stls","pre_game",,,"2026-04-24T10:16:15.746-04:00"
,"OKC","EF3B24","Oklahoma City","Thunder","2026-04-24T14:05:10.427-04:00",,"PHX","Full",,"team",,,"false","2026-04-25T15:30:00.000-04:00","scheduled","PHX","E56020","Phoenix","Suns",,"false","false","true","false","NBA","7","1.5","standard","false","216805","https://static.prizepicks.com/images/players/NBA/Alex_Caruso_NBA_player_qELTEc2yRfzg2iw8lmpMait.webp","9","Oklahoma City","Alex Caruso","G","OKC","Thunder","11655566","Single Stat","Single Stat","4382","true","2026-04-25T15:40:00.000-04:00","Assists","5","Assists","pre_game",,,"2026-04-24T14:03:10.495-04:00"
,"OKC","EF3B24","Oklahoma City","Thunder","2026-04-23T02:59:12.058-04:00",,"PHX","Full",,"team",,,"false","2026-04-25T15:30:00.000-04:00","scheduled","PHX","E56020","Phoenix","Suns",,"false","false","true","false","NBA","7","0.5","standard","false","220343","https://static.prizepicks.com/images/manual/Isaiah_Hartenstein.png","55","Oklahoma City","Isaiah Hartenstein","C-F","OKC","Thunder","11621420","Single Stat","Single Stat","4404","true","2026-04-25T15:40:00.000-04:00","Steals","24","Steals","pre_game",,,"2026-04-23T07:24:55.565-04:00"
,"OKC","EF3B24","Oklahoma City","Thunder","2026-04-23T02:59:13.221-04:00",,"OKC","Full",,"team",,,"false","2026-04-25T15:30:00.000-04:00","scheduled","PHX","E56020","Phoenix","Suns",,"false","false","true","false","NBA","7","0.5","standard","false","272587","https://static.prizepicks.com/images/players/NBA/Jalen_Green_NBA_player_dgDzs8capbSfm3XqiXDKFCSw.webp","4","Phoenix","Jalen Green","G","PHX","Suns","11621426","Single Stat","Single Stat","4405","true","2026-04-25T15:40:00.000-04:00","Blocked Shots","23","Blocked Shots","pre_game",,,"2026-04-23T07:32:41.411-04:00"
,"OKC","EF3B24","Oklahoma City","Thunder","2026-04-23T02:59:25.493-04:00",,"PHX","Full",,"team",,,"false","2026-04-25T15:30:00.000-04:00","scheduled","PHX","E56020","Phoenix","Suns",,"false","false","true","false","NBA","7","0.5","standard","false","10798","https://static.prizepicks.com/images/players/NBA/Luguentz_Dort_NBA_player_e1jWAiWanPNpRtbYeXm01a9Q.webp","5","Oklahoma City","Luguentz Dort","G","OKC","Thunder","11621508","Single Stat","Single Stat","4410","true","2026-04-25T15:40:00.000-04:00","Turnovers","33","Turnovers","pre_game",,,"2026-04-23T15:33:50.761-04:00"
,"OKC","EF3B24","Oklahoma City","Thunder","2026-04-22T18:41:00.000-04:00",,"OKC","Full",,"team",,,"false","2026-04-25T15:30:00.000-04:00","scheduled","PHX","E56020","Phoenix","Suns",,"false","false","true","false","NBA","7","0.5","standard","false","221315","https://static.prizepicks.com/images/players/NBA/Oso_Ighodaro_NBA_player_Y7mjfdEdLunH3s3W6Nhh3KnR.webp","11","Phoenix","Oso Ighodaro","F","PHX","Suns","11621544","Single Stat","Single Stat","4415","true","2026-04-25T15:40:00.000-04:00","Free Throws Made","11","FTM","pre_game",,,"2026-04-23T23:01:35.915-04:00"
,"OKC","EF3B24","Oklahoma City","Thunder","2026-04-23T02:59:34.138-04:00",,"OKC","Full",,"team",,,"false","2026-04-25T15:30:00.000-04:00","scheduled","PHX","E56020","Phoenix","Suns",,"false","false","true","false","NBA","7","0.5","standard","false","221315","https://static.prizepicks.com/images/players/NBA/Oso_Ighodaro_NBA_player_Y7mjfdEdLunH3s3W6Nhh3KnR.webp","11","Phoenix","Oso Ighodaro","F","PHX","Suns","11621568","Single Stat","Single Stat","4416","true","2026-04-25T15:40:00.000-04:00","Steals","24","Steals","pre_game",,,"2026-04-23T15:33:50.051-04:00"
,"OKC","EF3B24","Oklahoma City","Thunder","2026-04-23T02:59:35.388-04:00",,"PHX","Full",,"team",,,"false","2026-04-25T15:30:00.000-04:00","scheduled","PHX","E56020","Phoenix","Suns",,"false","false","true","false","NBA","7","0.5","standard","false","188011","https://static.prizepicks.com/images/players/nba/Shai_Gilgeous-Alexander_d9ea4a8f-ff51-408d-b518-980efc2a35a1.webp","2","Oklahoma City","Shai Gilgeous-Alexander","G","OKC","Thunder","11621575","Single Stat","Single Stat","4417","true","2026-04-25T15:40:00.000-04:00","Blocked Shots","23","Blocked Shots","pre_game",,,"2026-04-23T06:44:45.881-04:00"
,"OKC","EF3B24","Oklahoma City","Thunder","2026-04-23T15:50:47.677-04:00",,"PHX","Full",,"team",,,"false","2026-04-25T15:30:00.000-04:00","scheduled","PHX","E56020","Phoenix","Suns",,"false","false","true","false","NBA","7","0.5","standard","false","216805","https://static.prizepicks.com/images/players/NBA/Alex_Caruso_NBA_player_qELTEc2yRfzg2iw8lmpMait.webp","9","Oklahoma City","Alex Caruso","G","OKC","Thunder","11631817","Single Stat","Single Stat","4430","true","2026-04-25T15:40:00.000-04:00","Turnovers","33","Turnovers","pre_game",,,"2026-04-23T16:27:56.287-04:00"
,"OKC","EF3B24","Oklahoma City","Thunder","2026-04-24T12:35:19.891-04:00",,"PHX","Full",,"team",,,"false","2026-04-25T15:30:00.000-04:00","scheduled","PHX","E56020","Phoenix","Suns",,"false","false","true","false","NBA","7","0.5","standard","false","88490","https://static.prizepicks.com/images/players/NBA/Isaiah_Joe_NBA_player_ut9gQOUduwi81flqjZSBTjr9.webp","11","Oklahoma City","Isaiah Joe","G","OKC","Thunder","11654230","Single Stat","Single Stat","4449","true","2026-04-25T15:40:00.000-04:00","Blks+Stls","31","Blks+Stls","pre_game",,,"2026-04-24T12:33:19.955-04:00"
"false","NYK","F58426","New York","Knicks","2026-04-01T18:10:00.000-04:00",,"NYK/ATL","Full",,"combo",,,"false","2026-04-25T18:00:00.000-04:00","scheduled","ATL","E03A3E","Atlanta","Hawks",,"false","false","true","false","NBA","7","48.5","standard","true","312438","https://static.prizepicks.com/images/players/CMBO_group_yOl0Qyce9Vwduf2NYRI6Jp4X.webp","1 + 11",,"Jalen Johnson + Jalen Brunson","F","ATL/NYK","Hawks/Knicks","11639438","Single Stat","Single Stat","4452","true","2026-04-25T18:10:00.000-04:00","Points (Combo)","19","Points","pre_game",,,"2026-04-24T13:34:33.024-04:00"
"false","NYK","F58426","New York","Knicks","2026-04-01T18:10:00.000-04:00",,"NYK/ATL","Full",,"combo",,,"false","2026-04-25T18:00:00.000-04:00","scheduled","ATL","E03A3E","Atlanta","Hawks",,"false","false","true","false","NBA","7","46","standard","true","312445","https://static.prizepicks.com/images/manual/CJ McCollum + Jalen Brunson2.png","3 + 11",,"CJ McCollum + Jalen Brunson","G","ATL/NYK","Hawks/Knicks","11639391","Single Stat","Single Stat","4453","true","2026-04-25T18:10:00.000-04:00","Points (Combo)","19","Points","pre_game",,,"2026-04-24T07:28:07.181-04:00"
"false","NYK","F58426","New York","Knicks","2026-04-01T18:10:00.000-04:00",,"NYK/ATL","Full",,"combo",,,"false","2026-04-25T18:00:00.000-04:00","scheduled","ATL","E03A3E","Atlanta","Hawks",,"false","false","true","false","NBA","7","40.5","standard","true","312432","https://static.prizepicks.com/images/players/CMBO_group_MAgqyd2nlzPQTo8qlGRNjGAn.webp","1 + 32",,"Jalen Johnson + Karl-Anthony Towns","F","ATL/NYK","Hawks/Knicks","11639370","Single Stat","Single Stat","4458","true","2026-04-25T18:10:00.000-04:00","Points (Combo)","19","Points","pre_game",,,"2026-04-23T23:28:31.282-04:00"
"false","NYK","F58426","New York","Knicks","2026-04-01T18:10:00.000-04:00",,"NYK/ATL","Full",,"combo",,,"false","2026-04-25T18:00:00.000-04:00","scheduled","ATL","E03A3E","Atlanta","Hawks",,"false","false","true","false","NBA","7","39.5","standard","true","312435","https://static.prizepicks.com/images/manual/CJ McCollum + Karl-Anthony Towns.png","3 + 32",,"CJ McCollum + Karl-Anthony Towns","G","ATL/NYK","Hawks/Knicks","11639442","Single Stat","Single Stat","4466","true","2026-04-25T18:10:00.000-04:00","Points (Combo)","19","Points","pre_game",,,"2026-04-24T02:51:39.309-04:00"
"false","NYK","F58426","New York","Knicks","2026-04-01T18:10:00.000-04:00",,"NYK/ATL","Full",,"combo",,,"false","2026-04-25T18:00:00.000-04:00","scheduled","ATL","E03A3E","Atlanta","Hawks",,"false","false","true","false","NBA","7","38.5","standard","true","312436","https://static.prizepicks.com/images/players/CMBO_group_mxU3q2SbHjbhv5GvXJxjV6tN.webp","7 + 32",,"Nickeil Alexander-Walker + Karl-Anthony Towns","G","ATL/NYK","Hawks/Knicks","11639440","Single Stat","Single Stat","4467","true","2026-04-25T18:10:00.000-04:00","Points (Combo)","19","Points","pre_game",,,"2026-04-24T01:58:42.211-04:00"
,"NYK","F58426","New York","Knicks","2026-04-23T22:07:19.064-04:00",,"ATL","Full",,"team",,,"false","2026-04-25T18:00:00.000-04:00","scheduled","ATL","E03A3E","Atlanta","Hawks",,"false","false","true","false","NBA","7","37","standard","false","188004","https://static.prizepicks.com/images/players/NBA/Jalen_Brunson_NBA_player_yiwlT8GHgktYu1WBoRvjpRr8.webp","11","New York","Jalen Brunson","G","NYK","Knicks","11638618","Single Stat","Single Stat","4469","true","2026-04-25T18:10:00.000-04:00","Pts+Rebs+Asts","1","PRA","pre_game",,,"2026-04-24T00:49:43.212-04:00"
,"NYK","F58426","New York","Knicks","2026-04-23T22:07:24.062-04:00",,"NYK","Full",,"team",,,"false","2026-04-25T18:00:00.000-04:00","scheduled","ATL","E03A3E","Atlanta","Hawks",,"false","false","true","false","NBA","7","36.5","standard","false","87857","https://static.prizepicks.com/images/players/NBA/Jalen_Johnson_NBA_player_FmEzfKxF660EMYtLuQFYNxDS.webp","1","Atlanta","Jalen Johnson","F","ATL","Hawks","11638655","Single Stat","Single Stat","4470","true","2026-04-25T18:10:00.000-04:00","Pts+Rebs+Asts","1","PRA","pre_game",,,"2026-04-24T12:41:56.654-04:00"
"false","NYK","F58426","New York","Knicks","2026-04-01T18:10:00.000-04:00",,"NYK/ATL","Full",,"combo",,,"false","2026-04-25T18:00:00.000-04:00","scheduled","ATL","E03A3E","Atlanta","Hawks",,"false","false","true","false","NBA","7","36.5","standard","true","312437","https://static.prizepicks.com/images/players/CMBO_group_PDBqsbHH4neh52ZHtsWa1NiZ.webp","1 + 8",,"Jalen Johnson + OG Anunoby","F","ATL/NYK","Hawks/Knicks","11639439","Single Stat","Single Stat","4471","true","2026-04-25T18:10:00.000-04:00","Points (Combo)","19","Points","pre_game",,,"2026-04-24T08:24:49.907-04:00"
,"NYK","F58426","New York","Knicks","2026-04-23T22:07:37.893-04:00",,"ATL","Full",,"team",,,"false","2026-04-25T18:00:00.000-04:00","scheduled","ATL","E03A3E","Atlanta","Hawks",,"false","false","true","false","NBA","7","35.5","standard","false","216220","https://static.prizepicks.com/images/manual/Karl-Anthony_Townss.png","32","New York","Karl-Anthony Towns","C-F","NYK","Knicks","11638765","Single Stat","Single Stat","4472","true","2026-04-25T18:10:00.000-04:00","Pts+Rebs+Asts","1","PRA","pre_game",,,"2026-04-24T12:42:47.130-04:00"
"false","NYK","F58426","New York","Knicks","2026-04-01T18:10:00.000-04:00",,"NYK/ATL","Full",,"combo",,,"false","2026-04-25T18:00:00.000-04:00","scheduled","ATL","E03A3E","Atlanta","Hawks",,"false","false","true","false","NBA","7","35.5","standard","true","312439","https://static.prizepicks.com/images/manual/CJ McCollum + OG Anunoby.png","3 + 8",,"CJ McCollum + OG Anunoby","G","ATL/NYK","Hawks/Knicks","11639441","Single Stat","Single Stat","4473","true","2026-04-25T18:10:00.000-04:00","Points (Combo)","19","Points","pre_game",,,"2026-04-24T08:32:39.767-04:00"
"false","NYK","F58426","New York","Knicks","2026-04-01T18:10:00.000-04:00",,"NYK/ATL","Full",,"combo",,,"false","2026-04-25T18:00:00.000-04:00","scheduled","ATL","E03A3E","Atlanta","Hawks",,"false","false","true","false","NBA","7","34.5","standard","true","312433","https://static.prizepicks.com/images/players/CMBO_group_Nr3h6dO4baCI0fBlrDUalXHh.webp","7 + 8",,"Nickeil Alexander-Walker + OG Anunoby","G","ATL/NYK","Hawks/Knicks","11639443","Single Stat","Single Stat","4485","true","2026-04-25T18:10:00.000-04:00","Points (Combo)","19","Points","pre_game",,,"2026-04-24T08:28:33.552-04:00"
,"NYK","F58426","New York","Knicks","2026-04-23T22:07:17.997-04:00",,"ATL","Full",,"team",,,"false","2026-04-25T18:00:00.000-04:00","scheduled","ATL","E03A3E","Atlanta","Hawks",,"false","false","true","false","NBA","7","33.5","standard","false","188004","https://static.prizepicks.com/images/players/NBA/Jalen_Brunson_NBA_player_yiwlT8GHgktYu1WBoRvjpRr8.webp","11","New York","Jalen Brunson","G","NYK","Knicks","11638608","Single Stat","Single Stat","4486","true","2026-04-25T18:10:00.000-04:00","Pts+Asts","10","Pts+Asts","pre_game",,,"2026-04-24T14:13:38.006-04:00"
,"NYK","F58426","New York","Knicks","2026-04-23T22:07:37.391-04:00",,"ATL","Full",,"team",,,"false","2026-04-25T18:00:00.000-04:00","scheduled","ATL","E03A3E","Atlanta","Hawks",,"false","false","true","false","NBA","7","31.5","standard","false","216220","https://static.prizepicks.com/images/manual/Karl-Anthony_Townss.png","32","New York","Karl-Anthony Towns","C-F","NYK","Knicks","11638761","Single Stat","Single Stat","4487","true","2026-04-25T18:10:00.000-04:00","Pts+Rebs","18","Pts+Rebs","pre_game",,,"2026-04-24T13:11:19.881-04:00"
,"NYK","F58426","New York","Knicks","2026-04-23T22:07:23.572-04:00",,"NYK","Full",,"team",,,"false","2026-04-25T18:00:00.000-04:00","scheduled","ATL","E03A3E","Atlanta","Hawks",,"false","false","true","false","NBA","7","30.5","standard","false","87857","https://static.prizepicks.com/images/players/NBA/Jalen_Johnson_NBA_player_FmEzfKxF660EMYtLuQFYNxDS.webp","1","Atlanta","Jalen Johnson","F","ATL","Hawks","11638649","Single Stat","Single Stat","4492","true","2026-04-25T18:10:00.000-04:00","Pts+Rebs","18","Pts+Rebs","pre_game",,,"2026-04-23T22:22:46.463-04:00"
,"NYK","F58426","New York","Knicks","2026-04-23T22:07:18.569-04:00",,"ATL","Full",,"team",,,"false","2026-04-25T18:00:00.000-04:00","scheduled","ATL","E03A3E","Atlanta","Hawks",,"false","false","true","false","NBA","7","30","standard","false","188004","https://static.prizepicks.com/images/players/NBA/Jalen_Brunson_NBA_player_yiwlT8GHgktYu1WBoRvjpRr8.webp","11","New York","Jalen Brunson","G","NYK","Knicks","11638612","Single Stat","Single Stat","4495","true","2026-04-25T18:10:00.000-04:00","Pts+Rebs","18","Pts+Rebs","pre_game",,,"2026-04-23T23:01:22.501-04:00"
,"NYK","F58426","New York","Knicks","2026-04-23T22:07:22.997-04:00",,"NYK","Full",,"team",,,"false","2026-04-25T18:00:00.000-04:00","scheduled","ATL","E03A3E","Atlanta","Hawks",,"false","false","true","false","NBA","7","27.5","standard","false","87857","https://static.prizepicks.com/images/players/NBA/Jalen_Johnson_NBA_player_FmEzfKxF660EMYtLuQFYNxDS.webp","1","Atlanta","Jalen Johnson","F","ATL","Hawks","11638645","Single Stat","Single Stat","4525","true","2026-04-25T18:10:00.000-04:00","Pts+Asts","10","Pts+Asts","pre_game",,,"2026-04-23T22:50:07.876-04:00"
,"NYK","F58426","New York","Knicks","2026-04-23T22:07:09.505-04:00",,"NYK","Full",,"team",,,"false","2026-04-25T18:00:00.000-04:00","scheduled","ATL","E03A3E","Atlanta","Hawks",,"false","false","true","false","NBA","7","26.5","standard","false","291777","https://static.prizepicks.com/images/manual/CJ_McCollum-.png","3","Atlanta","CJ McCollum","G","ATL","Hawks","11638544","Single Stat","Single Stat","4526","true","2026-04-25T18:10:00.000-04:00","Pts+Rebs+Asts","1","PRA","pre_game",,,"2026-04-24T10:26:01.305-04:00"
,"NYK","F58426","New York","Knicks","2026-04-23T22:07:17.489-04:00",,"ATL","Full",,"team",,,"false","2026-04-25T18:00:00.000-04:00","scheduled","ATL","E03A3E","Atlanta","Hawks",,"false","false","true","false","NBA","7","26.5","standard","false","188004","https://static.prizepicks.com/images/players/NBA/Jalen_Brunson_NBA_player_yiwlT8GHgktYu1WBoRvjpRr8.webp","11","New York","Jalen Brunson","G","NYK","Knicks","11638603","Single Stat","Single Stat","4527","true","2026-04-25T18:10:00.000-04:00","Points","0","Points","pre_game",,,"2026-04-24T11:26:17.348-04:00"
,"NYK","F58426","New York","Knicks","2026-04-23T22:07:32.875-04:00",,"ATL","Full",,"team",,,"false","2026-04-25T18:00:00.000-04:00","scheduled","ATL","E03A3E","Atlanta","Hawks",,"false","false","true","false","NBA","7","25","standard","false","123595","https://static.prizepicks.com/images/players/NBA/Josh_Hart_NBA_player_H4eKetTATQuBYqjr3k7PBmJd.webp","3","New York","Josh Hart","G","NYK","Knicks","11638725","Single Stat","Single Stat","4533","true","2026-04-25T18:10:00.000-04:00","Pts+Rebs+Asts","1","PRA","pre_game",,,"2026-04-23T23:01:10.584-04:00"
,"NYK","F58426","New York","Knicks","2026-04-23T22:07:46.571-04:00",,"NYK","Full",,"team",,,"false","2026-04-25T18:00:00.000-04:00","scheduled","ATL","E03A3E","Atlanta","Hawks",,"false","false","true","false","NBA","7","24.5","standard","false","271664","https://static.prizepicks.com/images/players/NBA/Nickeil_Alexander-Walker_NBA_player_YFx1QPxW6uUn3vtjVF70XcO1.webp","7","Atlanta","Nickeil Alexander-Walker","G","ATL","Hawks","11638833","Single Stat","Single Stat","4558","true","2026-04-25T18:10:00.000-04:00","Pts+Rebs+Asts","1","PRA","pre_game",,,"2026-04-24T11:09:37.421-04:00"
,"NYK","F58426","New York","Knicks","2026-04-23T22:07:08.506-04:00",,"NYK","Full",,"team",,,"false","2026-04-25T18:00:00.000-04:00","scheduled","ATL","E03A3E","Atlanta","Hawks",,"false","false","true","false","NBA","7","23.5","standard","false","291777","https://static.prizepicks.com/images/manual/CJ_McCollum-.png","3","Atlanta","CJ McCollum","G","ATL","Hawks","11638536","Single Stat","Single Stat","4565","true","2026-04-25T18:10:00.000-04:00","Pts+Asts","10","Pts+Asts","pre_game",,,"2026-04-23T23:00:00.939-04:00"
,"NYK","F58426","New York","Knicks","2026-04-23T22:07:36.929-04:00",,"ATL","Full",,"team",,,"false","2026-04-25T18:00:00.000-04:00","scheduled","ATL","E03A3E","Atlanta","Hawks",,"false","false","true","false","NBA","7","23.5","standard","false","216220","https://static.prizepicks.com/images/manual/Karl-Anthony_Townss.png","32","New York","Karl-Anthony Towns","C-F","NYK","Knicks","11638757","Single Stat","Single Stat","4566","true","2026-04-25T18:10:00.000-04:00","Pts+Asts","10","Pts+Asts","pre_game",,,"2026-04-24T12:37:40.923-04:00"
,"NYK","F58426","New York","Knicks","2026-04-23T22:07:51.144-04:00",,"ATL","Full",,"team",,,"false","2026-04-25T18:00:00.000-04:00","scheduled","ATL","E03A3E","Atlanta","Hawks",,"false","false","true","false","NBA","7","23.5","standard","false","183158","https://static.prizepicks.com/images/players/NBA/OG_Anunoby_NBA_player_7g4oOE9EMB4tFkaOcu1UCAZ0.webp","8","New York","OG Anunoby","F-G","NYK","Knicks","11638867","Single Stat","Single Stat","4567","true","2026-04-25T18:10:00.000-04:00","Pts+Rebs+Asts","1","PRA","pre_game",,,"2026-04-23T22:24:25.363-04:00"
,"NYK","F58426","New York","Knicks","2026-04-23T22:07:09.023-04:00",,"NYK","Full",,"team",,,"false","2026-04-25T18:00:00.000-04:00","scheduled","ATL","E03A3E","Atlanta","Hawks",,"false","false","true","false","NBA","7","22.5","standard","false","291777","https://static.prizepicks.com/images/manual/CJ_McCollum-.png","3","Atlanta","CJ McCollum","G","ATL","Hawks","11638540","Single Stat","Single Stat","4572","true","2026-04-25T18:10:00.000-04:00","Pts+Rebs","18","Pts+Rebs","pre_game",,,"2026-04-24T10:24:40.057-04:00"
,"NYK","F58426","New York","Knicks","2026-04-23T22:07:55.593-04:00",,"NYK","Full",,"team",,,"false","2026-04-25T18:00:00.000-04:00","scheduled","ATL","E03A3E","Atlanta","Hawks",,"false","false","true","false","NBA","7","22.5","standard","false","25424","https://static.prizepicks.com/images/players/NBA/Onyeka_Okongwu_NBA_player_d0l501drVfcgmWVkhmKBfdVW.webp","17","Atlanta","Onyeka Okongwu","F-C","ATL","Hawks","11638902","Single Stat","Single Stat","4573","true","2026-04-25T18:10:00.000-04:00","Pts+Rebs+Asts","1","PRA","pre_game",,,"2026-04-23T22:51:11.179-04:00"
,"NYK","F58426","New York","Knicks","2026-04-23T22:07:13.781-04:00",,"NYK","Full",,"team",,,"false","2026-04-25T18:00:00.000-04:00","scheduled","ATL","E03A3E","Atlanta","Hawks",,"false","false","true","false","NBA","7","21.5","standard","false","216868","https://static.prizepicks.com/images/players/nba/Dyson_Daniels_358fb074-ac1b-45a6-bf54-46c30534786e.webp","5","Atlanta","Dyson Daniels","G","ATL","Hawks","11638575","Single Stat","Single Stat","4583","true","2026-04-25T18:10:00.000-04:00","Pts+Rebs+Asts","1","PRA","pre_game",,,"2026-04-23T23:45:20.789-04:00"
,"NYK","F58426","New York","Knicks","2026-04-23T22:07:45.619-04:00",,"NYK","Full",,"team",,,"false","2026-04-25T18:00:00.000-04:00","scheduled","ATL","E03A3E","Atlanta","Hawks",,"false","false","true","false","NBA","7","21.5","standard","false","271664","https://static.prizepicks.com/images/players/NBA/Nickeil_Alexander-Walker_NBA_player_YFx1QPxW6uUn3vtjVF70XcO1.webp","7","Atlanta","Nickeil Alexander-Walker","G","ATL","Hawks","11638825","Single Stat","Single Stat","4585","true","2026-04-25T18:10:00.000-04:00","Pts+Asts","10","Pts+Asts","pre_game",,,"2026-04-24T12:20:04.508-04:00"
,"NYK","F58426","New York","Knicks","2026-04-23T22:07:46.097-04:00",,"NYK","Full",,"team",,,"false","2026-04-25T18:00:00.000-04:00","scheduled","ATL","E03A3E","Atlanta","Hawks",,"false","false","true","false","NBA","7","21.5","standard","false","271664","https://static.prizepicks.com/images/players/NBA/Nickeil_Alexander-Walker_NBA_player_YFx1QPxW6uUn3vtjVF70XcO1.webp","7","Atlanta","Nickeil Alexander-Walker","G","ATL","Hawks","11638829","Single Stat","Single Stat","4586","true","2026-04-25T18:10:00.000-04:00","Pts+Rebs","18","Pts+Rebs","pre_game",,,"2026-04-24T03:46:01.792-04:00"
,"NYK","F58426","New York","Knicks","2026-04-23T22:07:50.655-04:00",,"ATL","Full",,"team",,,"false","2026-04-25T18:00:00.000-04:00","scheduled","ATL","E03A3E","Atlanta","Hawks",,"false","false","true","false","NBA","7","21.5","standard","false","183158","https://static.prizepicks.com/images/players/NBA/OG_Anunoby_NBA_player_7g4oOE9EMB4tFkaOcu1UCAZ0.webp","8","New York","OG Anunoby","F-G","NYK","Knicks","11638864","Single Stat","Single Stat","4587","true","2026-04-25T18:10:00.000-04:00","Pts+Rebs","18","Pts+Rebs","pre_game",,,"2026-04-23T22:16:05.184-04:00"
,"NYK","F58426","New York","Knicks","2026-03-30T18:10:00.000-04:00",,"ATL","Full",,"team",,,"false","2026-04-25T18:00:00.000-04:00","scheduled","ATL","E03A3E","Atlanta","Hawks",,"false","false","true","false","NBA","7","21.5","standard","false","188004","https://static.prizepicks.com/images/players/NBA/Jalen_Brunson_NBA_player_yiwlT8GHgktYu1WBoRvjpRr8.webp","11","New York","Jalen Brunson","G","NYK","Knicks","11641348","Single Stat","Single Stat","4588","true","2026-04-25T18:10:00.000-04:00","FG Attempted","12","FG Attempted","pre_game",,,"2026-04-24T11:46:09.150-04:00"
"false","NYK","F58426","New York","Knicks","2026-04-01T18:10:00.000-04:00",,"NYK/ATL","Full",,"combo",,,"false","2026-04-25T18:00:00.000-04:00","scheduled","ATL","E03A3E","Atlanta","Hawks",,"false","false","true","false","NBA","7","21","standard","true","312432","https://static.prizepicks.com/images/players/CMBO_group_MAgqyd2nlzPQTo8qlGRNjGAn.webp","1 + 32",,"Jalen Johnson + Karl-Anthony Towns","F","ATL/NYK","Hawks/Knicks","11639445","Single Stat","Single Stat","4592","true","2026-04-25T18:10:00.000-04:00","Rebounds (Combo)","10","Rebounds","pre_game",,,"2026-04-24T00:57:27.929-04:00"
,"NYK","F58426","New York","Knicks","2026-04-23T22:07:22.398-04:00",,"NYK","Full",,"team",,,"false","2026-04-25T18:00:00.000-04:00","scheduled","ATL","E03A3E","Atlanta","Hawks",,"false","false","true","false","NBA","7","20.5","standard","false","87857","https://static.prizepicks.com/images/players/NBA/Jalen_Johnson_NBA_player_FmEzfKxF660EMYtLuQFYNxDS.webp","1","Atlanta","Jalen Johnson","F","ATL","Hawks","11638641","Single Stat","Single Stat","4593","true","2026-04-25T18:10:00.000-04:00","Points","0","Points","pre_game",,,"2026-04-23T22:17:50.963-04:00"
,"NYK","F58426","New York","Knicks","2026-04-23T22:07:28.698-04:00",,"NYK","Full",,"team",,,"false","2026-04-25T18:00:00.000-04:00","scheduled","ATL","E03A3E","Atlanta","Hawks",,"false","false","true","false","NBA","7","20.5","standard","false","302627","https://static.prizepicks.com/images/manual/Jonathan Kuminga.png","0","Atlanta","Jonathan Kuminga","F","ATL","Hawks","11638692","Single Stat","Single Stat","4594","true","2026-04-25T18:10:00.000-04:00","Pts+Rebs+Asts","1","PRA","pre_game",,,"2026-04-24T08:41:43.240-04:00"
,"NYK","F58426","New York","Knicks","2026-04-23T22:07:55.129-04:00",,"NYK","Full",,"team",,,"false","2026-04-25T18:00:00.000-04:00","scheduled","ATL","E03A3E","Atlanta","Hawks",,"false","false","true","false","NBA","7","20.5","standard","false","25424","https://static.prizepicks.com/images/players/NBA/Onyeka_Okongwu_NBA_player_d0l501drVfcgmWVkhmKBfdVW.webp","17","Atlanta","Onyeka Okongwu","F-C","ATL","Hawks","11638898","Single Stat","Single Stat","4595","true","2026-04-25T18:10:00.000-04:00","Pts+Rebs","18","Pts+Rebs","pre_game",,,"2026-04-24T01:26:37.883-04:00"
,"NYK","F58426","New York","Knicks","2026-04-23T22:07:32.486-04:00",,"ATL","Full",,"team",,,"false","2026-04-25T18:00:00.000-04:00","scheduled","ATL","E03A3E","Atlanta","Hawks",,"false","false","true","false","NBA","7","20","standard","false","123595","https://static.prizepicks.com/images/players/NBA/Josh_Hart_NBA_player_H4eKetTATQuBYqjr3k7PBmJd.webp","3","New York","Josh Hart","G","NYK","Knicks","11638721","Single Stat","Single Stat","4601","true","2026-04-25T18:10:00.000-04:00","Pts+Rebs","18","Pts+Rebs","pre_game",,,"2026-04-23T23:00:43.942-04:00"
,"NYK","F58426","New York","Knicks","2026-04-23T22:07:07.942-04:00",,"NYK","Full",,"team",,,"false","2026-04-25T18:00:00.000-04:00","scheduled","ATL","E03A3E","Atlanta","Hawks",,"false","false","true","false","NBA","7","19.5","standard","false","291777","https://static.prizepicks.com/images/manual/CJ_McCollum-.png","3","Atlanta","CJ McCollum","G","ATL","Hawks","11638532","Single Stat","Single Stat","4602","true","2026-04-25T18:10:00.000-04:00","Points","0","Points","pre_game",,,"2026-04-23T22:11:20.987-04:00"
,"NYK","F58426","New York","Knicks","2026-04-23T22:20:26.394-04:00",,"ATL","Full",,"team",,,"false","2026-04-25T18:00:00.000-04:00","scheduled","ATL","E03A3E","Atlanta","Hawks",,"false","false","true","false","NBA","7","19.5","standard","false","216220","https://static.prizepicks.com/images/manual/Karl-Anthony_Townss.png","32","New York","Karl-Anthony Towns","C-F","NYK","Knicks","11639282","Single Stat","Single Stat","4632","true","2026-04-25T18:10:00.000-04:00","Points","0","Points","pre_game",,,"2026-04-23T22:37:22.282-04:00"
,"NYK","F58426","New York","Knicks","2026-04-23T22:07:28.326-04:00",,"NYK","Full",,"team",,,"false","2026-04-25T18:00:00.000-04:00","scheduled","ATL","E03A3E","Atlanta","Hawks",,"false","false","true","false","NBA","7","18.5","standard","false","302627","https://static.prizepicks.com/images/manual/Jonathan Kuminga.png","0","Atlanta","Jonathan Kuminga","F","ATL","Hawks","11638688","Single Stat","Single Stat","4639","true","2026-04-25T18:10:00.000-04:00","Pts+Rebs","18","Pts+Rebs","pre_game",,,"2026-04-24T08:45:58.546-04:00"
,"NYK","F58426","New York","Knicks","2026-04-23T22:07:50.176-04:00",,"ATL","Full",,"team",,,"false","2026-04-25T18:00:00.000-04:00","scheduled","ATL","E03A3E","Atlanta","Hawks",,"false","false","true","false","NBA","7","18.5","standard","false","183158","https://static.prizepicks.com/images/players/NBA/OG_Anunoby_NBA_player_7g4oOE9EMB4tFkaOcu1UCAZ0.webp","8","New York","OG Anunoby","F-G","NYK","Knicks","11638860","Single Stat","Single Stat","4640","true","2026-04-25T18:10:00.000-04:00","Pts+Asts","10","Pts+Asts","pre_game",,,"2026-04-24T12:37:53.126-04:00"
"false","NYK","F58426","New York","Knicks","2026-04-01T18:10:00.000-04:00",,"NYK/ATL","Full",,"combo",,,"false","2026-04-25T18:00:00.000-04:00","scheduled","ATL","E03A3E","Atlanta","Hawks",,"false","false","true","false","NBA","7","18.5","standard","true","312440","https://static.prizepicks.com/images/players/CMBO_group_2txr1RX6BT5FwZKd154PBKv7.webp","1 + 3",,"Jalen Johnson + Josh Hart","F","ATL/NYK","Hawks/Knicks","11639446","Single Stat","Single Stat","4641","true","2026-04-25T18:10:00.000-04:00","Rebounds (Combo)","10","Rebounds","pre_game",,,"2026-04-24T00:01:39.414-04:00"
,"NYK","F58426","New York","Knicks","2026-04-23T22:07:45.046-04:00",,"NYK","Full",,"team",,,"false","2026-04-25T18:00:00.000-04:00","scheduled","ATL","E03A3E","Atlanta","Hawks",,"false","false","true","false","NBA","7","17.5","standard","false","271664","https://static.prizepicks.com/images/players/NBA/Nickeil_Alexander-Walker_NBA_player_YFx1QPxW6uUn3vtjVF70XcO1.webp","7","Atlanta","Nickeil Alexander-Walker","G","ATL","Hawks","11638821","Single Stat","Single Stat","4655","true","2026-04-25T18:10:00.000-04:00","Points","0","Points","pre_game",,,"2026-04-24T11:55:19.816-04:00"
,"NYK","F58426","New York","Knicks","2026-04-23T22:07:13.310-04:00",,"NYK","Full",,"team",,,"false","2026-04-25T18:00:00.000-04:00","scheduled","ATL","E03A3E","Atlanta","Hawks",,"false","false","true","false","NBA","7","16.5","standard","false","216868","https://static.prizepicks.com/images/players/nba/Dyson_Daniels_358fb074-ac1b-45a6-bf54-46c30534786e.webp","5","Atlanta","Dyson Daniels","G","ATL","Hawks","11638571","Single Stat","Single Stat","4660","true","2026-04-25T18:10:00.000-04:00","Pts+Rebs","18","Pts+Rebs","pre_game",,,"2026-04-24T00:14:06.042-04:00"
,"NYK","F58426","New York","Knicks","2026-04-23T22:07:32.030-04:00",,"ATL","Full",,"team",,,"false","2026-04-25T18:00:00.000-04:00","scheduled","ATL","E03A3E","Atlanta","Hawks",,"false","false","true","false","NBA","7","16.5","standard","false","123595","https://static.prizepicks.com/images/players/NBA/Josh_Hart_NBA_player_H4eKetTATQuBYqjr3k7PBmJd.webp","3","New York","Josh Hart","G","NYK","Knicks","11638718","Single Stat","Single Stat","4661","true","2026-04-25T18:10:00.000-04:00","Pts+Asts","10","Pts+Asts","pre_game",,,"2026-04-23T22:05:32.371-04:00"
,"NYK","F58426","New York","Knicks","2026-04-23T22:07:42.191-04:00",,"ATL","Full",,"team",,,"false","2026-04-25T18:00:00.000-04:00","scheduled","ATL","E03A3E","Atlanta","Hawks",,"false","false","true","false","NBA","7","16.5","standard","false","216219","https://static.prizepicks.com/images/players/NBA/Mikal_Bridges_NBA_player_GWFvIk1UqZwpQez5aYd322k.webp","25","New York","Mikal Bridges","G-F","NYK","Knicks","11638798","Single Stat","Single Stat","4662","true","2026-04-25T18:10:00.000-04:00","Pts+Rebs+Asts","1","PRA","pre_game",,,"2026-04-24T13:02:36.094-04:00"
,"NYK","F58426","New York","Knicks","2026-04-23T22:20:27.906-04:00",,"ATL","Full",,"team",,,"false","2026-04-25T18:00:00.000-04:00","scheduled","ATL","E03A3E","Atlanta","Hawks",,"false","false","true","false","NBA","7","16.5","standard","false","183158","https://static.prizepicks.com/images/players/NBA/OG_Anunoby_NBA_player_7g4oOE9EMB4tFkaOcu1UCAZ0.webp","8","New York","OG Anunoby","F-G","NYK","Knicks","11639287","Single Stat","Single Stat","4663","true","2026-04-25T18:10:00.000-04:00","Points","0","Points","pre_game",,,"2026-04-24T12:38:47.456-04:00"
"false","NYK","F58426","New York","Knicks","2026-04-01T18:10:00.000-04:00",,"NYK/ATL","Full",,"combo",,,"false","2026-04-25T18:00:00.000-04:00","scheduled","ATL","E03A3E","Atlanta","Hawks",,"false","false","true","false","NBA","7","16.5","standard","true","312441","https://static.prizepicks.com/images/players/CMBO_group_spf6MKNYBvjCSp5bnfnxorN1.webp","17 + 3",,"Onyeka Okongwu + Josh Hart","F-C","ATL/NYK","Hawks/Knicks","11639444","Single Stat","Single Stat","4664","true","2026-04-25T18:10:00.000-04:00","Rebounds (Combo)","10","Rebounds","pre_game",,,"2026-04-24T00:15:21.541-04:00"
,"NYK","F58426","New York","Knicks","2026-04-23T22:07:25.423-04:00",,"NYK","Full",,"team",,,"false","2026-04-25T18:00:00.000-04:00","scheduled","ATL","E03A3E","Atlanta","Hawks",,"false","false","true","false","NBA","7","16","standard","false","87857","https://static.prizepicks.com/images/players/NBA/Jalen_Johnson_NBA_player_FmEzfKxF660EMYtLuQFYNxDS.webp","1","Atlanta","Jalen Johnson","F","ATL","Hawks","11638666","Single Stat","Single Stat","4675","true","2026-04-25T18:10:00.000-04:00","Rebs+Asts","7","Rebs+Asts","pre_game",,,"2026-04-23T23:46:12.070-04:00"
,"NYK","F58426","New York","Knicks","2026-04-23T22:07:27.851-04:00",,"NYK","Full",,"team",,,"false","2026-04-25T18:00:00.000-04:00","scheduled","ATL","E03A3E","Atlanta","Hawks",,"false","false","true","false","NBA","7","15.5","standard","false","302627","https://static.prizepicks.com/images/manual/Jonathan Kuminga.png","0","Atlanta","Jonathan Kuminga","F","ATL","Hawks","11638685","Single Stat","Single Stat","4676","true","2026-04-25T18:10:00.000-04:00","Pts+Asts","10","Pts+Asts","pre_game",,,"2026-04-23T23:04:43.546-04:00"
,"NYK","F58426","New York","Knicks","2026-04-23T22:07:13.010-04:00",,"NYK","Full",,"team",,,"false","2026-04-25T18:00:00.000-04:00","scheduled","ATL","E03A3E","Atlanta","Hawks",,"false","false","true","false","NBA","7","14.5","standard","false","216868","https://static.prizepicks.com/images/players/nba/Dyson_Daniels_358fb074-ac1b-45a6-bf54-46c30534786e.webp","5","Atlanta","Dyson Daniels","G","ATL","Hawks","11638567","Single Stat","Single Stat","4680","true","2026-04-25T18:10:00.000-04:00","Pts+Asts","10","Pts+Asts","pre_game",,,"2026-04-23T23:45:51.960-04:00"
,"NYK","F58426","New York","Knicks","2026-04-23T22:07:39.131-04:00",,"ATL","Full",,"team",,,"false","2026-04-25T18:00:00.000-04:00","scheduled","ATL","E03A3E","Atlanta","Hawks",,"false","false","true","false","NBA","7","14.5","standard","false","216220","https://static.prizepicks.com/images/manual/Karl-Anthony_Townss.png","32","New York","Karl-Anthony Towns","C-F","NYK","Knicks","11638776","Single Stat","Single Stat","4693","true","2026-04-25T18:10:00.000-04:00","Rebs+Asts","7","Rebs+Asts","pre_game",,,"2026-04-23T22:23:08.496-04:00"
,"NYK","F58426","New York","Knicks","2026-04-23T22:07:54.745-04:00",,"NYK","Full",,"team",,,"false","2026-04-25T18:00:00.000-04:00","scheduled","ATL","E03A3E","Atlanta","Hawks",,"false","false","true","false","NBA","7","14.5","standard","false","25424","https://static.prizepicks.com/images/players/NBA/Onyeka_Okongwu_NBA_player_d0l501drVfcgmWVkhmKBfdVW.webp","17","Atlanta","Onyeka Okongwu","F-C","ATL","Hawks","11638894","Single Stat","Single Stat","4700","true","2026-04-25T18:10:00.000-04:00","Pts+Asts","10","Pts+Asts","pre_game",,,"2026-04-23T23:37:32.828-04:00"
,"NYK","F58426","New York","Knicks","2026-03-30T18:10:00.000-04:00",,"ATL","Full",,"team",,,"false","2026-04-25T18:00:00.000-04:00","scheduled","ATL","E03A3E","Atlanta","Hawks",,"false","false","true","false","NBA","7","14.5","standard","false","188004","https://static.prizepicks.com/images/players/NBA/Jalen_Brunson_NBA_player_yiwlT8GHgktYu1WBoRvjpRr8.webp","11","New York","Jalen Brunson","G","NYK","Knicks","11641357","Single Stat","Single Stat","4703","true","2026-04-25T18:10:00.000-04:00","Two Pointers Attempted","1000","2-PT Att","pre_game",,,"2026-04-24T11:46:06.186-04:00"
,"NYK","F58426","New York","Knicks","2026-03-31T18:10:00.000-04:00",,"NYK","Full",,"team",,,"false","2026-04-25T18:00:00.000-04:00","scheduled","ATL","E03A3E","Atlanta","Hawks",,"false","false","true","false","NBA","7","14.5","standard","false","271664","https://static.prizepicks.com/images/players/NBA/Nickeil_Alexander-Walker_NBA_player_YFx1QPxW6uUn3vtjVF70XcO1.webp","7","Atlanta","Nickeil Alexander-Walker","G","ATL","Hawks","11641494","Single Stat","Single Stat","4704","true","2026-04-25T18:10:00.000-04:00","FG Attempted","12","FG Attempted","pre_game",,,"2026-04-24T12:55:12.534-04:00"
"true","NYK","F58426","New York","Knicks","2026-04-23T22:07:41.439-04:00",,"ATL","Full",,"team",,,"false","2026-04-25T18:00:00.000-04:00","scheduled","ATL","E03A3E","Atlanta","Hawks",,"false","false","true","false","NBA","7","14","standard","false","216219","https://static.prizepicks.com/images/players/NBA/Mikal_Bridges_NBA_player_GWFvIk1UqZwpQez5aYd322k.webp","25","New York","Mikal Bridges","G-F","NYK","Knicks","11638790","Single Stat","Single Stat","4709","true","2026-04-25T18:10:00.000-04:00","Pts+Asts","10","Pts+Asts","pre_game",,,"2026-04-24T13:12:26.871-04:00"
,"NYK","F58426","New York","Knicks","2026-04-23T22:07:41.808-04:00",,"ATL","Full",,"team",,,"false","2026-04-25T18:00:00.000-04:00","scheduled","ATL","E03A3E","Atlanta","Hawks",,"false","false","true","false","NBA","7","14","standard","false","216219","https://static.prizepicks.com/images/players/NBA/Mikal_Bridges_NBA_player_GWFvIk1UqZwpQez5aYd322k.webp","25","New York","Mikal Bridges","G-F","NYK","Knicks","11638795","Single Stat","Single Stat","4710","true","2026-04-25T18:10:00.000-04:00","Pts+Rebs","18","Pts+Rebs","pre_game",,,"2026-04-24T13:58:33.145-04:00"
,"NYK","F58426","New York","Knicks","2026-04-23T22:07:27.177-04:00",,"NYK","Full",,"team",,,"false","2026-04-25T18:00:00.000-04:00","scheduled","ATL","E03A3E","Atlanta","Hawks",,"false","false","true","false","NBA","7","13.5","standard","false","302627","https://static.prizepicks.com/images/manual/Jonathan Kuminga.png","0","Atlanta","Jonathan Kuminga","F","ATL","Hawks","11638681","Single Stat","Single Stat","4711","true","2026-04-25T18:10:00.000-04:00","Points","0","Points","pre_game",,,"2026-04-23T22:11:02.907-04:00"
,"NYK","F58426","New York","Knicks","2026-04-23T22:07:34.003-04:00",,"ATL","Full",,"team",,,"false","2026-04-25T18:00:00.000-04:00","scheduled","ATL","E03A3E","Atlanta","Hawks",,"false","false","true","false","NBA","7","13.5","standard","false","123595","https://static.prizepicks.com/images/players/NBA/Josh_Hart_NBA_player_H4eKetTATQuBYqjr3k7PBmJd.webp","3","New York","Josh Hart","G","NYK","Knicks","11638736","Single Stat","Single Stat","4712","true","2026-04-25T18:10:00.000-04:00","Rebs+Asts","7","Rebs+Asts","pre_game",,,"2026-04-23T22:11:48.749-04:00"
,"NYK","F58426","New York","Knicks","2026-03-30T18:10:00.000-04:00",,"ATL","Full",,"team",,,"false","2026-04-25T18:00:00.000-04:00","scheduled","ATL","E03A3E","Atlanta","Hawks",,"false","false","true","false","NBA","7","13.5","standard","false","216220","https://static.prizepicks.com/images/manual/Karl-Anthony_Townss.png","32","New York","Karl-Anthony Towns","C-F","NYK","Knicks","11641410","Single Stat","Single Stat","4715","true","2026-04-25T18:10:00.000-04:00","FG Attempted","12","FG Attempted","pre_game",,,"2026-04-24T11:46:08.721-04:00"
"false","NYK","F58426","New York","Knicks","2026-04-01T18:10:00.000-04:00",,"NYK/ATL","Full",,"combo",,,"false","2026-04-25T18:00:00.000-04:00","scheduled","ATL","E03A3E","Atlanta","Hawks",,"false","false","true","false","NBA","7","13","standard","true","312438","https://static.prizepicks.com/images/players/CMBO_group_yOl0Qyce9Vwduf2NYRI6Jp4X.webp","1 + 11",,"Jalen Johnson + Jalen Brunson","F","ATL/NYK","Hawks/Knicks","11639449","Single Stat","Single Stat","4720","true","2026-04-25T18:10:00.000-04:00","Assists (Combo)","10","Assists","pre_game",,,"2026-04-23T22:34:44.649-04:00"
,"NYK","F58426","New York","Knicks","2026-03-30T18:10:00.000-04:00",,"ATL","Full",,"team",,,"false","2026-04-25T18:00:00.000-04:00","scheduled","ATL","E03A3E","Atlanta","Hawks",,"false","false","true","false","NBA","7","12.5","standard","false","183158","https://static.prizepicks.com/images/players/NBA/OG_Anunoby_NBA_player_7g4oOE9EMB4tFkaOcu1UCAZ0.webp","8","New York","OG Anunoby","F-G","NYK","Knicks","11641508","Single Stat","Single Stat","4726","true","2026-04-25T18:10:00.000-04:00","FG Attempted","12","FG Attempted","pre_game",,,"2026-04-24T13:46:11.508-04:00"
,"NYK","F58426","New York","Knicks","2026-04-24T00:04:26.673-04:00",,"NYK","Full",,"team",,,"false","2026-04-25T18:00:00.000-04:00","scheduled","ATL","E03A3E","Atlanta","Hawks",,"false","false","true","false","NBA","7","12.5","standard","false","25424","https://static.prizepicks.com/images/players/NBA/Onyeka_Okongwu_NBA_player_d0l501drVfcgmWVkhmKBfdVW.webp","17","Atlanta","Onyeka Okongwu","F-C","ATL","Hawks","11641525","Single Stat","Single Stat","4727","true","2026-04-25T18:10:00.000-04:00","Points","0","Points","pre_game",,,"2026-04-24T04:40:05.841-04:00"
"false","NYK","F58426","New York","Knicks","2026-04-24T00:52:46.660-04:00",,"ATL","Full",,"team",,,"false","2026-04-25T18:00:00.000-04:00","scheduled","ATL","E03A3E","Atlanta","Hawks",,"false","false","true","false","NBA","7","12.5","standard","false","57319","https://static.prizepicks.com/images/players/NBA/Miles_McBride_NBA_player_8YvNuEefdumSLGKRMx4kSzCH.webp","2","New York","Miles McBride","G","NYK","Knicks","11642826","Single Stat","Single Stat","4728","true","2026-04-25T18:10:00.000-04:00","Pts+Rebs+Asts","1","PRA","pre_game",,,"2026-04-24T07:23:45.033-04:00"
,"NYK","F58426","New York","Knicks","2026-04-23T22:07:14.953-04:00",,"NYK","Full",,"team",,,"false","2026-04-25T18:00:00.000-04:00","scheduled","ATL","E03A3E","Atlanta","Hawks",,"false","false","true","false","NBA","7","11.5","standard","false","216868","https://static.prizepicks.com/images/players/nba/Dyson_Daniels_358fb074-ac1b-45a6-bf54-46c30534786e.webp","5","Atlanta","Dyson Daniels","G","ATL","Hawks","11638584","Single Stat","Single Stat","4733","true","2026-04-25T18:10:00.000-04:00","Rebs+Asts","7","Rebs+Asts","pre_game",,,"2026-04-23T22:16:05.174-04:00"
,"NYK","F58426","New York","Knicks","2026-04-23T22:07:31.443-04:00",,"ATL","Full",,"team",,,"false","2026-04-25T18:00:00.000-04:00","scheduled","ATL","E03A3E","Atlanta","Hawks",,"false","false","true","false","NBA","7","11.5","standard","false","123595","https://static.prizepicks.com/images/players/NBA/Josh_Hart_NBA_player_H4eKetTATQuBYqjr3k7PBmJd.webp","3","New York","Josh Hart","G","NYK","Knicks","11638714","Single Stat","Single Stat","4738","true","2026-04-25T18:10:00.000-04:00","Points","0","Points","pre_game",,,"2026-04-24T12:37:39.574-04:00"
,"NYK","F58426","New York","Knicks","2026-04-23T22:07:38.381-04:00",,"ATL","Full",,"team",,,"false","2026-04-25T18:00:00.000-04:00","scheduled","ATL","E03A3E","Atlanta","Hawks",,"false","false","true","false","NBA","7","11.5","standard","false","216220","https://static.prizepicks.com/images/manual/Karl-Anthony_Townss.png","32","New York","Karl-Anthony Towns","C-F","NYK","Knicks","11638772","Single Stat","Single Stat","4741","true","2026-04-25T18:10:00.000-04:00","Rebounds","2","Rebounds","pre_game",,,"2026-04-23T22:20:55.560-04:00"
"false","NYK","F58426","New York","Knicks","2026-04-01T18:10:00.000-04:00",,"NYK/ATL","Full",,"combo",,,"false","2026-04-25T18:00:00.000-04:00","scheduled","ATL","E03A3E","Atlanta","Hawks",,"false","false","true","false","NBA","7","11.5","standard","true","315232","https://static.prizepicks.com/images/players/CMBO_group_J1Xfj6i0eWkGO7bX4tNwV6J.webp","5 + 11",,"Dyson Daniels + Jalen Brunson","G","ATL/NYK","Hawks/Knicks","11639448","Single Stat","Single Stat","4746","true","2026-04-25T18:10:00.000-04:00","Assists (Combo)","10","Assists","pre_game",,,"2026-04-24T00:26:40.979-04:00"
,"NYK","F58426","New York","Knicks","2026-04-06T22:07:00.000-04:00",,"NYK","Full",,"team",,,"false","2026-04-25T18:00:00.000-04:00","scheduled","ATL","E03A3E","Atlanta","Hawks",,"false","false","true","false","NBA","7","11.5","standard","false","87857","https://static.prizepicks.com/images/players/NBA/Jalen_Johnson_NBA_player_FmEzfKxF660EMYtLuQFYNxDS.webp","1","Atlanta","Jalen Johnson","F","ATL","Hawks","11641370","Single Stat","Single Stat","4749","true","2026-04-25T18:10:00.000-04:00","Two Pointers Attempted","1000","2-PT Att","pre_game",,,"2026-04-24T11:46:06.058-04:00"
,"NYK","F58426","New York","Knicks","2026-04-24T00:04:16.046-04:00",,"ATL","Full",,"team",,,"false","2026-04-25T18:00:00.000-04:00","scheduled","ATL","E03A3E","Atlanta","Hawks",,"false","false","true","false","NBA","7","11.5","standard","false","55371","https://static.prizepicks.com/images/players/NBA/Mitchell_Robinson_NBA_player_Vlje4U1sWQAEhuYQgdbVebrG.webp","23","New York","Mitchell Robinson","C-F","NYK","Knicks","11641468","Single Stat","Single Stat","4751","true","2026-04-25T18:10:00.000-04:00","Pts+Rebs","18","Pts+Rebs","pre_game",,,"2026-04-24T01:23:36.232-04:00"
,"NYK","F58426","New York","Knicks","2026-04-24T12:20:28.969-04:00",,"ATL","Full",,"team",,,"false","2026-04-25T18:00:00.000-04:00","scheduled","ATL","E03A3E","Atlanta","Hawks",,"false","false","true","false","NBA","7","11.5","standard","false","55371","https://static.prizepicks.com/images/players/NBA/Mitchell_Robinson_NBA_player_Vlje4U1sWQAEhuYQgdbVebrG.webp","23","New York","Mitchell Robinson","C-F","NYK","Knicks","11654031","Single Stat","Single Stat","4755","true","2026-04-25T18:10:00.000-04:00","Pts+Rebs+Asts","1","PRA","pre_game",,,"2026-04-24T12:59:49.123-04:00"
,"NYK","F58426","New York","Knicks","2026-04-24T13:06:12.959-04:00",,"ATL","Full",,"team",,,"false","2026-04-25T18:00:00.000-04:00","scheduled","ATL","E03A3E","Atlanta","Hawks",,"false","false","true","false","NBA","7","11.5","standard","false","216219","https://static.prizepicks.com/images/players/NBA/Mikal_Bridges_NBA_player_GWFvIk1UqZwpQez5aYd322k.webp","25","New York","Mikal Bridges","G-F","NYK","Knicks","11654931","Single Stat","Single Stat","4756","true","2026-04-25T18:10:00.000-04:00","Points","0","Points","pre_game",,,"2026-04-24T13:15:32.809-04:00"
"false","NYK","F58426","New York","Knicks","2026-04-01T18:10:00.000-04:00",,"NYK/ATL","Full",,"combo",,,"false","2026-04-25T18:00:00.000-04:00","scheduled","ATL","E03A3E","Atlanta","Hawks",,"false","false","true","false","NBA","7","11","standard","true","312440","https://static.prizepicks.com/images/players/CMBO_group_2txr1RX6BT5FwZKd154PBKv7.webp","1 + 3",,"Jalen Johnson + Josh Hart","F","ATL/NYK","Hawks/Knicks","11639450","Single Stat","Single Stat","4757","true","2026-04-25T18:10:00.000-04:00","Assists (Combo)","10","Assists","pre_game",,,"2026-04-23T22:35:19.083-04:00"
"true","NYK","F58426","New York","Knicks","2026-04-23T22:07:40.853-04:00",,"ATL","Full",,"team",,,"false","2026-04-25T18:00:00.000-04:00","scheduled","ATL","E03A3E","Atlanta","Hawks",,"false","false","true","false","NBA","7","10.5","standard","false","216219","https://static.prizepicks.com/images/players/NBA/Mikal_Bridges_NBA_player_GWFvIk1UqZwpQez5aYd322k.webp","25","New York","Mikal Bridges","G-F","NYK","Knicks","11638786","Single Stat","Single Stat","4761","true","2026-04-25T18:10:00.000-04:00","Points","0","Points","pre_game",,,"2026-04-24T13:02:54.731-04:00"
,"NYK","F58426","New York","Knicks","2026-04-24T12:20:28.181-04:00",,"ATL","Full",,"team",,,"false","2026-04-25T18:00:00.000-04:00","scheduled","ATL","E03A3E","Atlanta","Hawks",,"false","false","true","false","NBA","7","10.5","standard","false","57319","https://static.prizepicks.com/images/players/NBA/Miles_McBride_NBA_player_8YvNuEefdumSLGKRMx4kSzCH.webp","2","New York","Miles McBride","G","NYK","Knicks","11654029","Single Stat","Single Stat","4771","true","2026-04-25T18:10:00.000-04:00","Pts+Asts","10","Pts+Asts","pre_game",,,"2026-04-24T12:54:17.316-04:00"
"false","NYK","F58426","New York","Knicks","2026-04-01T18:10:00.000-04:00",,"NYK/ATL","Full",,"combo",,,"false","2026-04-25T18:00:00.000-04:00","scheduled","ATL","E03A3E","Atlanta","Hawks",,"false","false","true","false","NBA","7","10","standard","true","312442","https://static.prizepicks.com/images/players/CMBO_group_YfEWnXqPvNgu3tkKrt3VzUat.webp","5 + 3",,"Dyson Daniels + Josh Hart","G","ATL/NYK","Hawks/Knicks","11639451","Single Stat","Single Stat","4772","true","2026-04-25T18:10:00.000-04:00","Assists (Combo)","10","Assists","pre_game",,,"2026-04-24T00:20:20.484-04:00"
,"NYK","F58426","New York","Knicks","2026-04-23T22:07:12.531-04:00",,"NYK","Full",,"team",,,"false","2026-04-25T18:00:00.000-04:00","scheduled","ATL","E03A3E","Atlanta","Hawks",,"false","false","true","false","NBA","7","9.5","standard","false","216868","https://static.prizepicks.com/images/players/nba/Dyson_Daniels_358fb074-ac1b-45a6-bf54-46c30534786e.webp","5","Atlanta","Dyson Daniels","G","ATL","Hawks","11638565","Single Stat","Single Stat","4774","true","2026-04-25T18:10:00.000-04:00","Points","0","Points","pre_game",,,"2026-04-23T22:35:32.182-04:00"
,"NYK","F58426","New York","Knicks","2026-04-23T22:07:24.748-04:00",,"NYK","Full",,"team",,,"false","2026-04-25T18:00:00.000-04:00","scheduled","ATL","E03A3E","Atlanta","Hawks",,"false","false","true","false","NBA","7","9.5","standard","false","87857","https://static.prizepicks.com/images/players/NBA/Jalen_Johnson_NBA_player_FmEzfKxF660EMYtLuQFYNxDS.webp","1","Atlanta","Jalen Johnson","F","ATL","Hawks","11638661","Single Stat","Single Stat","4778","true","2026-04-25T18:10:00.000-04:00","Rebounds","2","Rebounds","pre_game",,,"2026-04-23T22:20:55.568-04:00"
,"NYK","F58426","New York","Knicks","2026-04-07T18:10:00.000-04:00",,"ATL","Full",,"team",,,"false","2026-04-25T18:00:00.000-04:00","scheduled","ATL","E03A3E","Atlanta","Hawks",,"false","false","true","false","NBA","7","9.5","standard","false","188004","https://static.prizepicks.com/images/players/NBA/Jalen_Brunson_NBA_player_yiwlT8GHgktYu1WBoRvjpRr8.webp","11","New York","Jalen Brunson","G","NYK","Knicks","11641349","Single Stat","Single Stat","4793","true","2026-04-25T18:10:00.000-04:00","FG Made","7","FG Made","pre_game",,,"2026-04-24T11:46:09.479-04:00"
,"NYK","F58426","New York","Knicks","2026-03-30T18:10:00.000-04:00",,"ATL","Full",,"team",,,"false","2026-04-25T18:00:00.000-04:00","scheduled","ATL","E03A3E","Atlanta","Hawks",,"false","false","true","false","NBA","7","9.5","standard","false","123595","https://static.prizepicks.com/images/players/NBA/Josh_Hart_NBA_player_H4eKetTATQuBYqjr3k7PBmJd.webp","3","New York","Josh Hart","G","NYK","Knicks","11641400","Single Stat","Single Stat","4794","true","2026-04-25T18:10:00.000-04:00","FG Attempted","12","FG Attempted","pre_game",,,"2026-04-24T11:46:08.745-04:00"
,"NYK","F58426","New York","Knicks","2026-04-23T22:07:33.334-04:00",,"ATL","Full",,"team",,,"false","2026-04-25T18:00:00.000-04:00","scheduled","ATL","E03A3E","Atlanta","Hawks",,"false","false","true","false","NBA","7","8.5","standard","false","123595","https://static.prizepicks.com/images/players/NBA/Josh_Hart_NBA_player_H4eKetTATQuBYqjr3k7PBmJd.webp","3","New York","Josh Hart","G","NYK","Knicks","11638731","Single Stat","Single Stat","4805","true","2026-04-25T18:10:00.000-04:00","Rebounds","2","Rebounds","pre_game",,,"2026-04-23T22:29:21.818-04:00"
,"NYK","F58426","New York","Knicks","2026-03-31T18:10:00.000-04:00",,"NYK","Full",,"team",,,"false","2026-04-25T18:00:00.000-04:00","scheduled","ATL","E03A3E","Atlanta","Hawks",,"false","false","true","false","NBA","7","8.5","standard","false","216868","https://static.prizepicks.com/images/players/nba/Dyson_Daniels_358fb074-ac1b-45a6-bf54-46c30534786e.webp","5","Atlanta","Dyson Daniels","G","ATL","Hawks","11641328","Single Stat","Single Stat","4810","true","2026-04-25T18:10:00.000-04:00","FG Attempted","12","FG Attempted","pre_game",,,"2026-04-24T11:46:08.789-04:00"
,"NYK","F58426","New York","Knicks","2026-03-30T18:10:00.000-04:00",,"ATL","Full",,"team",,,"false","2026-04-25T18:00:00.000-04:00","scheduled","ATL","E03A3E","Atlanta","Hawks",,"false","false","true","false","NBA","7","8.5","standard","false","216219","https://static.prizepicks.com/images/players/NBA/Mikal_Bridges_NBA_player_GWFvIk1UqZwpQez5aYd322k.webp","25","New York","Mikal Bridges","G-F","NYK","Knicks","11641424","Single Stat","Single Stat","4814","true","2026-04-25T18:10:00.000-04:00","FG Attempted","12","FG Attempted","pre_game",,,"2026-04-24T11:46:08.665-04:00"
,"NYK","F58426","New York","Knicks","2026-04-06T18:10:00.000-04:00",,"NYK","Full",,"team",,,"false","2026-04-25T18:00:00.000-04:00","scheduled","ATL","E03A3E","Atlanta","Hawks",,"false","false","true","false","NBA","7","8.5","standard","false","271664","https://static.prizepicks.com/images/players/NBA/Nickeil_Alexander-Walker_NBA_player_YFx1QPxW6uUn3vtjVF70XcO1.webp","7","Atlanta","Nickeil Alexander-Walker","G","ATL","Hawks","11641490","Single Stat","Single Stat","4816","true","2026-04-25T18:10:00.000-04:00","3-PT Attempted","8","3PTA","pre_game",,,"2026-04-24T11:46:06.617-04:00"
,"NYK","F58426","New York","Knicks","2026-04-24T08:33:27.690-04:00",,"ATL","Full",,"team",,,"false","2026-04-25T18:00:00.000-04:00","scheduled","ATL","E03A3E","Atlanta","Hawks",,"false","false","true","false","NBA","7","8.5","standard","false","272335","https://static.prizepicks.com/images/players/NBA/Jordan_Clarkson_NBA_player_BADSTsW2u38bankqw1dduIeW.webp","00","New York","Jordan Clarkson","G","NYK","Knicks","11651572","Single Stat","Single Stat","4820","true","2026-04-25T18:10:00.000-04:00","Pts+Rebs+Asts","1","PRA","pre_game",,,"2026-04-24T10:21:22.209-04:00"
,"NYK","F58426","New York","Knicks","2026-04-24T11:50:11.321-04:00",,"ATL","Full",,"team",,,"false","2026-04-25T18:00:00.000-04:00","scheduled","ATL","E03A3E","Atlanta","Hawks",,"false","false","true","false","NBA","7","8.5","standard","false","57319","https://static.prizepicks.com/images/players/NBA/Miles_McBride_NBA_player_8YvNuEefdumSLGKRMx4kSzCH.webp","2","New York","Miles McBride","G","NYK","Knicks","11653586","Single Stat","Single Stat","4821","true","2026-04-25T18:10:00.000-04:00","Points","0","Points","pre_game",,,"2026-04-24T12:43:14.482-04:00"
"false","NYK","F58426","New York","Knicks","2026-04-24T00:04:12.801-04:00",,"ATL","Full",,"team",,,"false","2026-04-25T18:00:00.000-04:00","scheduled","ATL","E03A3E","Atlanta","Hawks",,"false","false","true","false","NBA","7","8","standard","false","57319","https://static.prizepicks.com/images/players/NBA/Miles_McBride_NBA_player_8YvNuEefdumSLGKRMx4kSzCH.webp","2","New York","Miles McBride","G","NYK","Knicks","11641446","Single Stat","Single Stat","4824","true","2026-04-25T18:10:00.000-04:00","Points","0","Points","pre_game",,,"2026-04-24T07:12:15.355-04:00"
,"NYK","F58426","New York","Knicks","2026-04-23T22:07:56.094-04:00",,"NYK","Full",,"team",,,"false","2026-04-25T18:00:00.000-04:00","scheduled","ATL","E03A3E","Atlanta","Hawks",,"false","false","true","false","NBA","7","7.5","standard","false","25424","https://static.prizepicks.com/images/players/NBA/Onyeka_Okongwu_NBA_player_d0l501drVfcgmWVkhmKBfdVW.webp","17","Atlanta","Onyeka Okongwu","F-C","ATL","Hawks","11638908","Single Stat","Single Stat","4841","true","2026-04-25T18:10:00.000-04:00","Rebounds","2","Rebounds","pre_game",,,"2026-04-23T23:56:34.488-04:00"
,"NYK","F58426","New York","Knicks","2026-04-23T23:07:00.236-04:00",,"ATL","Full",,"team",,,"false","2026-04-25T18:00:00.000-04:00","scheduled","ATL","E03A3E","Atlanta","Hawks",,"false","false","true","false","NBA","7","7.5","standard","false","183158","https://static.prizepicks.com/images/players/NBA/OG_Anunoby_NBA_player_7g4oOE9EMB4tFkaOcu1UCAZ0.webp","8","New York","OG Anunoby","F-G","NYK","Knicks","11640451","Single Stat","Single Stat","4844","true","2026-04-25T18:10:00.000-04:00","Rebs+Asts","7","Rebs+Asts","pre_game",,,"2026-04-24T00:38:54.337-04:00"
,"NYK","F58426","New York","Knicks","2026-03-15T18:10:00.000-04:00",,"NYK","Full",,"team",,,"false","2026-04-25T18:00:00.000-04:00","scheduled","ATL","E03A3E","Atlanta","Hawks",,"false","false","true","false","NBA","7","7.5","standard","false","87857","https://static.prizepicks.com/images/players/NBA/Jalen_Johnson_NBA_player_FmEzfKxF660EMYtLuQFYNxDS.webp","1","Atlanta","Jalen Johnson","F","ATL","Hawks","11641362","Single Stat","Single Stat","4846","true","2026-04-25T18:10:00.000-04:00","FG Made","7","FG Made","pre_game",,,"2026-04-24T11:46:09.930-04:00"
,"NYK","F58426","New York","Knicks","2026-03-30T18:10:00.000-04:00",,"ATL","Full",,"team",,,"false","2026-04-25T18:00:00.000-04:00","scheduled","ATL","E03A3E","Atlanta","Hawks",,"false","false","true","false","NBA","7","7.5","standard","false","57319","https://static.prizepicks.com/images/players/NBA/Miles_McBride_NBA_player_8YvNuEefdumSLGKRMx4kSzCH.webp","2","New York","Miles McBride","G","NYK","Knicks","11641440","Single Stat","Single Stat","4848","true","2026-04-25T18:10:00.000-04:00","FG Attempted","12","FG Attempted","pre_game",,,"2026-04-24T12:20:38.267-04:00"
,"NYK","F58426","New York","Knicks","2026-04-24T12:20:25.392-04:00",,"ATL","Full",,"team",,,"false","2026-04-25T18:00:00.000-04:00","scheduled","ATL","E03A3E","Atlanta","Hawks",,"false","false","true","false","NBA","7","7.5","standard","false","272335","https://static.prizepicks.com/images/players/NBA/Jordan_Clarkson_NBA_player_BADSTsW2u38bankqw1dduIeW.webp","00","New York","Jordan Clarkson","G","NYK","Knicks","11654024","Single Stat","Single Stat","4853","true","2026-04-25T18:10:00.000-04:00","Pts+Rebs","18","Pts+Rebs","pre_game",,,"2026-04-24T12:40:50.955-04:00"
,"NYK","F58426","New York","Knicks","2026-04-23T22:07:14.270-04:00",,"NYK","Full",,"team",,,"false","2026-04-25T18:00:00.000-04:00","scheduled","ATL","E03A3E","Atlanta","Hawks",,"false","false","true","false","NBA","7","6.5","standard","false","216868","https://static.prizepicks.com/images/players/nba/Dyson_Daniels_358fb074-ac1b-45a6-bf54-46c30534786e.webp","5","Atlanta","Dyson Daniels","G","ATL","Hawks","11638581","Single Stat","Single Stat","4856","true","2026-04-25T18:10:00.000-04:00","Rebounds","2","Rebounds","pre_game",,,"2026-04-23T22:20:55.585-04:00"
,"NYK","F58426","New York","Knicks","2026-04-23T22:07:16.248-04:00",,"ATL","Full",,"team",,,"false","2026-04-25T18:00:00.000-04:00","scheduled","ATL","E03A3E","Atlanta","Hawks",,"false","false","true","false","NBA","7","6.5","standard","false","188004","https://static.prizepicks.com/images/players/NBA/Jalen_Brunson_NBA_player_yiwlT8GHgktYu1WBoRvjpRr8.webp","11","New York","Jalen Brunson","G","NYK","Knicks","11638596","Single Stat","Single Stat","4857","true","2026-04-25T18:10:00.000-04:00","Assists","5","Assists","pre_game",,,"2026-04-24T06:35:20.369-04:00"
,"NYK","F58426","New York","Knicks","2026-04-23T22:07:47.570-04:00",,"NYK","Full",,"team",,,"false","2026-04-25T18:00:00.000-04:00","scheduled","ATL","E03A3E","Atlanta","Hawks",,"false","false","true","false","NBA","7","6.5","standard","false","271664","https://static.prizepicks.com/images/players/NBA/Nickeil_Alexander-Walker_NBA_player_YFx1QPxW6uUn3vtjVF70XcO1.webp","7","Atlanta","Nickeil Alexander-Walker","G","ATL","Hawks","11638841","Single Stat","Single Stat","4862","true","2026-04-25T18:10:00.000-04:00","Rebs+Asts","7","Rebs+Asts","pre_game",,,"2026-04-24T00:06:31.946-04:00"
,"NYK","F58426","New York","Knicks","2026-04-06T22:07:00.000-04:00",,"NYK","Full",,"team",,,"false","2026-04-25T18:00:00.000-04:00","scheduled","ATL","E03A3E","Atlanta","Hawks",,"false","false","true","false","NBA","7","6.5","standard","false","302627","https://static.prizepicks.com/images/manual/Jonathan Kuminga.png","0","Atlanta","Jonathan Kuminga","F","ATL","Hawks","11641381","Single Stat","Single Stat","4868","true","2026-04-25T18:10:00.000-04:00","Two Pointers Attempted","1000","2-PT Att","pre_game",,,"2026-04-24T11:46:06.078-04:00"
,"NYK","F58426","New York","Knicks","2026-04-24T00:04:16.391-04:00",,"ATL","Full",,"team",,,"false","2026-04-25T18:00:00.000-04:00","scheduled","ATL","E03A3E","Atlanta","Hawks",,"false","false","true","false","NBA","7","6.5","standard","false","55371","https://static.prizepicks.com/images/players/NBA/Mitchell_Robinson_NBA_player_Vlje4U1sWQAEhuYQgdbVebrG.webp","23","New York","Mitchell Robinson","C-F","NYK","Knicks","11641471","Single Stat","Single Stat","4872","true","2026-04-25T18:10:00.000-04:00","Rebounds","2","Rebounds","pre_game",,,"2026-04-24T01:33:52.955-04:00"
,"NYK","F58426","New York","Knicks","2026-03-29T18:10:00.000-04:00",,"ATL","Full",,"team",,,"false","2026-04-25T18:00:00.000-04:00","scheduled","ATL","E03A3E","Atlanta","Hawks",,"false","false","true","false","NBA","7","6.5","standard","false","183158","https://static.prizepicks.com/images/players/NBA/OG_Anunoby_NBA_player_7g4oOE9EMB4tFkaOcu1UCAZ0.webp","8","New York","OG Anunoby","F-G","NYK","Knicks","11641505","Single Stat","Single Stat","4873","true","2026-04-25T18:10:00.000-04:00","3-PT Attempted","8","3PTA","pre_game",,,"2026-04-24T11:46:06.699-04:00"
,"NYK","F58426","New York","Knicks","2026-04-24T12:04:52.693-04:00",,"ATL","Full",,"team",,,"false","2026-04-25T18:00:00.000-04:00","scheduled","ATL","E03A3E","Atlanta","Hawks",,"false","false","true","false","NBA","7","6.5","standard","false","272335","https://static.prizepicks.com/images/players/NBA/Jordan_Clarkson_NBA_player_BADSTsW2u38bankqw1dduIeW.webp","00","New York","Jordan Clarkson","G","NYK","Knicks","11653850","Single Stat","Single Stat","4876","true","2026-04-25T18:10:00.000-04:00","Pts+Asts","10","Pts+Asts","pre_game",,,"2026-04-24T12:27:43.754-04:00"
,"NYK","F58426","New York","Knicks","2026-04-23T22:07:43.091-04:00",,"ATL","Full",,"team",,,"false","2026-04-25T18:00:00.000-04:00","scheduled","ATL","E03A3E","Atlanta","Hawks",,"false","false","true","false","NBA","7","5.5","standard","false","216219","https://static.prizepicks.com/images/players/NBA/Mikal_Bridges_NBA_player_GWFvIk1UqZwpQez5aYd322k.webp","25","New York","Mikal Bridges","G-F","NYK","Knicks","11638803","Single Stat","Single Stat","4890","true","2026-04-25T18:10:00.000-04:00","Rebs+Asts","7","Rebs+Asts","pre_game",,,"2026-04-23T22:43:52.492-04:00"
"false","NYK","F58426","New York","Knicks","2026-04-01T18:10:00.000-04:00",,"NYK/ATL","Full",,"combo",,,"false","2026-04-25T18:00:00.000-04:00","scheduled","ATL","E03A3E","Atlanta","Hawks",,"false","false","true","false","NBA","7","5.5","standard","true","312434","https://static.prizepicks.com/images/players/CMBO_group_54KwWOE6sNA8lM2CfMKsoiWi.webp","7 + 11",,"Nickeil Alexander-Walker + Jalen Brunson","G","ATL/NYK","Hawks/Knicks","11639453","Single Stat","Single Stat","4895","true","2026-04-25T18:10:00.000-04:00","3-PT Made (Combo)","10","3PTM","pre_game",,,"2026-04-24T00:11:03.839-04:00"
"false","NYK","F58426","New York","Knicks","2026-04-01T18:10:00.000-04:00",,"NYK/ATL","Full",,"combo",,,"false","2026-04-25T18:00:00.000-04:00","scheduled","ATL","E03A3E","Atlanta","Hawks",,"false","false","true","false","NBA","7","5.5","standard","true","312433","https://static.prizepicks.com/images/players/CMBO_group_Nr3h6dO4baCI0fBlrDUalXHh.webp","7 + 8",,"Nickeil Alexander-Walker + OG Anunoby","G","ATL/NYK","Hawks/Knicks","11639455","Single Stat","Single Stat","4896","true","2026-04-25T18:10:00.000-04:00","3-PT Made (Combo)","10","3PTM","pre_game",,,"2026-04-24T13:01:55.250-04:00"
,"NYK","F58426","New York","Knicks","2026-04-23T22:43:33.124-04:00",,"ATL","Full",,"team",,,"false","2026-04-25T18:00:00.000-04:00","scheduled","ATL","E03A3E","Atlanta","Hawks",,"false","false","true","false","NBA","7","5.5","standard","false","183158","https://static.prizepicks.com/images/players/NBA/OG_Anunoby_NBA_player_7g4oOE9EMB4tFkaOcu1UCAZ0.webp","8","New York","OG Anunoby","F-G","NYK","Knicks","11639948","Single Stat","Single Stat","4897","true","2026-04-25T18:10:00.000-04:00","Rebounds","2","Rebounds","pre_game",,,"2026-04-23T22:59:32.155-04:00"
,"NYK","F58426","New York","Knicks","2026-04-24T00:04:01.671-04:00",,"ATL","Full",,"team",,,"false","2026-04-25T18:00:00.000-04:00","scheduled","ATL","E03A3E","Atlanta","Hawks",,"false","false","true","false","NBA","7","5.5","standard","false","272335","https://static.prizepicks.com/images/players/NBA/Jordan_Clarkson_NBA_player_BADSTsW2u38bankqw1dduIeW.webp","00","New York","Jordan Clarkson","G","NYK","Knicks","11641390","Single Stat","Single Stat","4899","true","2026-04-25T18:10:00.000-04:00","Points","0","Points","pre_game",,,"2026-04-24T00:18:36.440-04:00"
,"NYK","F58426","New York","Knicks","2026-04-07T18:10:00.000-04:00",,"ATL","Full",,"team",,,"false","2026-04-25T18:00:00.000-04:00","scheduled","ATL","E03A3E","Atlanta","Hawks",,"false","false","true","false","NBA","7","5.5","standard","false","183158","https://static.prizepicks.com/images/players/NBA/OG_Anunoby_NBA_player_7g4oOE9EMB4tFkaOcu1UCAZ0.webp","8","New York","OG Anunoby","F-G","NYK","Knicks","11641509","Single Stat","Single Stat","4905","true","2026-04-25T18:10:00.000-04:00","FG Made","7","FG Made","pre_game",,,"2026-04-24T11:46:10.732-04:00"
,"NYK","F58426","New York","Knicks","2026-03-30T18:10:00.000-04:00",,"ATL","Full",,"team",,,"false","2026-04-25T18:00:00.000-04:00","scheduled","ATL","E03A3E","Atlanta","Hawks",,"false","false","true","false","NBA","7","5.5","standard","false","183158","https://static.prizepicks.com/images/players/NBA/OG_Anunoby_NBA_player_7g4oOE9EMB4tFkaOcu1UCAZ0.webp","8","New York","OG Anunoby","F-G","NYK","Knicks","11641516","Single Stat","Single Stat","4906","true","2026-04-25T18:10:00.000-04:00","Two Pointers Attempted","1000","2-PT Att","pre_game",,,"2026-04-24T12:29:37.741-04:00"
,"NYK","F58426","New York","Knicks","2026-04-06T22:07:00.000-04:00",,"NYK","Full",,"team",,,"false","2026-04-25T18:00:00.000-04:00","scheduled","ATL","E03A3E","Atlanta","Hawks",,"false","false","true","false","NBA","7","5.5","standard","false","25424","https://static.prizepicks.com/images/players/NBA/Onyeka_Okongwu_NBA_player_d0l501drVfcgmWVkhmKBfdVW.webp","17","Atlanta","Onyeka Okongwu","F-C","ATL","Hawks","11641527","Single Stat","Single Stat","4907","true","2026-04-25T18:10:00.000-04:00","Two Pointers Attempted","1000","2-PT Att","pre_game",,,"2026-04-24T11:46:06.326-04:00"
,"NYK","F58426","New York","Knicks","2026-04-24T08:33:25.300-04:00",,"NYK","Full",,"team",,,"false","2026-04-25T18:00:00.000-04:00","scheduled","ATL","E03A3E","Atlanta","Hawks",,"false","false","true","false","NBA","7","5.5","standard","false","311358","https://static.prizepicks.com/images/players/NBA/Gabe_Vincent_NBA_player_2VjjYTI8F2DwwCTHRDmcxFT.webp","4","Atlanta","Gabe Vincent","G","ATL","Hawks","11651568","Single Stat","Single Stat","4913","true","2026-04-25T18:10:00.000-04:00","Pts+Rebs+Asts","1","PRA","pre_game",,,"2026-04-24T08:59:51.334-04:00"
,"NYK","F58426","New York","Knicks","2026-04-24T08:33:30.551-04:00",,"NYK","Full",,"team",,,"false","2026-04-25T18:00:00.000-04:00","scheduled","ATL","E03A3E","Atlanta","Hawks",,"false","false","true","false","NBA","7","5.5","standard","false","178815","https://static.prizepicks.com/images/players/NBA/Mouhamed_Gueye_NBA_player_SyLNDBLyRwZe8BLLBxmeEI8g.webp","18","Atlanta","Mouhamed Gueye","F","ATL","Hawks","11651575","Single Stat","Single Stat","4914","true","2026-04-25T18:10:00.000-04:00","Pts+Rebs+Asts","1","PRA","pre_game",,,"2026-04-24T08:49:24.650-04:00"
"false","NYK","F58426","New York","Knicks","2026-04-01T18:10:00.000-04:00",,"NYK/ATL","Full",,"combo",,,"false","2026-04-25T18:00:00.000-04:00","scheduled","ATL","E03A3E","Atlanta","Hawks",,"false","false","true","false","NBA","7","5","standard","true","312439","https://static.prizepicks.com/images/manual/CJ McCollum + OG Anunoby.png","3 + 8",,"CJ McCollum + OG Anunoby","G","ATL/NYK","Hawks/Knicks","11639452","Single Stat","Single Stat","4917","true","2026-04-25T18:10:00.000-04:00","3-PT Made (Combo)","10","3PTM","pre_game",,,"2026-04-23T22:44:53.143-04:00"
"true","NYK","F58426","New York","Knicks","2026-03-30T18:10:00.000-04:00",,"NYK","Full",,"team",,,"false","2026-04-25T18:00:00.000-04:00","scheduled","ATL","E03A3E","Atlanta","Hawks",,"false","false","true","false","NBA","7","4.5","standard","false","291777","https://static.prizepicks.com/images/manual/CJ_McCollum-.png","3","Atlanta","CJ McCollum","G","ATL","Hawks","11641324","Single Stat","Single Stat","4938","true","2026-04-25T18:10:00.000-04:00","Two Pointers Made","1001","2-PT Made","pre_game",,,"2026-04-24T10:33:38.771-04:00"
,"NYK","F58426","New York","Knicks","2026-04-06T00:04:00.000-04:00",,"ATL","Full",,"team",,,"false","2026-04-25T18:00:00.000-04:00","scheduled","ATL","E03A3E","Atlanta","Hawks",,"false","false","true","false","NBA","7","4.5","standard","false","188004","https://static.prizepicks.com/images/players/NBA/Jalen_Brunson_NBA_player_yiwlT8GHgktYu1WBoRvjpRr8.webp","11","New York","Jalen Brunson","G","NYK","Knicks","11641350","Single Stat","Single Stat","4939","true","2026-04-25T18:10:00.000-04:00","Free Throws Made","11","FTM","pre_game",,,"2026-04-24T12:23:25.632-04:00"
,"NYK","F58426","New York","Knicks","2026-04-07T18:10:00.000-04:00",,"ATL","Full",,"team",,,"false","2026-04-25T18:00:00.000-04:00","scheduled","ATL","E03A3E","Atlanta","Hawks",,"false","false","true","false","NBA","7","4.5","standard","false","123595","https://static.prizepicks.com/images/players/NBA/Josh_Hart_NBA_player_H4eKetTATQuBYqjr3k7PBmJd.webp","3","New York","Josh Hart","G","NYK","Knicks","11641401","Single Stat","Single Stat","4941","true","2026-04-25T18:10:00.000-04:00","FG Made","7","FG Made","pre_game",,,"2026-04-24T11:46:10.456-04:00"
,"NYK","F58426","New York","Knicks","2026-03-30T18:10:00.000-04:00",,"ATL","Full",,"team",,,"false","2026-04-25T18:00:00.000-04:00","scheduled","ATL","E03A3E","Atlanta","Hawks",,"false","false","true","false","NBA","7","4.5","standard","false","216219","https://static.prizepicks.com/images/players/NBA/Mikal_Bridges_NBA_player_GWFvIk1UqZwpQez5aYd322k.webp","25","New York","Mikal Bridges","G-F","NYK","Knicks","11641431","Single Stat","Single Stat","4942","true","2026-04-25T18:10:00.000-04:00","Two Pointers Attempted","1000","2-PT Att","pre_game",,,"2026-04-24T11:46:06.105-04:00"
"false","NYK","F58426","New York","Knicks","2026-04-01T18:10:00.000-04:00",,"NYK/ATL","Full",,"combo",,,"false","2026-04-25T18:00:00.000-04:00","scheduled","ATL","E03A3E","Atlanta","Hawks",,"false","false","true","false","NBA","7","4","standard","true","312438","https://static.prizepicks.com/images/players/CMBO_group_yOl0Qyce9Vwduf2NYRI6Jp4X.webp","1 + 11",,"Jalen Johnson + Jalen Brunson","F","ATL/NYK","Hawks/Knicks","11639456","Single Stat","Single Stat","4952","true","2026-04-25T18:10:00.000-04:00","3-PT Made (Combo)","10","3PTM","pre_game",,,"2026-04-23T22:35:38.216-04:00"
"false","NYK","F58426","New York","Knicks","2026-04-01T18:10:00.000-04:00",,"NYK/ATL","Full",,"combo",,,"false","2026-04-25T18:00:00.000-04:00","scheduled","ATL","E03A3E","Atlanta","Hawks",,"false","false","true","false","NBA","7","4","standard","true","312437","https://static.prizepicks.com/images/players/CMBO_group_PDBqsbHH4neh52ZHtsWa1NiZ.webp","1 + 8",,"Jalen Johnson + OG Anunoby","F","ATL/NYK","Hawks/Knicks","11639457","Single Stat","Single Stat","4953","true","2026-04-25T18:10:00.000-04:00","3-PT Made (Combo)","10","3PTM","pre_game",,,"2026-04-23T22:31:02.905-04:00"
,"NYK","F58426","New York","Knicks","2026-04-06T18:10:00.000-04:00",,"NYK","Full",,"team",,,"false","2026-04-25T18:00:00.000-04:00","scheduled","ATL","E03A3E","Atlanta","Hawks",,"false","false","true","false","NBA","7","3.5","standard","false","302627","https://static.prizepicks.com/images/manual/Jonathan Kuminga.png","0","Atlanta","Jonathan Kuminga","F","ATL","Hawks","11641372","Single Stat","Single Stat","4978","true","2026-04-25T18:10:00.000-04:00","3-PT Attempted","8","3PTA","pre_game",,,"2026-04-24T14:07:49.932-04:00"
,"NYK","F58426","New York","Knicks","2026-04-05T18:10:00.000-04:00",,"NYK","Full",,"team",,,"false","2026-04-25T18:00:00.000-04:00","scheduled","ATL","E03A3E","Atlanta","Hawks",,"false","false","true","false","NBA","7","3.5","standard","false","302627","https://static.prizepicks.com/images/manual/Jonathan Kuminga.png","0","Atlanta","Jonathan Kuminga","F","ATL","Hawks","11641375","Single Stat","Single Stat","4979","true","2026-04-25T18:10:00.000-04:00","Free Throws Attempted","30","FTA","pre_game",,,"2026-04-24T11:46:08.844-04:00"
,"NYK","F58426","New York","Knicks","2026-03-30T18:10:00.000-04:00",,"NYK","Full",,"team",,,"false","2026-04-25T18:00:00.000-04:00","scheduled","ATL","E03A3E","Atlanta","Hawks",,"false","false","true","false","NBA","7","3.5","standard","false","302627","https://static.prizepicks.com/images/manual/Jonathan Kuminga.png","0","Atlanta","Jonathan Kuminga","F","ATL","Hawks","11641382","Single Stat","Single Stat","4980","true","2026-04-25T18:10:00.000-04:00","Two Pointers Made","1001","2-PT Made","pre_game",,,"2026-04-24T11:46:10.797-04:00"
,"NYK","F58426","New York","Knicks","2026-03-29T18:10:00.000-04:00",,"ATL","Full",,"team",,,"false","2026-04-25T18:00:00.000-04:00","scheduled","ATL","E03A3E","Atlanta","Hawks",,"false","false","true","false","NBA","7","3.5","standard","false","123595","https://static.prizepicks.com/images/players/NBA/Josh_Hart_NBA_player_H4eKetTATQuBYqjr3k7PBmJd.webp","3","New York","Josh Hart","G","NYK","Knicks","11641397","Single Stat","Single Stat","4981","true","2026-04-25T18:10:00.000-04:00","3-PT Attempted","8","3PTA","pre_game",,,"2026-04-24T13:44:50.761-04:00"
,"NYK","F58426","New York","Knicks","2026-04-23T22:20:27.105-04:00",,"ATL","Full",,"team",,,"false","2026-04-25T18:00:00.000-04:00","scheduled","ATL","E03A3E","Atlanta","Hawks",,"false","false","true","false","NBA","7","2.5","standard","false","216219","https://static.prizepicks.com/images/players/NBA/Mikal_Bridges_NBA_player_GWFvIk1UqZwpQez5aYd322k.webp","25","New York","Mikal Bridges","G-F","NYK","Knicks","11639285","Single Stat","Single Stat","5027","true","2026-04-25T18:10:00.000-04:00","Assists","5","Assists","pre_game",,,"2026-04-24T09:56:58.703-04:00"
,"NYK","F58426","New York","Knicks","2026-04-06T18:10:00.000-04:00",,"NYK","Full",,"team",,,"false","2026-04-25T18:00:00.000-04:00","scheduled","ATL","E03A3E","Atlanta","Hawks",,"false","false","true","false","NBA","7","2.5","standard","false","311358","https://static.prizepicks.com/images/players/NBA/Gabe_Vincent_NBA_player_2VjjYTI8F2DwwCTHRDmcxFT.webp","4","Atlanta","Gabe Vincent","G","ATL","Hawks","11641338","Single Stat","Single Stat","5029","true","2026-04-25T18:10:00.000-04:00","3-PT Attempted","8","3PTA","pre_game",,,"2026-04-24T13:27:38.924-04:00"
,"NYK","F58426","New York","Knicks","2026-04-01T22:07:00.000-04:00",,"NYK","Full",,"team",,,"false","2026-04-25T18:00:00.000-04:00","scheduled","ATL","E03A3E","Atlanta","Hawks",,"false","false","true","false","NBA","7","2.5","standard","false","87857","https://static.prizepicks.com/images/players/NBA/Jalen_Johnson_NBA_player_FmEzfKxF660EMYtLuQFYNxDS.webp","1","Atlanta","Jalen Johnson","F","ATL","Hawks","11641365","Single Stat","Single Stat","5031","true","2026-04-25T18:10:00.000-04:00","Personal Fouls","30","Personal Fouls","pre_game",,,"2026-04-24T12:22:20.140-04:00"
,"NYK","F58426","New York","Knicks","2026-04-06T22:07:00.000-04:00",,"NYK","Full",,"team",,,"false","2026-04-25T18:00:00.000-04:00","scheduled","ATL","E03A3E","Atlanta","Hawks",,"false","false","true","false","NBA","7","2.5","standard","false","302627","https://static.prizepicks.com/images/manual/Jonathan Kuminga.png","0","Atlanta","Jonathan Kuminga","F","ATL","Hawks","11641376","Single Stat","Single Stat","5032","true","2026-04-25T18:10:00.000-04:00","Free Throws Made","11","FTM","pre_game",,,"2026-04-24T11:46:06.939-04:00"
,"NYK","F58426","New York","Knicks","2026-04-05T00:04:00.000-04:00",,"ATL","Full",,"team",,,"false","2026-04-25T18:00:00.000-04:00","scheduled","ATL","E03A3E","Atlanta","Hawks",,"false","false","true","false","NBA","7","2.5","standard","false","123595","https://static.prizepicks.com/images/players/NBA/Josh_Hart_NBA_player_H4eKetTATQuBYqjr3k7PBmJd.webp","3","New York","Josh Hart","G","NYK","Knicks","11641404","Single Stat","Single Stat","5036","true","2026-04-25T18:10:00.000-04:00","Personal Fouls","30","Personal Fouls","pre_game",,,"2026-04-24T12:05:48.412-04:00"
,"NYK","F58426","New York","Knicks","2026-04-06T18:10:00.000-04:00",,"ATL","Full",,"team",,,"false","2026-04-25T18:00:00.000-04:00","scheduled","ATL","E03A3E","Atlanta","Hawks",,"false","false","true","false","NBA","7","2.5","standard","false","216219","https://static.prizepicks.com/images/players/NBA/Mikal_Bridges_NBA_player_GWFvIk1UqZwpQez5aYd322k.webp","25","New York","Mikal Bridges","G-F","NYK","Knicks","11641432","Single Stat","Single Stat","5037","true","2026-04-25T18:10:00.000-04:00","Two Pointers Made","1001","2-PT Made","pre_game",,,"2026-04-24T11:46:10.229-04:00"
,"NYK","F58426","New York","Knicks","2026-03-30T18:10:00.000-04:00",,"ATL","Full",,"team",,,"false","2026-04-25T18:00:00.000-04:00","scheduled","ATL","E03A3E","Atlanta","Hawks",,"false","false","true","false","NBA","7","2.5","standard","false","55371","https://static.prizepicks.com/images/players/NBA/Mitchell_Robinson_NBA_player_Vlje4U1sWQAEhuYQgdbVebrG.webp","23","New York","Mitchell Robinson","C-F","NYK","Knicks","11641457","Single Stat","Single Stat","5040","true","2026-04-25T18:10:00.000-04:00","FG Attempted","12","FG Attempted","pre_game",,,"2026-04-24T12:25:24.170-04:00"
,"NYK","F58426","New York","Knicks","2026-03-30T18:10:00.000-04:00",,"ATL","Full",,"team",,,"false","2026-04-25T18:00:00.000-04:00","scheduled","ATL","E03A3E","Atlanta","Hawks",,"false","false","true","false","NBA","7","2.5","standard","false","55371","https://static.prizepicks.com/images/players/NBA/Mitchell_Robinson_NBA_player_Vlje4U1sWQAEhuYQgdbVebrG.webp","23","New York","Mitchell Robinson","C-F","NYK","Knicks","11641477","Single Stat","Single Stat","5042","true","2026-04-25T18:10:00.000-04:00","Two Pointers Attempted","1000","2-PT Att","pre_game",,,"2026-04-24T11:46:06.051-04:00"
,"NYK","F58426","New York","Knicks","2026-04-05T18:10:00.000-04:00",,"ATL","Full",,"team",,,"false","2026-04-25T18:00:00.000-04:00","scheduled","ATL","E03A3E","Atlanta","Hawks",,"false","false","true","false","NBA","7","2.5","standard","false","183158","https://static.prizepicks.com/images/players/NBA/OG_Anunoby_NBA_player_7g4oOE9EMB4tFkaOcu1UCAZ0.webp","8","New York","OG Anunoby","F-G","NYK","Knicks","11641510","Single Stat","Single Stat","5047","true","2026-04-25T18:10:00.000-04:00","Free Throws Attempted","30","FTA","pre_game",,,"2026-04-24T11:46:08.451-04:00"
"true","NYK","F58426","New York","Knicks","2026-04-24T08:48:45.348-04:00",,"NYK","Full",,"team",,,"false","2026-04-25T18:00:00.000-04:00","scheduled","ATL","E03A3E","Atlanta","Hawks",,"false","false","true","false","NBA","7","2.5","standard","false","291777","https://static.prizepicks.com/images/manual/CJ_McCollum-.png","3","Atlanta","CJ McCollum","G","ATL","Hawks","11651687","Single Stat","Single Stat","5059","true","2026-04-25T18:10:00.000-04:00","Turnovers","33","Turnovers","pre_game",,,"2026-04-24T10:26:42.221-04:00"
,"NYK","F58426","New York","Knicks","2026-04-24T09:18:15.238-04:00",,"NYK","Full",,"team",,,"false","2026-04-25T18:00:00.000-04:00","scheduled","ATL","E03A3E","Atlanta","Hawks",,"false","false","true","false","NBA","7","2.5","standard","false","178815","https://static.prizepicks.com/images/players/NBA/Mouhamed_Gueye_NBA_player_SyLNDBLyRwZe8BLLBxmeEI8g.webp","18","Atlanta","Mouhamed Gueye","F","ATL","Hawks","11651976","Single Stat","Single Stat","5060","true","2026-04-25T18:10:00.000-04:00","Rebounds","2","Rebounds","pre_game",,,"2026-04-24T11:46:07.680-04:00"
,"NYK","F58426","New York","Knicks","2026-04-23T18:10:00.000-04:00",,"NYK","Full",,"team",,,"false","2026-04-25T18:00:00.000-04:00","scheduled","ATL","E03A3E","Atlanta","Hawks",,"false","false","true","false","NBA","7","1.5","standard","false","25424","https://static.prizepicks.com/images/players/NBA/Onyeka_Okongwu_NBA_player_d0l501drVfcgmWVkhmKBfdVW.webp","17","Atlanta","Onyeka Okongwu","F-C","ATL","Hawks","11638880","Single Stat","Single Stat","5087","true","2026-04-25T18:10:00.000-04:00","3-PT Made","4","3PTM","pre_game",,,"2026-04-24T12:47:21.177-04:00"
,"NYK","F58426","New York","Knicks","2026-04-24T00:03:47.660-04:00",,"NYK","Full",,"team",,,"false","2026-04-25T18:00:00.000-04:00","scheduled","ATL","E03A3E","Atlanta","Hawks",,"false","false","true","false","NBA","7","1.5","standard","false","291777","https://static.prizepicks.com/images/manual/CJ_McCollum-.png","3","Atlanta","CJ McCollum","G","ATL","Hawks","11641315","Single Stat","Single Stat","5095","true","2026-04-25T18:10:00.000-04:00","Blks+Stls","31","Blks+Stls","pre_game",,,"2026-04-24T11:46:09.003-04:00"
,"NYK","F58426","New York","Knicks","2026-04-06T18:10:00.000-04:00",,"NYK","Full",,"team",,,"false","2026-04-25T18:00:00.000-04:00","scheduled","ATL","E03A3E","Atlanta","Hawks",,"false","false","true","false","NBA","7","1.5","standard","false","216868","https://static.prizepicks.com/images/players/nba/Dyson_Daniels_358fb074-ac1b-45a6-bf54-46c30534786e.webp","5","Atlanta","Dyson Daniels","G","ATL","Hawks","11641325","Single Stat","Single Stat","5097","true","2026-04-25T18:10:00.000-04:00","3-PT Attempted","8","3PTA","pre_game",,,"2026-04-24T12:21:58.262-04:00"
,"NYK","F58426","New York","Knicks","2026-04-05T18:10:00.000-04:00",,"NYK","Full",,"team",,,"false","2026-04-25T18:00:00.000-04:00","scheduled","ATL","E03A3E","Atlanta","Hawks",,"false","false","true","false","NBA","7","1.5","standard","false","216868","https://static.prizepicks.com/images/players/nba/Dyson_Daniels_358fb074-ac1b-45a6-bf54-46c30534786e.webp","5","Atlanta","Dyson Daniels","G","ATL","Hawks","11641329","Single Stat","Single Stat","5098","true","2026-04-25T18:10:00.000-04:00","Free Throws Attempted","30","FTA","pre_game",,,"2026-04-24T11:46:09.131-04:00"
,"NYK","F58426","New York","Knicks","2026-03-29T18:10:00.000-04:00",,"ATL","Full",,"team",,,"false","2026-04-25T18:00:00.000-04:00","scheduled","ATL","E03A3E","Atlanta","Hawks",,"false","false","true","false","NBA","7","1.5","standard","false","272335","https://static.prizepicks.com/images/players/NBA/Jordan_Clarkson_NBA_player_BADSTsW2u38bankqw1dduIeW.webp","00","New York","Jordan Clarkson","G","NYK","Knicks","11641383","Single Stat","Single Stat","5102","true","2026-04-25T18:10:00.000-04:00","3-PT Attempted","8","3PTA","pre_game",,,"2026-04-24T13:00:47.443-04:00"
,"NYK","F58426","New York","Knicks","2026-04-06T18:10:00.000-04:00",,"ATL","Full",,"team",,,"false","2026-04-25T18:00:00.000-04:00","scheduled","ATL","E03A3E","Atlanta","Hawks",,"false","false","true","false","NBA","7","1.5","standard","false","272335","https://static.prizepicks.com/images/players/NBA/Jordan_Clarkson_NBA_player_BADSTsW2u38bankqw1dduIeW.webp","00","New York","Jordan Clarkson","G","NYK","Knicks","11641396","Single Stat","Single Stat","5104","true","2026-04-25T18:10:00.000-04:00","Two Pointers Made","1001","2-PT Made","pre_game",,,"2026-04-24T11:46:10.382-04:00"
,"NYK","F58426","New York","Knicks","2026-04-24T00:04:03.395-04:00",,"ATL","Full",,"team",,,"false","2026-04-25T18:00:00.000-04:00","scheduled","ATL","E03A3E","Atlanta","Hawks",,"false","false","true","false","NBA","7","1.5","standard","false","123595","https://static.prizepicks.com/images/players/NBA/Josh_Hart_NBA_player_H4eKetTATQuBYqjr3k7PBmJd.webp","3","New York","Josh Hart","G","NYK","Knicks","11641399","Single Stat","Single Stat","5105","true","2026-04-25T18:10:00.000-04:00","Blks+Stls","31","Blks+Stls","pre_game",,,"2026-04-24T11:46:08.879-04:00"
,"NYK","F58426","New York","Knicks","2026-04-06T00:04:00.000-04:00",,"ATL","Full",,"team",,,"false","2026-04-25T18:00:00.000-04:00","scheduled","ATL","E03A3E","Atlanta","Hawks",,"false","false","true","false","NBA","7","1.5","standard","false","123595","https://static.prizepicks.com/images/players/NBA/Josh_Hart_NBA_player_H4eKetTATQuBYqjr3k7PBmJd.webp","3","New York","Josh Hart","G","NYK","Knicks","11641403","Single Stat","Single Stat","5106","true","2026-04-25T18:10:00.000-04:00","Free Throws Made","11","FTM","pre_game",,,"2026-04-24T14:05:43.352-04:00"
,"NYK","F58426","New York","Knicks","2026-04-24T00:04:08.490-04:00",,"ATL","Full",,"team",,,"false","2026-04-25T18:00:00.000-04:00","scheduled","ATL","E03A3E","Atlanta","Hawks",,"false","false","true","false","NBA","7","1.5","standard","false","216219","https://static.prizepicks.com/images/players/NBA/Mikal_Bridges_NBA_player_GWFvIk1UqZwpQez5aYd322k.webp","25","New York","Mikal Bridges","G-F","NYK","Knicks","11641423","Single Stat","Single Stat","5107","true","2026-04-25T18:10:00.000-04:00","Blks+Stls","31","Blks+Stls","pre_game",,,"2026-04-24T11:46:08.727-04:00"
,"NYK","F58426","New York","Knicks","2026-04-05T00:04:00.000-04:00",,"ATL","Full",,"team",,,"false","2026-04-25T18:00:00.000-04:00","scheduled","ATL","E03A3E","Atlanta","Hawks",,"false","false","true","false","NBA","7","1.5","standard","false","57319","https://static.prizepicks.com/images/players/NBA/Miles_McBride_NBA_player_8YvNuEefdumSLGKRMx4kSzCH.webp","2","New York","Miles McBride","G","NYK","Knicks","11641444","Single Stat","Single Stat","5110","true","2026-04-25T18:10:00.000-04:00","Personal Fouls","30","Personal Fouls","pre_game",,,"2026-04-24T11:46:10.977-04:00"
,"NYK","F58426","New York","Knicks","2026-04-24T00:04:14.030-04:00",,"ATL","Full",,"team",,,"false","2026-04-25T18:00:00.000-04:00","scheduled","ATL","E03A3E","Atlanta","Hawks",,"false","false","true","false","NBA","7","1.5","standard","false","55371","https://static.prizepicks.com/images/players/NBA/Mitchell_Robinson_NBA_player_Vlje4U1sWQAEhuYQgdbVebrG.webp","23","New York","Mitchell Robinson","C-F","NYK","Knicks","11641454","Single Stat","Single Stat","5112","true","2026-04-25T18:10:00.000-04:00","Blks+Stls","31","Blks+Stls","pre_game",,,"2026-04-24T11:46:08.971-04:00"
,"NYK","F58426","New York","Knicks","2026-04-07T18:10:00.000-04:00",,"ATL","Full",,"team",,,"false","2026-04-25T18:00:00.000-04:00","scheduled","ATL","E03A3E","Atlanta","Hawks",,"false","false","true","false","NBA","7","1.5","standard","false","55371","https://static.prizepicks.com/images/players/NBA/Mitchell_Robinson_NBA_player_Vlje4U1sWQAEhuYQgdbVebrG.webp","23","New York","Mitchell Robinson","C-F","NYK","Knicks","11641458","Single Stat","Single Stat","5114","true","2026-04-25T18:10:00.000-04:00","FG Made","7","FG Made","pre_game",,,"2026-04-24T11:48:23.265-04:00"
,"NYK","F58426","New York","Knicks","2026-04-05T18:10:00.000-04:00",,"ATL","Full",,"team",,,"false","2026-04-25T18:00:00.000-04:00","scheduled","ATL","E03A3E","Atlanta","Hawks",,"false","false","true","false","NBA","7","1.5","standard","false","55371","https://static.prizepicks.com/images/players/NBA/Mitchell_Robinson_NBA_player_Vlje4U1sWQAEhuYQgdbVebrG.webp","23","New York","Mitchell Robinson","C-F","NYK","Knicks","11641459","Single Stat","Single Stat","5115","true","2026-04-25T18:10:00.000-04:00","Free Throws Attempted","30","FTA","pre_game",,,"2026-04-24T12:06:04.074-04:00"
,"NYK","F58426","New York","Knicks","2026-04-05T00:04:00.000-04:00",,"ATL","Full",,"team",,,"false","2026-04-25T18:00:00.000-04:00","scheduled","ATL","E03A3E","Atlanta","Hawks",,"false","false","true","false","NBA","7","1.5","standard","false","55371","https://static.prizepicks.com/images/players/NBA/Mitchell_Robinson_NBA_player_Vlje4U1sWQAEhuYQgdbVebrG.webp","23","New York","Mitchell Robinson","C-F","NYK","Knicks","11641461","Single Stat","Single Stat","5116","true","2026-04-25T18:10:00.000-04:00","Personal Fouls","30","Personal Fouls","pre_game",,,"2026-04-24T11:46:10.594-04:00"
,"NYK","F58426","New York","Knicks","2026-04-06T18:10:00.000-04:00",,"ATL","Full",,"team",,,"false","2026-04-25T18:00:00.000-04:00","scheduled","ATL","E03A3E","Atlanta","Hawks",,"false","false","true","false","NBA","7","1.5","standard","false","55371","https://static.prizepicks.com/images/players/NBA/Mitchell_Robinson_NBA_player_Vlje4U1sWQAEhuYQgdbVebrG.webp","23","New York","Mitchell Robinson","C-F","NYK","Knicks","11641478","Single Stat","Single Stat","5118","true","2026-04-25T18:10:00.000-04:00","Two Pointers Made","1001","2-PT Made","pre_game",,,"2026-04-24T11:46:10.601-04:00"
,"NYK","F58426","New York","Knicks","2026-04-06T22:07:00.000-04:00",,"NYK","Full",,"team",,,"false","2026-04-25T18:00:00.000-04:00","scheduled","ATL","E03A3E","Atlanta","Hawks",,"false","false","true","false","NBA","7","1.5","standard","false","25424","https://static.prizepicks.com/images/players/NBA/Onyeka_Okongwu_NBA_player_d0l501drVfcgmWVkhmKBfdVW.webp","17","Atlanta","Onyeka Okongwu","F-C","ATL","Hawks","11641522","Single Stat","Single Stat","5127","true","2026-04-25T18:10:00.000-04:00","Free Throws Made","11","FTM","pre_game",,,"2026-04-24T12:32:30.912-04:00"
"true","NYK","F58426","New York","Knicks","2026-04-24T08:48:48.942-04:00",,"ATL","Full",,"team",,,"false","2026-04-25T18:00:00.000-04:00","scheduled","ATL","E03A3E","Atlanta","Hawks",,"false","false","true","false","NBA","7","1.5","standard","false","216220","https://static.prizepicks.com/images/manual/Karl-Anthony_Townss.png","32","New York","Karl-Anthony Towns","C-F","NYK","Knicks","11651689","Single Stat","Single Stat","5141","true","2026-04-25T18:10:00.000-04:00","Blks+Stls","31","Blks+Stls","pre_game",,,"2026-04-24T10:20:47.053-04:00"
,"NYK","F58426","New York","Knicks","2026-04-24T12:04:53.359-04:00",,"ATL","Full",,"team",,,"false","2026-04-25T18:00:00.000-04:00","scheduled","ATL","E03A3E","Atlanta","Hawks",,"false","false","true","false","NBA","7","1.5","standard","false","272335","https://static.prizepicks.com/images/players/NBA/Jordan_Clarkson_NBA_player_BADSTsW2u38bankqw1dduIeW.webp","00","New York","Jordan Clarkson","G","NYK","Knicks","11653857","Single Stat","Single Stat","5146","true","2026-04-25T18:10:00.000-04:00","Rebounds","2","Rebounds","pre_game",,,"2026-04-24T12:09:39.285-04:00"
,"NYK","F58426","New York","Knicks","2026-04-23T22:07:35.870-04:00",,"ATL","Full",,"team",,,"false","2026-04-25T18:00:00.000-04:00","scheduled","ATL","E03A3E","Atlanta","Hawks",,"false","false","true","false","NBA","7","0.5","standard","false","216220","https://static.prizepicks.com/images/manual/Karl-Anthony_Townss.png","32","New York","Karl-Anthony Towns","C-F","NYK","Knicks","11638748","Single Stat","Single Stat","5166","true","2026-04-25T18:10:00.000-04:00","Blocked Shots","23","Blocked Shots","pre_game",,,"2026-04-23T22:15:31.757-04:00"
,"NYK","F58426","New York","Knicks","2026-04-23T22:07:57.180-04:00",,"NYK","Full",,"team",,,"false","2026-04-25T18:00:00.000-04:00","scheduled","ATL","E03A3E","Atlanta","Hawks",,"false","false","true","false","NBA","7","0.5","standard","false","25424","https://static.prizepicks.com/images/players/NBA/Onyeka_Okongwu_NBA_player_d0l501drVfcgmWVkhmKBfdVW.webp","17","Atlanta","Onyeka Okongwu","F-C","ATL","Hawks","11638913","Single Stat","Single Stat","5175","true","2026-04-25T18:10:00.000-04:00","Steals","24","Steals","pre_game",,,"2026-04-23T23:04:00.031-04:00"
,"NYK","F58426","New York","Knicks","2026-04-06T22:07:00.000-04:00",,"NYK","Full",,"team",,,"false","2026-04-25T18:00:00.000-04:00","scheduled","ATL","E03A3E","Atlanta","Hawks",,"false","false","true","false","NBA","7","0.5","standard","false","216868","https://static.prizepicks.com/images/players/nba/Dyson_Daniels_358fb074-ac1b-45a6-bf54-46c30534786e.webp","5","Atlanta","Dyson Daniels","G","ATL","Hawks","11641330","Single Stat","Single Stat","5178","true","2026-04-25T18:10:00.000-04:00","Free Throws Made","11","FTM","pre_game",,,"2026-04-24T11:46:06.927-04:00"
,"NYK","F58426","New York","Knicks","2026-04-24T00:04:02.498-04:00",,"ATL","Full",,"team",,,"false","2026-04-25T18:00:00.000-04:00","scheduled","ATL","E03A3E","Atlanta","Hawks",,"false","false","true","false","NBA","7","0.5","standard","false","272335","https://static.prizepicks.com/images/players/NBA/Jordan_Clarkson_NBA_player_BADSTsW2u38bankqw1dduIeW.webp","00","New York","Jordan Clarkson","G","NYK","Knicks","11641395","Single Stat","Single Stat","5184","true","2026-04-25T18:10:00.000-04:00","Turnovers","33","Turnovers","pre_game",,,"2026-04-24T11:46:09.628-04:00"
,"NYK","F58426","New York","Knicks","2026-04-05T18:10:00.000-04:00",,"ATL","Full",,"team",,,"false","2026-04-25T18:00:00.000-04:00","scheduled","ATL","E03A3E","Atlanta","Hawks",,"false","false","true","false","NBA","7","0.5","standard","false","216219","https://static.prizepicks.com/images/players/NBA/Mikal_Bridges_NBA_player_GWFvIk1UqZwpQez5aYd322k.webp","25","New York","Mikal Bridges","G-F","NYK","Knicks","11641426","Single Stat","Single Stat","5185","true","2026-04-25T18:10:00.000-04:00","Free Throws Attempted","30","FTA","pre_game",,,"2026-04-24T11:46:09.612-04:00"
,"NYK","F58426","New York","Knicks","2026-04-06T00:04:00.000-04:00",,"ATL","Full",,"team",,,"false","2026-04-25T18:00:00.000-04:00","scheduled","ATL","E03A3E","Atlanta","Hawks",,"false","false","true","false","NBA","7","0.5","standard","false","216219","https://static.prizepicks.com/images/players/NBA/Mikal_Bridges_NBA_player_GWFvIk1UqZwpQez5aYd322k.webp","25","New York","Mikal Bridges","G-F","NYK","Knicks","11641427","Single Stat","Single Stat","5186","true","2026-04-25T18:10:00.000-04:00","Free Throws Made","11","FTM","pre_game",,,"2026-04-24T11:46:07.017-04:00"
,"NYK","F58426","New York","Knicks","2026-04-24T09:18:14.502-04:00",,"ATL","Full",,"team",,,"false","2026-04-25T18:00:00.000-04:00","scheduled","ATL","E03A3E","Atlanta","Hawks",,"false","false","true","false","NBA","7","0.5","standard","false","57319","https://static.prizepicks.com/images/players/NBA/Miles_McBride_NBA_player_8YvNuEefdumSLGKRMx4kSzCH.webp","2","New York","Miles McBride","G","NYK","Knicks","11651975","Single Stat","Single Stat","5206","true","2026-04-25T18:10:00.000-04:00","Steals","24","Steals","pre_game",,,"2026-04-24T09:16:14.568-04:00"
"false","DEN","FEC524","Denver","Nuggets","2026-04-01T20:40:00.000-04:00",,"DEN/MIN","Full",,"combo",,,"false","2026-04-25T20:30:00.000-04:00","scheduled","MIN","236192","Minnesota","Timberwolves",,"false","false","true","false","NBA","7","56.5","standard","true","314797","https://static.prizepicks.com/images/players/CMBO_group_TKTGZmINqK9qP1M7vULSrWqq.webp","5 + 15",,"Anthony Edwards + Nikola Jokić","G","MIN/DEN","Timberwolves/Nuggets","11643899","Single Stat","Single Stat","5215","true","2026-04-25T20:40:00.000-04:00","Points (Combo)","19","Points","pre_game",,,"2026-04-24T08:17:33.964-04:00"
,"DEN","FEC524","Denver","Nuggets","2026-04-24T00:31:04.676-04:00",,"MIN","Full",,"team",,,"false","2026-04-25T20:30:00.000-04:00","scheduled","MIN","236192","Minnesota","Timberwolves",,"false","false","true","false","NBA","7","54.5","standard","false","188013","https://static.prizepicks.com/images/players/NBA/Nikola_Jokic_NBA_player_xVgew6XmrKZQoCN3n0XxzKv5.webp","15","Denver","Nikola Jokić","C","DEN","Nuggets","11642600","Single Stat","Single Stat","5217","true","2026-04-25T20:40:00.000-04:00","Pts+Rebs+Asts","1","PRA","pre_game",,,"2026-04-24T07:59:28.270-04:00"
"false","DEN","FEC524","Denver","Nuggets","2026-04-01T20:40:00.000-04:00",,"DEN/MIN","Full",,"combo",,,"false","2026-04-25T20:30:00.000-04:00","scheduled","MIN","236192","Minnesota","Timberwolves",,"false","false","true","false","NBA","7","52.5","standard","true","314794","https://static.prizepicks.com/images/players/CMBO_group_wEPAV5dLs4eTcQ0niaJ2MuMe.webp","5 + 27",,"Anthony Edwards + Jamal Murray","G","MIN/DEN","Timberwolves/Nuggets","11643901","Single Stat","Single Stat","5218","true","2026-04-25T20:40:00.000-04:00","Points (Combo)","19","Points","pre_game",,,"2026-04-24T04:13:30.257-04:00"
"false","DEN","FEC524","Denver","Nuggets","2026-04-01T20:40:00.000-04:00",,"DEN/MIN","Full",,"combo",,,"false","2026-04-25T20:30:00.000-04:00","scheduled","MIN","236192","Minnesota","Timberwolves",,"false","false","true","false","NBA","7","45.5","standard","true","314802","https://static.prizepicks.com/images/players/CMBO_group_54W7bwe1qECClkiqBlAWGtYK.webp","30 + 27",,"Julius Randle + Jamal Murray","F-C","MIN/DEN","Timberwolves/Nuggets","11643981","Single Stat","Single Stat","5225","true","2026-04-25T20:40:00.000-04:00","Points (Combo)","19","Points","pre_game",,,"2026-04-24T04:12:36.950-04:00"
,"DEN","FEC524","Denver","Nuggets","2026-04-24T00:42:19.710-04:00",,"MIN","Full",,"team",,,"false","2026-04-25T20:30:00.000-04:00","scheduled","MIN","236192","Minnesota","Timberwolves",,"false","false","true","false","NBA","7","44.5","standard","false","188013","https://static.prizepicks.com/images/players/NBA/Nikola_Jokic_NBA_player_xVgew6XmrKZQoCN3n0XxzKv5.webp","15","Denver","Nikola Jokić","C","DEN","Nuggets","11642754","Single Stat","Single Stat","5230","true","2026-04-25T20:40:00.000-04:00","Pts+Rebs","18","Pts+Rebs","pre_game",,,"2026-04-24T12:43:11.765-04:00"
,"DEN","FEC524","Denver","Nuggets","2026-04-24T00:31:03.225-04:00",,"MIN","Full",,"team",,,"false","2026-04-25T20:30:00.000-04:00","scheduled","MIN","236192","Minnesota","Timberwolves",,"false","false","true","false","NBA","7","39.5","standard","false","188013","https://static.prizepicks.com/images/players/NBA/Nikola_Jokic_NBA_player_xVgew6XmrKZQoCN3n0XxzKv5.webp","15","Denver","Nikola Jokić","C","DEN","Nuggets","11642590","Single Stat","Single Stat","5243","true","2026-04-25T20:40:00.000-04:00","Pts+Asts","10","Pts+Asts","pre_game",,,"2026-04-24T07:55:12.141-04:00"
,"DEN","FEC524","Denver","Nuggets","2026-04-24T00:30:22.429-04:00",,"DEN","Full",,"team",,,"false","2026-04-25T20:30:00.000-04:00","scheduled","MIN","236192","Minnesota","Timberwolves",,"false","false","true","false","NBA","7","37.5","standard","false","188017","https://static.prizepicks.com/images/players/NBA/Anthony_Edwards_NBA_player_rhlEP3GCAg5LDJD8uChjFU81.webp","5","Minnesota","Anthony Edwards","G","MIN","Timberwolves","11642345","Single Stat","Single Stat","5246","true","2026-04-25T20:40:00.000-04:00","Pts+Rebs+Asts","1","PRA","pre_game",,,"2026-04-24T08:50:07.532-04:00"
,"DEN","FEC524","Denver","Nuggets","2026-04-24T00:42:18.216-04:00",,"MIN","Full",,"team",,,"false","2026-04-25T20:30:00.000-04:00","scheduled","MIN","236192","Minnesota","Timberwolves",,"false","false","true","false","NBA","7","37.5","standard","false","1290","https://static.prizepicks.com/images/players/NBA/Jamal_Murray_NBA_player_jO0OhvKBMofXWckawdau7boV.webp","27","Denver","Jamal Murray","G","DEN","Nuggets","11642748","Single Stat","Single Stat","5247","true","2026-04-25T20:40:00.000-04:00","Pts+Rebs+Asts","1","PRA","pre_game",,,"2026-04-24T13:20:21.923-04:00"
"false","DEN","FEC524","Denver","Nuggets","2026-04-01T20:40:00.000-04:00",,"DEN/MIN","Full",,"combo",,,"false","2026-04-25T20:30:00.000-04:00","scheduled","MIN","236192","Minnesota","Timberwolves",,"false","false","true","false","NBA","7","33.5","standard","true","314796","https://static.prizepicks.com/images/players/CMBO_group_WfJGrKBNG4g4H7hmZPXyzQg0.webp","30 + 32",,"Julius Randle + Aaron Gordon","F-C","MIN/DEN","Timberwolves/Nuggets","11643980","Single Stat","Single Stat","5263","true","2026-04-25T20:40:00.000-04:00","Points (Combo)","19","Points","pre_game",,,"2026-04-24T04:14:38.216-04:00"
,"DEN","FEC524","Denver","Nuggets","2026-04-24T00:30:21.782-04:00",,"DEN","Full",,"team",,,"false","2026-04-25T20:30:00.000-04:00","scheduled","MIN","236192","Minnesota","Timberwolves",,"false","false","true","false","NBA","7","32.5","standard","false","188017","https://static.prizepicks.com/images/players/NBA/Anthony_Edwards_NBA_player_rhlEP3GCAg5LDJD8uChjFU81.webp","5","Minnesota","Anthony Edwards","G","MIN","Timberwolves","11642340","Single Stat","Single Stat","5265","true","2026-04-25T20:40:00.000-04:00","Pts+Rebs","18","Pts+Rebs","pre_game",,,"2026-04-24T01:04:45.096-04:00"
,"DEN","FEC524","Denver","Nuggets","2026-04-24T00:30:21.131-04:00",,"DEN","Full",,"team",,,"false","2026-04-25T20:30:00.000-04:00","scheduled","MIN","236192","Minnesota","Timberwolves",,"false","false","true","false","NBA","7","31.5","standard","false","188017","https://static.prizepicks.com/images/players/NBA/Anthony_Edwards_NBA_player_rhlEP3GCAg5LDJD8uChjFU81.webp","5","Minnesota","Anthony Edwards","G","MIN","Timberwolves","11642335","Single Stat","Single Stat","5266","true","2026-04-25T20:40:00.000-04:00","Pts+Asts","10","Pts+Asts","pre_game",,,"2026-04-24T12:38:38.509-04:00"
,"DEN","FEC524","Denver","Nuggets","2026-04-24T00:30:51.001-04:00",,"MIN","Full",,"team",,,"false","2026-04-25T20:30:00.000-04:00","scheduled","MIN","236192","Minnesota","Timberwolves",,"false","false","true","false","NBA","7","31.5","standard","false","1290","https://static.prizepicks.com/images/players/NBA/Jamal_Murray_NBA_player_jO0OhvKBMofXWckawdau7boV.webp","27","Denver","Jamal Murray","G","DEN","Nuggets","11642517","Single Stat","Single Stat","5267","true","2026-04-25T20:40:00.000-04:00","Pts+Asts","10","Pts+Asts","pre_game",,,"2026-04-24T10:43:30.650-04:00"
,"DEN","FEC524","Denver","Nuggets","2026-04-24T00:30:58.297-04:00",,"DEN","Full",,"team",,,"false","2026-04-25T20:30:00.000-04:00","scheduled","MIN","236192","Minnesota","Timberwolves",,"false","false","true","false","NBA","7","31.5","standard","false","216422","https://static.prizepicks.com/images/players/NBA/Julius_Randle_NBA_player_wdsPCeOajEY6c6aD3jSNasmp.webp","30","Minnesota","Julius Randle","F-C","MIN","Timberwolves","11642562","Single Stat","Single Stat","5268","true","2026-04-25T20:40:00.000-04:00","Pts+Rebs+Asts","1","PRA","pre_game",,,"2026-04-24T08:42:05.889-04:00"
,"DEN","FEC524","Denver","Nuggets","2026-04-24T00:30:51.637-04:00",,"MIN","Full",,"team",,,"false","2026-04-25T20:30:00.000-04:00","scheduled","MIN","236192","Minnesota","Timberwolves",,"false","false","true","false","NBA","7","30.5","standard","false","1290","https://static.prizepicks.com/images/players/NBA/Jamal_Murray_NBA_player_jO0OhvKBMofXWckawdau7boV.webp","27","Denver","Jamal Murray","G","DEN","Nuggets","11642521","Single Stat","Single Stat","5272","true","2026-04-25T20:40:00.000-04:00","Pts+Rebs","18","Pts+Rebs","pre_game",,,"2026-04-24T12:26:39.068-04:00"
,"DEN","FEC524","Denver","Nuggets","2026-04-24T00:53:36.102-04:00",,"MIN","Full",,"team",,,"false","2026-04-25T20:30:00.000-04:00","scheduled","MIN","236192","Minnesota","Timberwolves",,"false","false","true","false","NBA","7","29.5","standard","false","188013","https://static.prizepicks.com/images/players/NBA/Nikola_Jokic_NBA_player_xVgew6XmrKZQoCN3n0XxzKv5.webp","15","Denver","Nikola Jokić","C","DEN","Nuggets","11642845","Single Stat","Single Stat","5290","true","2026-04-25T20:40:00.000-04:00","Points","0","Points","pre_game",,,"2026-04-24T13:27:10.716-04:00"
"false","DEN","FEC524","Denver","Nuggets","2026-04-01T20:40:00.000-04:00",,"DEN/MIN","Full",,"combo",,,"false","2026-04-25T20:30:00.000-04:00","scheduled","MIN","236192","Minnesota","Timberwolves",,"false","false","true","false","NBA","7","29","standard","true","314798","https://static.prizepicks.com/images/players/CMBO_group_dJVTl0eJuB7Zmz2PWvmtn7RH.webp","3 + 32",,"Jaden McDaniels + Aaron Gordon","F","MIN/DEN","Timberwolves/Nuggets","11643983","Single Stat","Single Stat","5292","true","2026-04-25T20:40:00.000-04:00","Points (Combo)","19","Points","pre_game",,,"2026-04-24T04:11:21.966-04:00"
,"DEN","FEC524","Denver","Nuggets","2026-04-24T00:30:20.583-04:00",,"DEN","Full",,"team",,,"false","2026-04-25T20:30:00.000-04:00","scheduled","MIN","236192","Minnesota","Timberwolves",,"false","false","true","false","NBA","7","26.5","standard","false","188017","https://static.prizepicks.com/images/players/NBA/Anthony_Edwards_NBA_player_rhlEP3GCAg5LDJD8uChjFU81.webp","5","Minnesota","Anthony Edwards","G","MIN","Timberwolves","11642330","Single Stat","Single Stat","5296","true","2026-04-25T20:40:00.000-04:00","Points","0","Points","pre_game",,,"2026-04-24T13:27:20.092-04:00"
,"DEN","FEC524","Denver","Nuggets","2026-04-24T00:30:57.682-04:00",,"DEN","Full",,"team",,,"false","2026-04-25T20:30:00.000-04:00","scheduled","MIN","236192","Minnesota","Timberwolves",,"false","false","true","false","NBA","7","26.5","standard","false","216422","https://static.prizepicks.com/images/players/NBA/Julius_Randle_NBA_player_wdsPCeOajEY6c6aD3jSNasmp.webp","30","Minnesota","Julius Randle","F-C","MIN","Timberwolves","11642557","Single Stat","Single Stat","5297","true","2026-04-25T20:40:00.000-04:00","Pts+Rebs","18","Pts+Rebs","pre_game",,,"2026-04-24T12:38:26.622-04:00"
"false","DEN","FEC524","Denver","Nuggets","2026-04-01T20:40:00.000-04:00",,"DEN/MIN","Full",,"combo",,,"false","2026-04-25T20:30:00.000-04:00","scheduled","MIN","236192","Minnesota","Timberwolves",,"false","false","true","false","NBA","7","26.5","standard","true","315020","https://static.prizepicks.com/images/manual/Ayo Dosunmu + Aaron Gordon.png","13 + 32",,"Ayo Dosunmu + Aaron Gordon","G","MIN/DEN","Timberwolves/Nuggets","11643985","Single Stat","Single Stat","5298","true","2026-04-25T20:40:00.000-04:00","Points (Combo)","19","Points","pre_game",,,"2026-04-24T13:21:31.687-04:00"
,"DEN","FEC524","Denver","Nuggets","2026-04-24T00:30:50.381-04:00",,"MIN","Full",,"team",,,"false","2026-04-25T20:30:00.000-04:00","scheduled","MIN","236192","Minnesota","Timberwolves",,"false","false","true","false","NBA","7","25.5","standard","false","1290","https://static.prizepicks.com/images/players/NBA/Jamal_Murray_NBA_player_jO0OhvKBMofXWckawdau7boV.webp","27","Denver","Jamal Murray","G","DEN","Nuggets","11642513","Single Stat","Single Stat","5300","true","2026-04-25T20:40:00.000-04:00","Points","0","Points","pre_game",,,"2026-04-24T11:45:17.825-04:00"
"false","DEN","FEC524","Denver","Nuggets","2026-04-01T20:40:00.000-04:00",,"DEN/MIN","Full",,"combo",,,"false","2026-04-25T20:30:00.000-04:00","scheduled","MIN","236192","Minnesota","Timberwolves",,"false","false","true","false","NBA","7","25.5","standard","true","314801","https://static.prizepicks.com/images/players/CMBO_group_EfR91vIoHBa7ZK3DWNlLFj4F.webp","27 + 15",,"Rudy Gobert + Nikola Jokić","C","MIN/DEN","Timberwolves/Nuggets","11643995","Single Stat","Single Stat","5304","true","2026-04-25T20:40:00.000-04:00","Rebounds (Combo)","10","Rebounds","pre_game",,,"2026-04-24T04:20:47.205-04:00"
,"DEN","FEC524","Denver","Nuggets","2026-04-24T00:30:57.050-04:00",,"DEN","Full",,"team",,,"false","2026-04-25T20:30:00.000-04:00","scheduled","MIN","236192","Minnesota","Timberwolves",,"false","false","true","false","NBA","7","24.5","standard","false","216422","https://static.prizepicks.com/images/players/NBA/Julius_Randle_NBA_player_wdsPCeOajEY6c6aD3jSNasmp.webp","30","Minnesota","Julius Randle","F-C","MIN","Timberwolves","11642553","Single Stat","Single Stat","5323","true","2026-04-25T20:40:00.000-04:00","Pts+Asts","10","Pts+Asts","pre_game",,,"2026-04-24T03:10:35.391-04:00"
,"DEN","FEC524","Denver","Nuggets","2026-04-24T00:31:06.312-04:00",,"MIN","Full",,"team",,,"false","2026-04-25T20:30:00.000-04:00","scheduled","MIN","236192","Minnesota","Timberwolves",,"false","false","true","false","NBA","7","24.5","standard","false","188013","https://static.prizepicks.com/images/players/NBA/Nikola_Jokic_NBA_player_xVgew6XmrKZQoCN3n0XxzKv5.webp","15","Denver","Nikola Jokić","C","DEN","Nuggets","11642610","Single Stat","Single Stat","5327","true","2026-04-25T20:40:00.000-04:00","Rebs+Asts","7","Rebs+Asts","pre_game",,,"2026-04-24T08:07:46.635-04:00"
,"DEN","FEC524","Denver","Nuggets","2026-04-24T00:31:11.011-04:00",,"DEN","Full",,"team",,,"false","2026-04-25T20:30:00.000-04:00","scheduled","MIN","236192","Minnesota","Timberwolves",,"false","false","true","false","NBA","7","24","standard","false","87384","https://static.prizepicks.com/images/players/NBA/Rudy_Gobert_NBA_player_2ozGrrcD59T4wVpCbCelKQUm.webp","27","Minnesota","Rudy Gobert","C","MIN","Timberwolves","11642638","Single Stat","Single Stat","5335","true","2026-04-25T20:40:00.000-04:00","Pts+Rebs+Asts","1","PRA","pre_game",,,"2026-04-24T07:24:02.968-04:00"
,"DEN","FEC524","Denver","Nuggets","2026-04-24T00:30:46.784-04:00",,"DEN","Full",,"team",,,"false","2026-04-25T20:30:00.000-04:00","scheduled","MIN","236192","Minnesota","Timberwolves",,"false","false","true","false","NBA","7","23.5","standard","false","25445","https://static.prizepicks.com/images/players/NBA/Jaden_McDaniels_NBA_player_5g61PFxozCBSlBXJV6b3TEWs.webp","3","Minnesota","Jaden McDaniels","F","MIN","Timberwolves","11642492","Single Stat","Single Stat","5336","true","2026-04-25T20:40:00.000-04:00","Pts+Rebs+Asts","1","PRA","pre_game",,,"2026-04-24T09:48:22.788-04:00"
,"DEN","FEC524","Denver","Nuggets","2026-04-24T00:30:17.006-04:00",,"MIN","Full",,"team",,,"false","2026-04-25T20:30:00.000-04:00","scheduled","MIN","236192","Minnesota","Timberwolves",,"false","false","true","false","NBA","7","21.5","standard","false","37691","https://static.prizepicks.com/images/players/NBA/Aaron_Gordon_NBA_player_QSzag3QlHwJu93obuTGlac0G.webp","32","Denver","Aaron Gordon","F","DEN","Nuggets","11642306","Single Stat","Single Stat","5347","true","2026-04-25T20:40:00.000-04:00","Pts+Rebs+Asts","1","PRA","pre_game",,,"2026-04-24T12:53:16.587-04:00"
,"DEN","FEC524","Denver","Nuggets","2026-04-24T00:31:10.401-04:00",,"DEN","Full",,"team",,,"false","2026-04-25T20:30:00.000-04:00","scheduled","MIN","236192","Minnesota","Timberwolves",,"false","false","true","false","NBA","7","21.5","standard","false","87384","https://static.prizepicks.com/images/players/NBA/Rudy_Gobert_NBA_player_2ozGrrcD59T4wVpCbCelKQUm.webp","27","Minnesota","Rudy Gobert","C","MIN","Timberwolves","11642634","Single Stat","Single Stat","5349","true","2026-04-25T20:40:00.000-04:00","Pts+Rebs","18","Pts+Rebs","pre_game",,,"2026-04-24T11:06:43.942-04:00"
,"DEN","FEC524","Denver","Nuggets","2026-04-06T20:40:00.000-04:00",,"MIN","Full",,"team",,,"false","2026-04-25T20:30:00.000-04:00","scheduled","MIN","236192","Minnesota","Timberwolves",,"false","false","true","false","NBA","7","21.5","standard","false","188013","https://static.prizepicks.com/images/players/NBA/Nikola_Jokic_NBA_player_xVgew6XmrKZQoCN3n0XxzKv5.webp","15","Denver","Nikola Jokić","C","DEN","Nuggets","11650865","Single Stat","Single Stat","5351","true","2026-04-25T20:40:00.000-04:00","FG Attempted","12","FG Attempted","pre_game",,,"2026-04-24T12:32:06.763-04:00"
,"DEN","FEC524","Denver","Nuggets","2026-04-24T00:30:46.160-04:00",,"DEN","Full",,"team",,,"false","2026-04-25T20:30:00.000-04:00","scheduled","MIN","236192","Minnesota","Timberwolves",,"false","false","true","false","NBA","7","20.5","standard","false","25445","https://static.prizepicks.com/images/players/NBA/Jaden_McDaniels_NBA_player_5g61PFxozCBSlBXJV6b3TEWs.webp","3","Minnesota","Jaden McDaniels","F","MIN","Timberwolves","11642488","Single Stat","Single Stat","5352","true","2026-04-25T20:40:00.000-04:00","Pts+Rebs","18","Pts+Rebs","pre_game",,,"2026-04-24T03:20:34.249-04:00"
,"DEN","FEC524","Denver","Nuggets","2026-04-13T20:40:00.000-04:00",,"DEN","Full",,"team",,,"false","2026-04-25T20:30:00.000-04:00","scheduled","MIN","236192","Minnesota","Timberwolves",,"false","false","true","false","NBA","7","20.5","standard","false","188017","https://static.prizepicks.com/images/players/NBA/Anthony_Edwards_NBA_player_rhlEP3GCAg5LDJD8uChjFU81.webp","5","Minnesota","Anthony Edwards","G","MIN","Timberwolves","11650665","Single Stat","Single Stat","5356","true","2026-04-25T20:40:00.000-04:00","FG Attempted","12","FG Attempted","pre_game",,,"2026-04-24T12:46:05.551-04:00"
,"DEN","FEC524","Denver","Nuggets","2026-04-24T00:30:16.664-04:00",,"MIN","Full",,"team",,,"false","2026-04-25T20:30:00.000-04:00","scheduled","MIN","236192","Minnesota","Timberwolves",,"false","false","true","false","NBA","7","19.5","standard","false","37691","https://static.prizepicks.com/images/players/NBA/Aaron_Gordon_NBA_player_QSzag3QlHwJu93obuTGlac0G.webp","32","Denver","Aaron Gordon","F","DEN","Nuggets","11642302","Single Stat","Single Stat","5360","true","2026-04-25T20:40:00.000-04:00","Pts+Rebs","18","Pts+Rebs","pre_game",,,"2026-04-24T04:16:07.132-04:00"
,"DEN","FEC524","Denver","Nuggets","2026-04-24T00:30:56.309-04:00",,"DEN","Full",,"team",,,"false","2026-04-25T20:30:00.000-04:00","scheduled","MIN","236192","Minnesota","Timberwolves",,"false","false","true","false","NBA","7","19.5","standard","false","216422","https://static.prizepicks.com/images/players/NBA/Julius_Randle_NBA_player_wdsPCeOajEY6c6aD3jSNasmp.webp","30","Minnesota","Julius Randle","F-C","MIN","Timberwolves","11642549","Single Stat","Single Stat","5376","true","2026-04-25T20:40:00.000-04:00","Points","0","Points","pre_game",,,"2026-04-24T12:38:26.751-04:00"
,"DEN","FEC524","Denver","Nuggets","2026-04-24T00:42:16.567-04:00",,"DEN","Full",,"team",,,"false","2026-04-25T20:30:00.000-04:00","scheduled","MIN","236192","Minnesota","Timberwolves",,"false","false","true","false","NBA","7","19.5","standard","false","216658","https://static.prizepicks.com/images/players/NBA/Donte_DiVincenzo_NBA_player_yXBAHP7fATIDud1ZbDMnkxXH.webp","0","Minnesota","Donte DiVincenzo","G","MIN","Timberwolves","11642742","Single Stat","Single Stat","5381","true","2026-04-25T20:40:00.000-04:00","Pts+Rebs+Asts","1","PRA","pre_game",,,"2026-04-24T13:15:46.362-04:00"
,"DEN","FEC524","Denver","Nuggets","2026-04-06T20:40:00.000-04:00",,"MIN","Full",,"team",,,"false","2026-04-25T20:30:00.000-04:00","scheduled","MIN","236192","Minnesota","Timberwolves",,"false","false","true","false","NBA","7","19.5","standard","false","1290","https://static.prizepicks.com/images/players/NBA/Jamal_Murray_NBA_player_jO0OhvKBMofXWckawdau7boV.webp","27","Denver","Jamal Murray","G","DEN","Nuggets","11650769","Single Stat","Single Stat","5384","true","2026-04-25T20:40:00.000-04:00","FG Attempted","12","FG Attempted","pre_game",,,"2026-04-24T12:32:06.762-04:00"
,"DEN","FEC524","Denver","Nuggets","2026-04-24T00:30:27.202-04:00",,"DEN","Full",,"team",,,"false","2026-04-25T20:30:00.000-04:00","scheduled","MIN","236192","Minnesota","Timberwolves",,"false","false","true","false","NBA","7","18.5","standard","false","299532","https://static.prizepicks.com/images/manual/Ayo DosunmuMIN.png","13","Minnesota","Ayo Dosunmu","G","MIN","Timberwolves","11642375","Single Stat","Single Stat","5385","true","2026-04-25T20:40:00.000-04:00","Pts+Rebs+Asts","1","PRA","pre_game",,,"2026-04-24T13:22:23.433-04:00"
,"DEN","FEC524","Denver","Nuggets","2026-04-24T00:30:36.781-04:00",,"MIN","Full",,"team",,,"false","2026-04-25T20:30:00.000-04:00","scheduled","MIN","236192","Minnesota","Timberwolves",,"false","false","true","false","NBA","7","18.5","standard","false","79885","https://static.prizepicks.com/images/players/NBA/Christian_Braun_NBA_player_3owiug7kdOVCm4MIKVE8lxi.webp","0","Denver","Christian Braun","G","DEN","Nuggets","11642432","Single Stat","Single Stat","5386","true","2026-04-25T20:40:00.000-04:00","Pts+Rebs+Asts","1","PRA","pre_game",,,"2026-04-24T01:00:17.192-04:00"
,"DEN","FEC524","Denver","Nuggets","2026-04-24T00:30:45.517-04:00",,"DEN","Full",,"team",,,"false","2026-04-25T20:30:00.000-04:00","scheduled","MIN","236192","Minnesota","Timberwolves",,"false","false","true","false","NBA","7","18.5","standard","false","25445","https://static.prizepicks.com/images/players/NBA/Jaden_McDaniels_NBA_player_5g61PFxozCBSlBXJV6b3TEWs.webp","3","Minnesota","Jaden McDaniels","F","MIN","Timberwolves","11642484","Single Stat","Single Stat","5387","true","2026-04-25T20:40:00.000-04:00","Pts+Asts","10","Pts+Asts","pre_game",,,"2026-04-24T01:36:32.695-04:00"
,"DEN","FEC524","Denver","Nuggets","2026-04-24T00:30:16.118-04:00",,"MIN","Full",,"team",,,"false","2026-04-25T20:30:00.000-04:00","scheduled","MIN","236192","Minnesota","Timberwolves",,"false","false","true","false","NBA","7","16.5","standard","false","37691","https://static.prizepicks.com/images/players/NBA/Aaron_Gordon_NBA_player_QSzag3QlHwJu93obuTGlac0G.webp","32","Denver","Aaron Gordon","F","DEN","Nuggets","11642300","Single Stat","Single Stat","5400","true","2026-04-25T20:40:00.000-04:00","Pts+Asts","10","Pts+Asts","pre_game",,,"2026-04-24T03:15:38.313-04:00"
,"DEN","FEC524","Denver","Nuggets","2026-04-24T00:30:31.582-04:00",,"MIN","Full",,"team",,,"false","2026-04-25T20:30:00.000-04:00","scheduled","MIN","236192","Minnesota","Timberwolves",,"false","false","true","false","NBA","7","16.5","standard","false","269528","https://static.prizepicks.com/images/players/NBA/Cameron_Johnson_NBA_player_zU7CyKjhTkwnAG8Hkfwls0w7.webp","23","Denver","Cameron Johnson","F","DEN","Nuggets","11642401","Single Stat","Single Stat","5401","true","2026-04-25T20:40:00.000-04:00","Pts+Rebs+Asts","1","PRA","pre_game",,,"2026-04-24T13:17:21.843-04:00"
,"DEN","FEC524","Denver","Nuggets","2026-04-24T00:30:36.152-04:00",,"MIN","Full",,"team",,,"false","2026-04-25T20:30:00.000-04:00","scheduled","MIN","236192","Minnesota","Timberwolves",,"false","false","true","false","NBA","7","16.5","standard","false","79885","https://static.prizepicks.com/images/players/NBA/Christian_Braun_NBA_player_3owiug7kdOVCm4MIKVE8lxi.webp","0","Denver","Christian Braun","G","DEN","Nuggets","11642428","Single Stat","Single Stat","5402","true","2026-04-25T20:40:00.000-04:00","Pts+Rebs","18","Pts+Rebs","pre_game",,,"2026-04-24T13:20:37.939-04:00"
,"DEN","FEC524","Denver","Nuggets","2026-04-24T07:22:53.104-04:00",,"DEN","Full",,"team",,,"false","2026-04-25T20:30:00.000-04:00","scheduled","MIN","236192","Minnesota","Timberwolves",,"false","false","true","false","NBA","7","16.5","standard","false","10787","https://static.prizepicks.com/images/players/NBA/Naz_Reid_NBA_player_aXWF5rxMP0McOCw8Jq9XpFvp.webp","11","Minnesota","Naz Reid","C-F","MIN","Timberwolves","11650846","Single Stat","Single Stat","5412","true","2026-04-25T20:40:00.000-04:00","Pts+Rebs+Asts","1","PRA","pre_game",,,"2026-04-24T13:21:54.193-04:00"
,"DEN","FEC524","Denver","Nuggets","2026-04-24T00:30:26.816-04:00",,"DEN","Full",,"team",,,"false","2026-04-25T20:30:00.000-04:00","scheduled","MIN","236192","Minnesota","Timberwolves",,"false","false","true","false","NBA","7","15.5","standard","false","299532","https://static.prizepicks.com/images/manual/Ayo DosunmuMIN.png","13","Minnesota","Ayo Dosunmu","G","MIN","Timberwolves","11642371","Single Stat","Single Stat","5414","true","2026-04-25T20:40:00.000-04:00","Pts+Rebs","18","Pts+Rebs","pre_game",,,"2026-04-24T12:37:16.698-04:00"
,"DEN","FEC524","Denver","Nuggets","2026-04-24T00:30:41.013-04:00",,"DEN","Full",,"team",,,"false","2026-04-25T20:30:00.000-04:00","scheduled","MIN","236192","Minnesota","Timberwolves",,"false","false","true","false","NBA","7","15.5","standard","false","216658","https://static.prizepicks.com/images/players/NBA/Donte_DiVincenzo_NBA_player_yXBAHP7fATIDud1ZbDMnkxXH.webp","0","Minnesota","Donte DiVincenzo","G","MIN","Timberwolves","11642457","Single Stat","Single Stat","5415","true","2026-04-25T20:40:00.000-04:00","Pts+Asts","10","Pts+Asts","pre_game",,,"2026-04-24T09:26:47.687-04:00"
,"DEN","FEC524","Denver","Nuggets","2026-04-24T00:30:44.756-04:00",,"DEN","Full",,"team",,,"false","2026-04-25T20:30:00.000-04:00","scheduled","MIN","236192","Minnesota","Timberwolves",,"false","false","true","false","NBA","7","15.5","standard","false","25445","https://static.prizepicks.com/images/players/NBA/Jaden_McDaniels_NBA_player_5g61PFxozCBSlBXJV6b3TEWs.webp","3","Minnesota","Jaden McDaniels","F","MIN","Timberwolves","11642480","Single Stat","Single Stat","5416","true","2026-04-25T20:40:00.000-04:00","Points","0","Points","pre_game",,,"2026-04-24T03:10:21.911-04:00"
,"DEN","FEC524","Denver","Nuggets","2026-04-24T00:42:16.343-04:00",,"DEN","Full",,"team",,,"false","2026-04-25T20:30:00.000-04:00","scheduled","MIN","236192","Minnesota","Timberwolves",,"false","false","true","false","NBA","7","15.5","standard","false","216658","https://static.prizepicks.com/images/players/NBA/Donte_DiVincenzo_NBA_player_yXBAHP7fATIDud1ZbDMnkxXH.webp","0","Minnesota","Donte DiVincenzo","G","MIN","Timberwolves","11642741","Single Stat","Single Stat","5418","true","2026-04-25T20:40:00.000-04:00","Pts+Rebs","18","Pts+Rebs","pre_game",,,"2026-04-24T03:11:09.809-04:00"
,"DEN","FEC524","Denver","Nuggets","2026-04-05T20:40:00.000-04:00",,"MIN","Full",,"team",,,"false","2026-04-25T20:30:00.000-04:00","scheduled","MIN","236192","Minnesota","Timberwolves",,"false","false","true","false","NBA","7","15.5","standard","false","188013","https://static.prizepicks.com/images/players/NBA/Nikola_Jokic_NBA_player_xVgew6XmrKZQoCN3n0XxzKv5.webp","15","Denver","Nikola Jokić","C","DEN","Nuggets","11650870","Single Stat","Single Stat","5420","true","2026-04-25T20:40:00.000-04:00","Two Pointers Attempted","1000","2-PT Att","pre_game",,,"2026-04-24T12:30:51.243-04:00"
,"DEN","FEC524","Denver","Nuggets","2026-04-24T00:30:26.479-04:00",,"DEN","Full",,"team",,,"false","2026-04-25T20:30:00.000-04:00","scheduled","MIN","236192","Minnesota","Timberwolves",,"false","false","true","false","NBA","7","14.5","standard","false","299532","https://static.prizepicks.com/images/manual/Ayo DosunmuMIN.png","13","Minnesota","Ayo Dosunmu","G","MIN","Timberwolves","11642369","Single Stat","Single Stat","5426","true","2026-04-25T20:40:00.000-04:00","Pts+Asts","10","Pts+Asts","pre_game",,,"2026-04-24T00:58:50.326-04:00"
,"DEN","FEC524","Denver","Nuggets","2026-04-24T00:30:31.083-04:00",,"MIN","Full",,"team",,,"false","2026-04-25T20:30:00.000-04:00","scheduled","MIN","236192","Minnesota","Timberwolves",,"false","false","true","false","NBA","7","14.5","standard","false","269528","https://static.prizepicks.com/images/players/NBA/Cameron_Johnson_NBA_player_zU7CyKjhTkwnAG8Hkfwls0w7.webp","23","Denver","Cameron Johnson","F","DEN","Nuggets","11642397","Single Stat","Single Stat","5430","true","2026-04-25T20:40:00.000-04:00","Pts+Rebs","18","Pts+Rebs","pre_game",,,"2026-04-24T13:17:21.927-04:00"
,"DEN","FEC524","Denver","Nuggets","2026-04-24T00:31:05.430-04:00",,"MIN","Full",,"team",,,"false","2026-04-25T20:30:00.000-04:00","scheduled","MIN","236192","Minnesota","Timberwolves",,"false","false","true","false","NBA","7","14.5","standard","false","188013","https://static.prizepicks.com/images/players/NBA/Nikola_Jokic_NBA_player_xVgew6XmrKZQoCN3n0XxzKv5.webp","15","Denver","Nikola Jokić","C","DEN","Nuggets","11642606","Single Stat","Single Stat","5442","true","2026-04-25T20:40:00.000-04:00","Rebounds","2","Rebounds","pre_game",,,"2026-04-24T00:36:32.425-04:00"
,"DEN","FEC524","Denver","Nuggets","2026-04-13T20:40:00.000-04:00",,"DEN","Full",,"team",,,"false","2026-04-25T20:30:00.000-04:00","scheduled","MIN","236192","Minnesota","Timberwolves",,"false","false","true","false","NBA","7","14.5","standard","false","216422","https://static.prizepicks.com/images/players/NBA/Julius_Randle_NBA_player_wdsPCeOajEY6c6aD3jSNasmp.webp","30","Minnesota","Julius Randle","F-C","MIN","Timberwolves","11650789","Single Stat","Single Stat","5449","true","2026-04-25T20:40:00.000-04:00","FG Attempted","12","FG Attempted","pre_game",,,"2026-04-24T12:26:11.385-04:00"
,"DEN","FEC524","Denver","Nuggets","2026-04-24T00:30:15.487-04:00",,"MIN","Full",,"team",,,"false","2026-04-25T20:30:00.000-04:00","scheduled","MIN","236192","Minnesota","Timberwolves",,"false","false","true","false","NBA","7","13.5","standard","false","37691","https://static.prizepicks.com/images/players/NBA/Aaron_Gordon_NBA_player_QSzag3QlHwJu93obuTGlac0G.webp","32","Denver","Aaron Gordon","F","DEN","Nuggets","11642296","Single Stat","Single Stat","5451","true","2026-04-25T20:40:00.000-04:00","Points","0","Points","pre_game",,,"2026-04-24T01:50:14.638-04:00"
,"DEN","FEC524","Denver","Nuggets","2026-04-24T00:30:35.453-04:00",,"MIN","Full",,"team",,,"false","2026-04-25T20:30:00.000-04:00","scheduled","MIN","236192","Minnesota","Timberwolves",,"false","false","true","false","NBA","7","13.5","standard","false","79885","https://static.prizepicks.com/images/players/NBA/Christian_Braun_NBA_player_3owiug7kdOVCm4MIKVE8lxi.webp","0","Denver","Christian Braun","G","DEN","Nuggets","11642424","Single Stat","Single Stat","5452","true","2026-04-25T20:40:00.000-04:00","Pts+Asts","10","Pts+Asts","pre_game",,,"2026-04-24T01:47:33.091-04:00"
"false","DEN","FEC524","Denver","Nuggets","2026-04-24T00:42:20.158-04:00",,"DEN","Full",,"team",,,"false","2026-04-25T20:30:00.000-04:00","scheduled","MIN","236192","Minnesota","Timberwolves",,"false","false","true","false","NBA","7","13","standard","false","87384","https://static.prizepicks.com/images/players/NBA/Rudy_Gobert_NBA_player_2ozGrrcD59T4wVpCbCelKQUm.webp","27","Minnesota","Rudy Gobert","C","MIN","Timberwolves","11642755","Single Stat","Single Stat","5464","true","2026-04-25T20:40:00.000-04:00","Rebs+Asts","7","Rebs+Asts","pre_game",,,"2026-04-24T07:31:40.801-04:00"
,"DEN","FEC524","Denver","Nuggets","2026-04-24T00:30:30.450-04:00",,"MIN","Full",,"team",,,"false","2026-04-25T20:30:00.000-04:00","scheduled","MIN","236192","Minnesota","Timberwolves",,"false","false","true","false","NBA","7","12.5","standard","false","269528","https://static.prizepicks.com/images/players/NBA/Cameron_Johnson_NBA_player_zU7CyKjhTkwnAG8Hkfwls0w7.webp","23","Denver","Cameron Johnson","F","DEN","Nuggets","11642394","Single Stat","Single Stat","5465","true","2026-04-25T20:40:00.000-04:00","Pts+Asts","10","Pts+Asts","pre_game",,,"2026-04-24T00:33:25.690-04:00"
,"DEN","FEC524","Denver","Nuggets","2026-04-24T00:31:09.798-04:00",,"DEN","Full",,"team",,,"false","2026-04-25T20:30:00.000-04:00","scheduled","MIN","236192","Minnesota","Timberwolves",,"false","false","true","false","NBA","7","12.5","standard","false","87384","https://static.prizepicks.com/images/players/NBA/Rudy_Gobert_NBA_player_2ozGrrcD59T4wVpCbCelKQUm.webp","27","Minnesota","Rudy Gobert","C","MIN","Timberwolves","11642630","Single Stat","Single Stat","5468","true","2026-04-25T20:40:00.000-04:00","Pts+Asts","10","Pts+Asts","pre_game",,,"2026-04-24T01:36:32.676-04:00"
,"DEN","FEC524","Denver","Nuggets","2026-04-24T00:42:14.212-04:00",,"DEN","Full",,"team",,,"false","2026-04-25T20:30:00.000-04:00","scheduled","MIN","236192","Minnesota","Timberwolves",,"false","false","true","false","NBA","7","12.5","standard","false","299532","https://static.prizepicks.com/images/manual/Ayo DosunmuMIN.png","13","Minnesota","Ayo Dosunmu","G","MIN","Timberwolves","11642733","Single Stat","Single Stat","5470","true","2026-04-25T20:40:00.000-04:00","Points","0","Points","pre_game",,,"2026-04-24T12:39:28.490-04:00"
"false","DEN","FEC524","Denver","Nuggets","2026-04-01T20:40:00.000-04:00",,"DEN/MIN","Full",,"combo",,,"false","2026-04-25T20:30:00.000-04:00","scheduled","MIN","236192","Minnesota","Timberwolves",,"false","false","true","false","NBA","7","12","standard","true","314802","https://static.prizepicks.com/images/players/CMBO_group_54W7bwe1qECClkiqBlAWGtYK.webp","30 + 27",,"Julius Randle + Jamal Murray","F-C","MIN/DEN","Timberwolves/Nuggets","11643992","Single Stat","Single Stat","5476","true","2026-04-25T20:40:00.000-04:00","Rebounds (Combo)","10","Rebounds","pre_game",,,"2026-04-24T01:53:26.439-04:00"
,"DEN","FEC524","Denver","Nuggets","2026-04-24T00:30:34.802-04:00",,"MIN","Full",,"team",,,"false","2026-04-25T20:30:00.000-04:00","scheduled","MIN","236192","Minnesota","Timberwolves",,"false","false","true","false","NBA","7","11.5","standard","false","79885","https://static.prizepicks.com/images/players/NBA/Christian_Braun_NBA_player_3owiug7kdOVCm4MIKVE8lxi.webp","0","Denver","Christian Braun","G","DEN","Nuggets","11642420","Single Stat","Single Stat","5480","true","2026-04-25T20:40:00.000-04:00","Points","0","Points","pre_game",,,"2026-04-24T08:57:33.694-04:00"
,"DEN","FEC524","Denver","Nuggets","2026-04-24T00:30:40.241-04:00",,"DEN","Full",,"team",,,"false","2026-04-25T20:30:00.000-04:00","scheduled","MIN","236192","Minnesota","Timberwolves",,"false","false","true","false","NBA","7","11.5","standard","false","216658","https://static.prizepicks.com/images/players/NBA/Donte_DiVincenzo_NBA_player_yXBAHP7fATIDud1ZbDMnkxXH.webp","0","Minnesota","Donte DiVincenzo","G","MIN","Timberwolves","11642454","Single Stat","Single Stat","5481","true","2026-04-25T20:40:00.000-04:00","Points","0","Points","pre_game",,,"2026-04-24T01:36:55.825-04:00"
,"DEN","FEC524","Denver","Nuggets","2026-04-24T00:30:59.720-04:00",,"DEN","Full",,"team",,,"false","2026-04-25T20:30:00.000-04:00","scheduled","MIN","236192","Minnesota","Timberwolves",,"false","false","true","false","NBA","7","11.5","standard","false","216422","https://static.prizepicks.com/images/players/NBA/Julius_Randle_NBA_player_wdsPCeOajEY6c6aD3jSNasmp.webp","30","Minnesota","Julius Randle","F-C","MIN","Timberwolves","11642569","Single Stat","Single Stat","5483","true","2026-04-25T20:40:00.000-04:00","Rebs+Asts","7","Rebs+Asts","pre_game",,,"2026-04-24T01:28:49.163-04:00"
"true","DEN","FEC524","Denver","Nuggets","2026-04-24T00:30:53.541-04:00",,"MIN","Full",,"team",,,"false","2026-04-25T20:30:00.000-04:00","scheduled","MIN","236192","Minnesota","Timberwolves",,"false","false","true","false","NBA","7","11","standard","false","1290","https://static.prizepicks.com/images/players/NBA/Jamal_Murray_NBA_player_jO0OhvKBMofXWckawdau7boV.webp","27","Denver","Jamal Murray","G","DEN","Nuggets","11642532","Single Stat","Single Stat","5497","true","2026-04-25T20:40:00.000-04:00","Rebs+Asts","7","Rebs+Asts","pre_game",,,"2026-04-24T13:07:42.884-04:00"
,"DEN","FEC524","Denver","Nuggets","2026-04-24T00:30:29.791-04:00",,"MIN","Full",,"team",,,"false","2026-04-25T20:30:00.000-04:00","scheduled","MIN","236192","Minnesota","Timberwolves",,"false","false","true","false","NBA","7","10.5","standard","false","269528","https://static.prizepicks.com/images/players/NBA/Cameron_Johnson_NBA_player_zU7CyKjhTkwnAG8Hkfwls0w7.webp","23","Denver","Cameron Johnson","F","DEN","Nuggets","11642390","Single Stat","Single Stat","5499","true","2026-04-25T20:40:00.000-04:00","Points","0","Points","pre_game",,,"2026-04-24T01:29:49.323-04:00"
,"DEN","FEC524","Denver","Nuggets","2026-04-24T00:31:09.180-04:00",,"DEN","Full",,"team",,,"false","2026-04-25T20:30:00.000-04:00","scheduled","MIN","236192","Minnesota","Timberwolves",,"false","false","true","false","NBA","7","10.5","standard","false","87384","https://static.prizepicks.com/images/players/NBA/Rudy_Gobert_NBA_player_2ozGrrcD59T4wVpCbCelKQUm.webp","27","Minnesota","Rudy Gobert","C","MIN","Timberwolves","11642626","Single Stat","Single Stat","5501","true","2026-04-25T20:40:00.000-04:00","Points","0","Points","pre_game",,,"2026-04-24T10:37:50.963-04:00"
"false","DEN","FEC524","Denver","Nuggets","2026-04-01T20:40:00.000-04:00",,"DEN/MIN","Full",,"combo",,,"false","2026-04-25T20:30:00.000-04:00","scheduled","MIN","236192","Minnesota","Timberwolves",,"false","false","true","false","NBA","7","10.5","standard","true","314794","https://static.prizepicks.com/images/players/CMBO_group_wEPAV5dLs4eTcQ0niaJ2MuMe.webp","5 + 27",,"Anthony Edwards + Jamal Murray","G","MIN/DEN","Timberwolves/Nuggets","11643991","Single Stat","Single Stat","5504","true","2026-04-25T20:40:00.000-04:00","Rebounds (Combo)","10","Rebounds","pre_game",,,"2026-04-24T13:16:51.473-04:00"
"false","DEN","FEC524","Denver","Nuggets","2026-04-01T20:40:00.000-04:00",,"DEN/MIN","Full",,"combo",,,"false","2026-04-25T20:30:00.000-04:00","scheduled","MIN","236192","Minnesota","Timberwolves",,"false","false","true","false","NBA","7","10.5","standard","true","314794","https://static.prizepicks.com/images/players/CMBO_group_wEPAV5dLs4eTcQ0niaJ2MuMe.webp","5 + 27",,"Anthony Edwards + Jamal Murray","G","MIN/DEN","Timberwolves/Nuggets","11643996","Single Stat","Single Stat","5505","true","2026-04-25T20:40:00.000-04:00","Assists (Combo)","10","Assists","pre_game",,,"2026-04-24T07:23:36.123-04:00"
"false","DEN","FEC524","Denver","Nuggets","2026-04-01T20:40:00.000-04:00",,"DEN/MIN","Full",,"combo",,,"false","2026-04-25T20:30:00.000-04:00","scheduled","MIN","236192","Minnesota","Timberwolves",,"false","false","true","false","NBA","7","10.5","standard","true","314802","https://static.prizepicks.com/images/players/CMBO_group_54W7bwe1qECClkiqBlAWGtYK.webp","30 + 27",,"Julius Randle + Jamal Murray","F-C","MIN/DEN","Timberwolves/Nuggets","11644032","Single Stat","Single Stat","5506","true","2026-04-25T20:40:00.000-04:00","Assists (Combo)","10","Assists","pre_game",,,"2026-04-24T10:10:31.114-04:00"
,"DEN","FEC524","Denver","Nuggets","2026-04-07T20:40:00.000-04:00",,"DEN","Full",,"team",,,"false","2026-04-25T20:30:00.000-04:00","scheduled","MIN","236192","Minnesota","Timberwolves",,"false","false","true","false","NBA","7","10.5","standard","false","188017","https://static.prizepicks.com/images/players/NBA/Anthony_Edwards_NBA_player_rhlEP3GCAg5LDJD8uChjFU81.webp","5","Minnesota","Anthony Edwards","G","MIN","Timberwolves","11650670","Single Stat","Single Stat","5508","true","2026-04-25T20:40:00.000-04:00","Two Pointers Attempted","1000","2-PT Att","pre_game",,,"2026-04-24T12:26:08.759-04:00"
,"DEN","FEC524","Denver","Nuggets","2026-04-07T20:40:00.000-04:00",,"DEN","Full",,"team",,,"false","2026-04-25T20:30:00.000-04:00","scheduled","MIN","236192","Minnesota","Timberwolves",,"false","false","true","false","NBA","7","10.5","standard","false","216422","https://static.prizepicks.com/images/players/NBA/Julius_Randle_NBA_player_wdsPCeOajEY6c6aD3jSNasmp.webp","30","Minnesota","Julius Randle","F-C","MIN","Timberwolves","11650806","Single Stat","Single Stat","5510","true","2026-04-25T20:40:00.000-04:00","Two Pointers Attempted","1000","2-PT Att","pre_game",,,"2026-04-24T12:26:08.773-04:00"
,"DEN","FEC524","Denver","Nuggets","2026-04-24T07:22:52.277-04:00",,"DEN","Full",,"team",,,"false","2026-04-25T20:30:00.000-04:00","scheduled","MIN","236192","Minnesota","Timberwolves",,"false","false","true","false","NBA","7","10.5","standard","false","10787","https://static.prizepicks.com/images/players/NBA/Naz_Reid_NBA_player_aXWF5rxMP0McOCw8Jq9XpFvp.webp","11","Minnesota","Naz Reid","C-F","MIN","Timberwolves","11650839","Single Stat","Single Stat","5511","true","2026-04-25T20:40:00.000-04:00","Points","0","Points","pre_game",,,"2026-04-24T12:33:07.908-04:00"
"true","DEN","FEC524","Denver","Nuggets","2026-04-24T00:30:23.850-04:00",,"DEN","Full",,"team",,,"false","2026-04-25T20:30:00.000-04:00","scheduled","MIN","236192","Minnesota","Timberwolves",,"false","false","true","false","NBA","7","10","standard","false","188017","https://static.prizepicks.com/images/players/NBA/Anthony_Edwards_NBA_player_rhlEP3GCAg5LDJD8uChjFU81.webp","5","Minnesota","Anthony Edwards","G","MIN","Timberwolves","11642350","Single Stat","Single Stat","5512","true","2026-04-25T20:40:00.000-04:00","Rebs+Asts","7","Rebs+Asts","pre_game",,,"2026-04-24T11:09:25.439-04:00"
,"DEN","FEC524","Denver","Nuggets","2026-04-24T00:42:19.241-04:00",,"MIN","Full",,"team",,,"false","2026-04-25T20:30:00.000-04:00","scheduled","MIN","236192","Minnesota","Timberwolves",,"false","false","true","false","NBA","7","9.5","standard","false","188013","https://static.prizepicks.com/images/players/NBA/Nikola_Jokic_NBA_player_xVgew6XmrKZQoCN3n0XxzKv5.webp","15","Denver","Nikola Jokić","C","DEN","Nuggets","11642752","Single Stat","Single Stat","5530","true","2026-04-25T20:40:00.000-04:00","Assists","5","Assists","pre_game",,,"2026-04-24T01:36:57.561-04:00"
"false","DEN","FEC524","Denver","Nuggets","2026-04-01T20:40:00.000-04:00",,"DEN/MIN","Full",,"combo",,,"false","2026-04-25T20:30:00.000-04:00","scheduled","MIN","236192","Minnesota","Timberwolves",,"false","false","true","false","NBA","7","9.5","standard","true","314803","https://static.prizepicks.com/images/players/CMBO_group_7mI4CW2clGgIFfnUVJCuv3AE.webp","0 + 27",,"Donte DiVincenzo + Jamal Murray","G","MIN/DEN","Timberwolves/Nuggets","11643997","Single Stat","Single Stat","5534","true","2026-04-25T20:40:00.000-04:00","Assists (Combo)","10","Assists","pre_game",,,"2026-04-24T09:51:01.127-04:00"
,"DEN","FEC524","Denver","Nuggets","2026-04-06T20:40:00.000-04:00",,"DEN","Full",,"team",,,"false","2026-04-25T20:30:00.000-04:00","scheduled","MIN","236192","Minnesota","Timberwolves",,"false","false","true","false","NBA","7","9.5","standard","false","188017","https://static.prizepicks.com/images/players/NBA/Anthony_Edwards_NBA_player_rhlEP3GCAg5LDJD8uChjFU81.webp","5","Minnesota","Anthony Edwards","G","MIN","Timberwolves","11650662","Single Stat","Single Stat","5536","true","2026-04-25T20:40:00.000-04:00","3-PT Attempted","8","3PTA","pre_game",,,"2026-04-24T12:26:09.609-04:00"
,"DEN","FEC524","Denver","Nuggets","2026-04-06T20:40:00.000-04:00",,"MIN","Full",,"team",,,"false","2026-04-25T20:30:00.000-04:00","scheduled","MIN","236192","Minnesota","Timberwolves",,"false","false","true","false","NBA","7","8.5","standard","false","269528","https://static.prizepicks.com/images/players/NBA/Cameron_Johnson_NBA_player_zU7CyKjhTkwnAG8Hkfwls0w7.webp","23","Denver","Cameron Johnson","F","DEN","Nuggets","11650673","Single Stat","Single Stat","5551","true","2026-04-25T20:40:00.000-04:00","FG Attempted","12","FG Attempted","pre_game",,,"2026-04-24T12:26:13.431-04:00"
,"DEN","FEC524","Denver","Nuggets","2026-04-07T20:40:00.000-04:00",,"DEN","Full",,"team",,,"false","2026-04-25T20:30:00.000-04:00","scheduled","MIN","236192","Minnesota","Timberwolves",,"false","false","true","false","NBA","7","8.5","standard","false","25445","https://static.prizepicks.com/images/players/NBA/Jaden_McDaniels_NBA_player_5g61PFxozCBSlBXJV6b3TEWs.webp","3","Minnesota","Jaden McDaniels","F","MIN","Timberwolves","11650760","Single Stat","Single Stat","5552","true","2026-04-25T20:40:00.000-04:00","Two Pointers Attempted","1000","2-PT Att","pre_game",,,"2026-04-24T12:41:22.350-04:00"
,"DEN","FEC524","Denver","Nuggets","2026-04-06T20:40:00.000-04:00",,"MIN","Full",,"team",,,"false","2026-04-25T20:30:00.000-04:00","scheduled","MIN","236192","Minnesota","Timberwolves",,"false","false","true","false","NBA","7","8.5","standard","false","1290","https://static.prizepicks.com/images/players/NBA/Jamal_Murray_NBA_player_jO0OhvKBMofXWckawdau7boV.webp","27","Denver","Jamal Murray","G","DEN","Nuggets","11650763","Single Stat","Single Stat","5553","true","2026-04-25T20:40:00.000-04:00","3-PT Attempted","8","3PTA","pre_game",,,"2026-04-24T12:30:51.110-04:00"
,"DEN","FEC524","Denver","Nuggets","2026-04-13T20:40:00.000-04:00",,"DEN","Full",,"team",,,"false","2026-04-25T20:30:00.000-04:00","scheduled","MIN","236192","Minnesota","Timberwolves",,"false","false","true","false","NBA","7","8.5","standard","false","10787","https://static.prizepicks.com/images/players/NBA/Naz_Reid_NBA_player_aXWF5rxMP0McOCw8Jq9XpFvp.webp","11","Minnesota","Naz Reid","C-F","MIN","Timberwolves","11650825","Single Stat","Single Stat","5554","true","2026-04-25T20:40:00.000-04:00","FG Attempted","12","FG Attempted","pre_game",,,"2026-04-24T12:26:11.266-04:00"
,"DEN","FEC524","Denver","Nuggets","2026-04-24T00:42:17.615-04:00",,"DEN","Full",,"team",,,"false","2026-04-25T20:30:00.000-04:00","scheduled","MIN","236192","Minnesota","Timberwolves",,"false","false","true","false","NBA","7","7.5","standard","false","25445","https://static.prizepicks.com/images/players/NBA/Jaden_McDaniels_NBA_player_5g61PFxozCBSlBXJV6b3TEWs.webp","3","Minnesota","Jaden McDaniels","F","MIN","Timberwolves","11642746","Single Stat","Single Stat","5577","true","2026-04-25T20:40:00.000-04:00","Rebs+Asts","7","Rebs+Asts","pre_game",,,"2026-04-24T05:07:07.545-04:00"
,"DEN","FEC524","Denver","Nuggets","2026-04-06T00:30:00.000-04:00",,"MIN","Full",,"team",,,"false","2026-04-25T20:30:00.000-04:00","scheduled","MIN","236192","Minnesota","Timberwolves",,"false","false","true","false","NBA","7","6.5","standard","false","188013","https://static.prizepicks.com/images/players/NBA/Nikola_Jokic_NBA_player_xVgew6XmrKZQoCN3n0XxzKv5.webp","15","Denver","Nikola Jokić","C","DEN","Nuggets","11650866","Single Stat","Single Stat","5602","true","2026-04-25T20:40:00.000-04:00","Free Throws Made","11","FTM","pre_game",,,"2026-04-24T12:26:10.229-04:00"
"false","DEN","FEC524","Denver","Nuggets","2026-04-24T00:30:48.996-04:00",,"MIN","Full",,"team",,,"false","2026-04-25T20:30:00.000-04:00","scheduled","MIN","236192","Minnesota","Timberwolves",,"false","false","true","false","NBA","7","6","standard","false","1290","https://static.prizepicks.com/images/players/NBA/Jamal_Murray_NBA_player_jO0OhvKBMofXWckawdau7boV.webp","27","Denver","Jamal Murray","G","DEN","Nuggets","11642506","Single Stat","Single Stat","5603","true","2026-04-25T20:40:00.000-04:00","Assists","5","Assists","pre_game",,,"2026-04-24T07:20:38.502-04:00"
"false","DEN","FEC524","Denver","Nuggets","2026-04-01T20:40:00.000-04:00",,"DEN/MIN","Full",,"combo",,,"false","2026-04-25T20:30:00.000-04:00","scheduled","MIN","236192","Minnesota","Timberwolves",,"false","false","true","false","NBA","7","6","standard","true","314803","https://static.prizepicks.com/images/players/CMBO_group_7mI4CW2clGgIFfnUVJCuv3AE.webp","0 + 27",,"Donte DiVincenzo + Jamal Murray","G","MIN/DEN","Timberwolves/Nuggets","11644033","Single Stat","Single Stat","5604","true","2026-04-25T20:40:00.000-04:00","3-PT Made (Combo)","10","3PTM","pre_game",,,"2026-04-24T13:16:18.887-04:00"
"false","DEN","FEC524","Denver","Nuggets","2026-04-01T20:40:00.000-04:00",,"DEN/MIN","Full",,"combo",,,"false","2026-04-25T20:30:00.000-04:00","scheduled","MIN","236192","Minnesota","Timberwolves",,"false","false","true","false","NBA","7","6","standard","true","314794","https://static.prizepicks.com/images/players/CMBO_group_wEPAV5dLs4eTcQ0niaJ2MuMe.webp","5 + 27",,"Anthony Edwards + Jamal Murray","G","MIN/DEN","Timberwolves/Nuggets","11644034","Single Stat","Single Stat","5605","true","2026-04-25T20:40:00.000-04:00","3-PT Made (Combo)","10","3PTM","pre_game",,,"2026-04-24T03:38:00.653-04:00"
,"DEN","FEC524","Denver","Nuggets","2026-04-24T00:30:17.557-04:00",,"MIN","Full",,"team",,,"false","2026-04-25T20:30:00.000-04:00","scheduled","MIN","236192","Minnesota","Timberwolves",,"false","false","true","false","NBA","7","5.5","standard","false","37691","https://static.prizepicks.com/images/players/NBA/Aaron_Gordon_NBA_player_QSzag3QlHwJu93obuTGlac0G.webp","32","Denver","Aaron Gordon","F","DEN","Nuggets","11642311","Single Stat","Single Stat","5606","true","2026-04-25T20:40:00.000-04:00","Rebounds","2","Rebounds","pre_game",,,"2026-04-24T04:37:13.563-04:00"
,"DEN","FEC524","Denver","Nuggets","2026-04-24T06:26:17.391-04:00",,"DEN","Full",,"team",,,"false","2026-04-25T20:30:00.000-04:00","scheduled","MIN","236192","Minnesota","Timberwolves",,"false","false","true","false","NBA","7","5.5","standard","false","188017","https://static.prizepicks.com/images/players/NBA/Anthony_Edwards_NBA_player_rhlEP3GCAg5LDJD8uChjFU81.webp","5","Minnesota","Anthony Edwards","G","MIN","Timberwolves","11648722","Single Stat","Single Stat","5622","true","2026-04-25T20:40:00.000-04:00","Rebounds","2","Rebounds","pre_game",,,"2026-04-24T06:34:10.762-04:00"
,"DEN","FEC524","Denver","Nuggets","2026-04-06T20:40:00.000-04:00",,"MIN","Full",,"team",,,"false","2026-04-25T20:30:00.000-04:00","scheduled","MIN","236192","Minnesota","Timberwolves",,"false","false","true","false","NBA","7","5.5","standard","false","1290","https://static.prizepicks.com/images/players/NBA/Jamal_Murray_NBA_player_jO0OhvKBMofXWckawdau7boV.webp","27","Denver","Jamal Murray","G","DEN","Nuggets","11650771","Single Stat","Single Stat","5624","true","2026-04-25T20:40:00.000-04:00","Free Throws Attempted","30","FTA","pre_game",,,"2026-04-24T13:16:13.374-04:00"
,"DEN","FEC524","Denver","Nuggets","2026-04-13T20:40:00.000-04:00",,"DEN","Full",,"team",,,"false","2026-04-25T20:30:00.000-04:00","scheduled","MIN","236192","Minnesota","Timberwolves",,"false","false","true","false","NBA","7","5.5","standard","false","216422","https://static.prizepicks.com/images/players/NBA/Julius_Randle_NBA_player_wdsPCeOajEY6c6aD3jSNasmp.webp","30","Minnesota","Julius Randle","F-C","MIN","Timberwolves","11650809","Single Stat","Single Stat","5625","true","2026-04-25T20:40:00.000-04:00","Two Pointers Made","1001","2-PT Made","pre_game",,,"2026-04-24T12:33:22.437-04:00"
,"DEN","FEC524","Denver","Nuggets","2026-04-24T07:22:53.785-04:00",,"DEN","Full",,"team",,,"false","2026-04-25T20:30:00.000-04:00","scheduled","MIN","236192","Minnesota","Timberwolves",,"false","false","true","false","NBA","7","5.5","standard","false","10787","https://static.prizepicks.com/images/players/NBA/Naz_Reid_NBA_player_aXWF5rxMP0McOCw8Jq9XpFvp.webp","11","Minnesota","Naz Reid","C-F","MIN","Timberwolves","11650852","Single Stat","Single Stat","5626","true","2026-04-25T20:40:00.000-04:00","Rebounds","2","Rebounds","pre_game",,,"2026-04-24T10:26:55.454-04:00"
"false","DEN","FEC524","Denver","Nuggets","2026-04-01T20:40:00.000-04:00",,"DEN/MIN","Full",,"combo",,,"false","2026-04-25T20:30:00.000-04:00","scheduled","MIN","236192","Minnesota","Timberwolves",,"false","false","true","false","NBA","7","5","standard","true","314797","https://static.prizepicks.com/images/players/CMBO_group_TKTGZmINqK9qP1M7vULSrWqq.webp","5 + 15",,"Anthony Edwards + Nikola Jokić","G","MIN/DEN","Timberwolves/Nuggets","11644035","Single Stat","Single Stat","5630","true","2026-04-25T20:40:00.000-04:00","3-PT Made (Combo)","10","3PTM","pre_game",,,"2026-04-24T03:37:40.337-04:00"
,"DEN","FEC524","Denver","Nuggets","2026-04-13T20:40:00.000-04:00",,"DEN","Full",,"team",,,"false","2026-04-25T20:30:00.000-04:00","scheduled","MIN","236192","Minnesota","Timberwolves",,"false","false","true","false","NBA","7","5","standard","false","25445","https://static.prizepicks.com/images/players/NBA/Jaden_McDaniels_NBA_player_5g61PFxozCBSlBXJV6b3TEWs.webp","3","Minnesota","Jaden McDaniels","F","MIN","Timberwolves","11650761","Single Stat","Single Stat","5631","true","2026-04-25T20:40:00.000-04:00","Two Pointers Made","1001","2-PT Made","pre_game",,,"2026-04-24T13:30:48.516-04:00"
,"DEN","FEC524","Denver","Nuggets","2026-04-24T00:30:54.998-04:00",,"DEN","Full",,"team",,,"false","2026-04-25T20:30:00.000-04:00","scheduled","MIN","236192","Minnesota","Timberwolves",,"false","false","true","false","NBA","7","4.5","standard","false","216422","https://static.prizepicks.com/images/players/NBA/Julius_Randle_NBA_player_wdsPCeOajEY6c6aD3jSNasmp.webp","30","Minnesota","Julius Randle","F-C","MIN","Timberwolves","11642542","Single Stat","Single Stat","5644","true","2026-04-25T20:40:00.000-04:00","Assists","5","Assists","pre_game",,,"2026-04-24T10:04:13.691-04:00"
"true","DEN","FEC524","Denver","Nuggets","2026-04-24T00:42:17.392-04:00",,"DEN","Full",,"team",,,"false","2026-04-25T20:30:00.000-04:00","scheduled","MIN","236192","Minnesota","Timberwolves",,"false","false","true","false","NBA","7","4.5","standard","false","25445","https://static.prizepicks.com/images/players/NBA/Jaden_McDaniels_NBA_player_5g61PFxozCBSlBXJV6b3TEWs.webp","3","Minnesota","Jaden McDaniels","F","MIN","Timberwolves","11642745","Single Stat","Single Stat","5647","true","2026-04-25T20:40:00.000-04:00","Rebounds","2","Rebounds","pre_game",,,"2026-04-24T07:54:48.801-04:00"
,"DEN","FEC524","Denver","Nuggets","2026-04-05T20:40:00.000-04:00",,"MIN","Full",,"team",,,"false","2026-04-25T20:30:00.000-04:00","scheduled","MIN","236192","Minnesota","Timberwolves",,"false","false","true","false","NBA","7","4.5","standard","false","37691","https://static.prizepicks.com/images/players/NBA/Aaron_Gordon_NBA_player_QSzag3QlHwJu93obuTGlac0G.webp","32","Denver","Aaron Gordon","F","DEN","Nuggets","11650655","Single Stat","Single Stat","5652","true","2026-04-25T20:40:00.000-04:00","FG Made","7","FG Made","pre_game",,,"2026-04-24T12:26:08.477-04:00"
,"DEN","FEC524","Denver","Nuggets","2026-04-12T07:22:00.000-04:00",,"DEN","Full",,"team",,,"false","2026-04-25T20:30:00.000-04:00","scheduled","MIN","236192","Minnesota","Timberwolves",,"false","false","true","false","NBA","7","4.5","standard","false","216422","https://static.prizepicks.com/images/players/NBA/Julius_Randle_NBA_player_wdsPCeOajEY6c6aD3jSNasmp.webp","30","Minnesota","Julius Randle","F-C","MIN","Timberwolves","11650791","Single Stat","Single Stat","5653","true","2026-04-25T20:40:00.000-04:00","Free Throws Made","11","FTM","pre_game",,,"2026-04-24T12:26:10.193-04:00"
,"DEN","FEC524","Denver","Nuggets","2026-04-07T20:40:00.000-04:00",,"DEN","Full",,"team",,,"false","2026-04-25T20:30:00.000-04:00","scheduled","MIN","236192","Minnesota","Timberwolves",,"false","false","true","false","NBA","7","4.5","standard","false","10787","https://static.prizepicks.com/images/players/NBA/Naz_Reid_NBA_player_aXWF5rxMP0McOCw8Jq9XpFvp.webp","11","Minnesota","Naz Reid","C-F","MIN","Timberwolves","11650860","Single Stat","Single Stat","5655","true","2026-04-25T20:40:00.000-04:00","Two Pointers Attempted","1000","2-PT Att","pre_game",,,"2026-04-24T13:51:23.528-04:00"
,"DEN","FEC524","Denver","Nuggets","2026-03-29T20:40:00.000-04:00",,"DEN","Full",,"team",,,"false","2026-04-25T20:30:00.000-04:00","scheduled","MIN","236192","Minnesota","Timberwolves",,"false","false","true","false","NBA","7","4.5","standard","false","87384","https://static.prizepicks.com/images/players/NBA/Rudy_Gobert_NBA_player_2ozGrrcD59T4wVpCbCelKQUm.webp","27","Minnesota","Rudy Gobert","C","MIN","Timberwolves","11650874","Single Stat","Single Stat","5657","true","2026-04-25T20:40:00.000-04:00","FG Made","7","FG Made","pre_game",,,"2026-04-24T13:29:32.853-04:00"
,"DEN","FEC524","Denver","Nuggets","2026-04-13T20:40:00.000-04:00",,"DEN","Full",,"team",,,"false","2026-04-25T20:30:00.000-04:00","scheduled","MIN","236192","Minnesota","Timberwolves",,"false","false","true","false","NBA","7","4.5","standard","false","87384","https://static.prizepicks.com/images/players/NBA/Rudy_Gobert_NBA_player_2ozGrrcD59T4wVpCbCelKQUm.webp","27","Minnesota","Rudy Gobert","C","MIN","Timberwolves","11650880","Single Stat","Single Stat","5658","true","2026-04-25T20:40:00.000-04:00","Two Pointers Made","1001","2-PT Made","pre_game",,,"2026-04-24T12:26:08.594-04:00"
,"DEN","FEC524","Denver","Nuggets","2026-04-24T00:30:39.612-04:00",,"DEN","Full",,"team",,,"false","2026-04-25T20:30:00.000-04:00","scheduled","MIN","236192","Minnesota","Timberwolves",,"false","false","true","false","NBA","7","3.5","standard","false","216658","https://static.prizepicks.com/images/players/NBA/Donte_DiVincenzo_NBA_player_yXBAHP7fATIDud1ZbDMnkxXH.webp","0","Minnesota","Donte DiVincenzo","G","MIN","Timberwolves","11642449","Single Stat","Single Stat","5668","true","2026-04-25T20:40:00.000-04:00","Assists","5","Assists","pre_game",,,"2026-04-24T00:54:39.713-04:00"
,"DEN","FEC524","Denver","Nuggets","2026-04-24T00:30:42.487-04:00",,"DEN","Full",,"team",,,"false","2026-04-25T20:30:00.000-04:00","scheduled","MIN","236192","Minnesota","Timberwolves",,"false","false","true","false","NBA","7","3.5","standard","false","216658","https://static.prizepicks.com/images/players/NBA/Donte_DiVincenzo_NBA_player_yXBAHP7fATIDud1ZbDMnkxXH.webp","0","Minnesota","Donte DiVincenzo","G","MIN","Timberwolves","11642467","Single Stat","Single Stat","5669","true","2026-04-25T20:40:00.000-04:00","Rebounds","2","Rebounds","pre_game",,,"2026-04-24T01:47:33.076-04:00"
,"DEN","FEC524","Denver","Nuggets","2026-04-06T20:40:00.000-04:00",,"MIN","Full",,"team",,,"false","2026-04-25T20:30:00.000-04:00","scheduled","MIN","236192","Minnesota","Timberwolves",,"false","false","true","false","NBA","7","3.5","standard","false","37691","https://static.prizepicks.com/images/players/NBA/Aaron_Gordon_NBA_player_QSzag3QlHwJu93obuTGlac0G.webp","32","Denver","Aaron Gordon","F","DEN","Nuggets","11650656","Single Stat","Single Stat","5679","true","2026-04-25T20:40:00.000-04:00","Free Throws Attempted","30","FTA","pre_game",,,"2026-04-24T12:26:12.883-04:00"
,"DEN","FEC524","Denver","Nuggets","2026-03-29T20:40:00.000-04:00",,"DEN","Full",,"team",,,"false","2026-04-25T20:30:00.000-04:00","scheduled","MIN","236192","Minnesota","Timberwolves",,"false","false","true","false","NBA","7","3.5","standard","false","10787","https://static.prizepicks.com/images/players/NBA/Naz_Reid_NBA_player_aXWF5rxMP0McOCw8Jq9XpFvp.webp","11","Minnesota","Naz Reid","C-F","MIN","Timberwolves","11650827","Single Stat","Single Stat","5687","true","2026-04-25T20:40:00.000-04:00","FG Made","7","FG Made","pre_game",,,"2026-04-24T12:26:08.498-04:00"
,"DEN","FEC524","Denver","Nuggets","2026-04-13T20:40:00.000-04:00",,"DEN","Full",,"team",,,"false","2026-04-25T20:30:00.000-04:00","scheduled","MIN","236192","Minnesota","Timberwolves",,"false","false","true","false","NBA","7","3.5","standard","false","87384","https://static.prizepicks.com/images/players/NBA/Rudy_Gobert_NBA_player_2ozGrrcD59T4wVpCbCelKQUm.webp","27","Minnesota","Rudy Gobert","C","MIN","Timberwolves","11650875","Single Stat","Single Stat","5689","true","2026-04-25T20:40:00.000-04:00","Free Throws Attempted","30","FTA","pre_game",,,"2026-04-24T12:26:10.149-04:00"
,"DEN","FEC524","Denver","Nuggets","2026-03-29T07:22:00.000-04:00",,"DEN","Full",,"team",,,"false","2026-04-25T20:30:00.000-04:00","scheduled","MIN","236192","Minnesota","Timberwolves",,"false","false","true","false","NBA","7","3.5","standard","false","87384","https://static.prizepicks.com/images/players/NBA/Rudy_Gobert_NBA_player_2ozGrrcD59T4wVpCbCelKQUm.webp","27","Minnesota","Rudy Gobert","C","MIN","Timberwolves","11650877","Single Stat","Single Stat","5690","true","2026-04-25T20:40:00.000-04:00","Personal Fouls","30","Personal Fouls","pre_game",,,"2026-04-24T12:26:10.664-04:00"
,"DEN","FEC524","Denver","Nuggets","2026-04-06T00:30:00.000-04:00",,"MIN","Full",,"team",,,"false","2026-04-25T20:30:00.000-04:00","scheduled","MIN","236192","Minnesota","Timberwolves",,"false","false","true","false","NBA","7","2.5","standard","false","37691","https://static.prizepicks.com/images/players/NBA/Aaron_Gordon_NBA_player_QSzag3QlHwJu93obuTGlac0G.webp","32","Denver","Aaron Gordon","F","DEN","Nuggets","11650657","Single Stat","Single Stat","5716","true","2026-04-25T20:40:00.000-04:00","Free Throws Made","11","FTM","pre_game",,,"2026-04-24T12:26:10.268-04:00"
,"DEN","FEC524","Denver","Nuggets","2026-04-07T00:30:00.000-04:00",,"MIN","Full",,"team",,,"false","2026-04-25T20:30:00.000-04:00","scheduled","MIN","236192","Minnesota","Timberwolves",,"false","false","true","false","NBA","7","2.5","standard","false","37691","https://static.prizepicks.com/images/players/NBA/Aaron_Gordon_NBA_player_QSzag3QlHwJu93obuTGlac0G.webp","32","Denver","Aaron Gordon","F","DEN","Nuggets","11650658","Single Stat","Single Stat","5717","true","2026-04-25T20:40:00.000-04:00","Personal Fouls","30","Personal Fouls","pre_game",,,"2026-04-24T12:26:10.533-04:00"
,"DEN","FEC524","Denver","Nuggets","2026-04-24T07:22:37.276-04:00",,"DEN","Full",,"team",,,"false","2026-04-25T20:30:00.000-04:00","scheduled","MIN","236192","Minnesota","Timberwolves",,"false","false","true","false","NBA","7","2.5","standard","false","188017","https://static.prizepicks.com/images/players/NBA/Anthony_Edwards_NBA_player_rhlEP3GCAg5LDJD8uChjFU81.webp","5","Minnesota","Anthony Edwards","G","MIN","Timberwolves","11650669","Single Stat","Single Stat","5719","true","2026-04-25T20:40:00.000-04:00","Turnovers","33","Turnovers","pre_game",,,"2026-04-24T13:02:30.574-04:00"
,"DEN","FEC524","Denver","Nuggets","2026-04-07T00:30:00.000-04:00",,"MIN","Full",,"team",,,"false","2026-04-25T20:30:00.000-04:00","scheduled","MIN","236192","Minnesota","Timberwolves",,"false","false","true","false","NBA","7","2.5","standard","false","269528","https://static.prizepicks.com/images/players/NBA/Cameron_Johnson_NBA_player_zU7CyKjhTkwnAG8Hkfwls0w7.webp","23","Denver","Cameron Johnson","F","DEN","Nuggets","11650680","Single Stat","Single Stat","5720","true","2026-04-25T20:40:00.000-04:00","Personal Fouls","30","Personal Fouls","pre_game",,,"2026-04-24T12:26:10.442-04:00"
,"DEN","FEC524","Denver","Nuggets","2026-04-07T00:30:00.000-04:00",,"MIN","Full",,"team",,,"false","2026-04-25T20:30:00.000-04:00","scheduled","MIN","236192","Minnesota","Timberwolves",,"false","false","true","false","NBA","7","2.5","standard","false","79885","https://static.prizepicks.com/images/players/NBA/Christian_Braun_NBA_player_3owiug7kdOVCm4MIKVE8lxi.webp","0","Denver","Christian Braun","G","DEN","Nuggets","11650701","Single Stat","Single Stat","5722","true","2026-04-25T20:40:00.000-04:00","Personal Fouls","30","Personal Fouls","pre_game",,,"2026-04-24T12:26:10.485-04:00"
,"DEN","FEC524","Denver","Nuggets","2026-04-24T07:22:57.758-04:00",,"DEN","Full",,"team",,,"false","2026-04-25T20:30:00.000-04:00","scheduled","MIN","236192","Minnesota","Timberwolves",,"false","false","true","false","NBA","7","2.5","standard","false","87384","https://static.prizepicks.com/images/players/NBA/Rudy_Gobert_NBA_player_2ozGrrcD59T4wVpCbCelKQUm.webp","27","Minnesota","Rudy Gobert","C","MIN","Timberwolves","11650873","Single Stat","Single Stat","5734","true","2026-04-25T20:40:00.000-04:00","Blks+Stls","31","Blks+Stls","pre_game",,,"2026-04-24T07:47:06.808-04:00"
,"DEN","FEC524","Denver","Nuggets","2026-04-24T12:52:39.520-04:00",,"MIN","Full",,"team",,,"false","2026-04-25T20:30:00.000-04:00","scheduled","MIN","236192","Minnesota","Timberwolves",,"false","false","true","false","NBA","7","2.5","standard","false","1290","https://static.prizepicks.com/images/players/NBA/Jamal_Murray_NBA_player_jO0OhvKBMofXWckawdau7boV.webp","27","Denver","Jamal Murray","G","DEN","Nuggets","11654517","Single Stat","Single Stat","5736","true","2026-04-25T20:40:00.000-04:00","Turnovers","33","Turnovers","pre_game",,,"2026-04-24T12:50:39.584-04:00"
"true","DEN","FEC524","Denver","Nuggets","2026-04-23T20:40:00.000-04:00",,"MIN","Full",,"team",,,"false","2026-04-25T20:30:00.000-04:00","scheduled","MIN","236192","Minnesota","Timberwolves",,"false","false","true","false","NBA","7","1.5","standard","false","269528","https://static.prizepicks.com/images/players/NBA/Cameron_Johnson_NBA_player_zU7CyKjhTkwnAG8Hkfwls0w7.webp","23","Denver","Cameron Johnson","F","DEN","Nuggets","11642382","Single Stat","Single Stat","5743","true","2026-04-25T20:40:00.000-04:00","3-PT Made","4","3PTM","pre_game",,,"2026-04-24T11:02:13.980-04:00"
,"DEN","FEC524","Denver","Nuggets","2026-04-06T00:30:00.000-04:00",,"MIN","Full",,"team",,,"false","2026-04-25T20:30:00.000-04:00","scheduled","MIN","236192","Minnesota","Timberwolves",,"false","false","true","false","NBA","7","1.5","standard","false","269528","https://static.prizepicks.com/images/players/NBA/Cameron_Johnson_NBA_player_zU7CyKjhTkwnAG8Hkfwls0w7.webp","23","Denver","Cameron Johnson","F","DEN","Nuggets","11650678","Single Stat","Single Stat","5772","true","2026-04-25T20:40:00.000-04:00","Free Throws Made","11","FTM","pre_game",,,"2026-04-24T13:15:29.187-04:00"
,"DEN","FEC524","Denver","Nuggets","2026-04-24T07:22:45.588-04:00",,"DEN","Full",,"team",,,"false","2026-04-25T20:30:00.000-04:00","scheduled","MIN","236192","Minnesota","Timberwolves",,"false","false","true","false","NBA","7","1.5","standard","false","25445","https://static.prizepicks.com/images/players/NBA/Jaden_McDaniels_NBA_player_5g61PFxozCBSlBXJV6b3TEWs.webp","3","Minnesota","Jaden McDaniels","F","MIN","Timberwolves","11650757","Single Stat","Single Stat","5780","true","2026-04-25T20:40:00.000-04:00","Turnovers","33","Turnovers","pre_game",,,"2026-04-24T12:46:27.196-04:00"
,"DEN","FEC524","Denver","Nuggets","2026-04-24T07:22:50.961-04:00",,"DEN","Full",,"team",,,"false","2026-04-25T20:30:00.000-04:00","scheduled","MIN","236192","Minnesota","Timberwolves",,"false","false","true","false","NBA","7","1.5","standard","false","10787","https://static.prizepicks.com/images/players/NBA/Naz_Reid_NBA_player_aXWF5rxMP0McOCw8Jq9XpFvp.webp","11","Minnesota","Naz Reid","C-F","MIN","Timberwolves","11650823","Single Stat","Single Stat","5784","true","2026-04-25T20:40:00.000-04:00","Assists","5","Assists","pre_game",,,"2026-04-24T13:23:23.168-04:00"
,"DEN","FEC524","Denver","Nuggets","2026-04-13T20:40:00.000-04:00",,"DEN","Full",,"team",,,"false","2026-04-25T20:30:00.000-04:00","scheduled","MIN","236192","Minnesota","Timberwolves",,"false","false","true","false","NBA","7","1.5","standard","false","10787","https://static.prizepicks.com/images/players/NBA/Naz_Reid_NBA_player_aXWF5rxMP0McOCw8Jq9XpFvp.webp","11","Minnesota","Naz Reid","C-F","MIN","Timberwolves","11650829","Single Stat","Single Stat","5785","true","2026-04-25T20:40:00.000-04:00","Free Throws Attempted","30","FTA","pre_game",,,"2026-04-24T13:36:02.840-04:00"
,"DEN","FEC524","Denver","Nuggets","2026-04-12T07:22:00.000-04:00",,"DEN","Full",,"team",,,"false","2026-04-25T20:30:00.000-04:00","scheduled","MIN","236192","Minnesota","Timberwolves",,"false","false","true","false","NBA","7","1.5","standard","false","87384","https://static.prizepicks.com/images/players/NBA/Rudy_Gobert_NBA_player_2ozGrrcD59T4wVpCbCelKQUm.webp","27","Minnesota","Rudy Gobert","C","MIN","Timberwolves","11650876","Single Stat","Single Stat","5788","true","2026-04-25T20:40:00.000-04:00","Free Throws Made","11","FTM","pre_game",,,"2026-04-24T13:52:06.231-04:00"
,"DEN","FEC524","Denver","Nuggets","2026-04-24T00:30:18.688-04:00",,"MIN","Full",,"team",,,"false","2026-04-25T20:30:00.000-04:00","scheduled","MIN","236192","Minnesota","Timberwolves",,"false","false","true","false","NBA","7","0.5","standard","false","37691","https://static.prizepicks.com/images/players/NBA/Aaron_Gordon_NBA_player_QSzag3QlHwJu93obuTGlac0G.webp","32","Denver","Aaron Gordon","F","DEN","Nuggets","11642316","Single Stat","Single Stat","5797","true","2026-04-25T20:40:00.000-04:00","Steals","24","Steals","pre_game",,,"2026-04-24T00:54:46.855-04:00"
"true","DEN","FEC524","Denver","Nuggets","2026-04-24T00:31:07.435-04:00",,"MIN","Full",,"team",,,"false","2026-04-25T20:30:00.000-04:00","scheduled","MIN","236192","Minnesota","Timberwolves",,"false","false","true","false","NBA","7","0.5","standard","false","188013","https://static.prizepicks.com/images/players/NBA/Nikola_Jokic_NBA_player_xVgew6XmrKZQoCN3n0XxzKv5.webp","15","Denver","Nikola Jokić","C","DEN","Nuggets","11642614","Single Stat","Single Stat","5818","true","2026-04-25T20:40:00.000-04:00","Triple-Double","19","Triple-Double","pre_game",,,"2026-04-24T10:15:22.854-04:00"
,"DEN","FEC524","Denver","Nuggets","2026-04-24T12:52:40.826-04:00",,"DEN","Full",,"team",,,"false","2026-04-25T20:30:00.000-04:00","scheduled","MIN","236192","Minnesota","Timberwolves",,"false","false","true","false","NBA","7","0.5","standard","false","10787","https://static.prizepicks.com/images/players/NBA/Naz_Reid_NBA_player_aXWF5rxMP0McOCw8Jq9XpFvp.webp","11","Minnesota","Naz Reid","C-F","MIN","Timberwolves","11654521","Single Stat","Single Stat","5833","true","2026-04-25T20:40:00.000-04:00","Blocked Shots","23","Blocked Shots","pre_game",,,"2026-04-24T12:57:09.536-04:00"
,"DEN","FEC524","Denver","Nuggets","2026-04-24T12:52:41.535-04:00",,"DEN","Full",,"team",,,"false","2026-04-25T20:30:00.000-04:00","scheduled","MIN","236192","Minnesota","Timberwolves",,"false","false","true","false","NBA","7","0.5","standard","false","10787","https://static.prizepicks.com/images/players/NBA/Naz_Reid_NBA_player_aXWF5rxMP0McOCw8Jq9XpFvp.webp","11","Minnesota","Naz Reid","C-F","MIN","Timberwolves","11654524","Single Stat","Single Stat","5834","true","2026-04-25T20:40:00.000-04:00","Steals","24","Steals","pre_game",,,"2026-04-24T13:41:15.750-04:00"
,"DEN","FEC524","Denver","Nuggets","2026-04-24T13:51:59.342-04:00",,"DEN","Full",,"team",,,"false","2026-04-25T20:30:00.000-04:00","scheduled","MIN","236192","Minnesota","Timberwolves",,"false","false","true","false","NBA","7","0.5","standard","false","299532","https://static.prizepicks.com/images/manual/Ayo DosunmuMIN.png","13","Minnesota","Ayo Dosunmu","G","MIN","Timberwolves","11655320","Single Stat","Single Stat","5836","true","2026-04-25T20:40:00.000-04:00","Steals","24","Steals","pre_game",,,"2026-04-24T13:49:59.427-04:00"
"false","CLE","FDBB30","Cleveland","Cavaliers","2026-04-24T00:40:00.000-04:00",,"CLE/TOR","Full",,"combo",,,"false","2026-04-26T13:00:00.000-04:00","scheduled","TOR","CE1141","Toronto","Raptors",,"false","false","true","false","NBA","7","47.5","standard","true","314792","https://static.prizepicks.com/images/players/CMBO_group_d0RLIDzDDhAnmpouWIu2zb6Y.webp","9 + 45",,"RJ Barrett + Donovan Mitchell","F-G","TOR/CLE","Raptors/Cavaliers","11642718","Single Stat","Single Stat","5838","true","2026-04-26T13:10:00.000-04:00","Points (Combo)","19","Points","pre_game",,,"2026-04-24T00:43:06.938-04:00"
"false","CLE","FDBB30","Cleveland","Cavaliers","2026-04-24T00:40:00.000-04:00",,"CLE/TOR","Full",,"combo",,,"false","2026-04-26T13:00:00.000-04:00","scheduled","TOR","CE1141","Toronto","Raptors",,"false","false","true","false","NBA","7","47.5","standard","true","314790","https://static.prizepicks.com/images/players/CMBO_group_mV9adTMkSX1EvHdwwwmMSyUZ.webp","3 + 45",,"Brandon Ingram + Donovan Mitchell","F","TOR/CLE","Raptors/Cavaliers","11642726","Single Stat","Single Stat","5839","true","2026-04-26T13:10:00.000-04:00","Points (Combo)","19","Points","pre_game",,,"2026-04-24T01:44:41.367-04:00"
"false","CLE","FDBB30","Cleveland","Cavaliers","2026-04-24T00:40:00.000-04:00",,"CLE/TOR","Full",,"combo",,,"false","2026-04-26T13:00:00.000-04:00","scheduled","TOR","CE1141","Toronto","Raptors",,"false","false","true","false","NBA","7","46.5","standard","true","314789","https://static.prizepicks.com/images/players/CMBO_group_vq65U7LGesRzNmXtSpVtpo38.webp","4 + 45",,"Scottie Barnes + Donovan Mitchell","F-G","TOR/CLE","Raptors/Cavaliers","11642759","Single Stat","Single Stat","5840","true","2026-04-26T13:10:00.000-04:00","Points (Combo)","19","Points","pre_game",,,"2026-04-24T01:23:35.886-04:00"
"false","CLE","FDBB30","Cleveland","Cavaliers","2026-04-24T00:40:00.000-04:00",,"CLE/TOR","Full",,"combo",,,"false","2026-04-26T13:00:00.000-04:00","scheduled","TOR","CE1141","Toronto","Raptors",,"false","false","true","false","NBA","7","40.5","standard","true","314784","https://static.prizepicks.com/images/players/CMBO_group_OXLo6zs3cX7C4JU9KrdPhgkz.webp","3 + 1",,"Brandon Ingram + James Harden","F","TOR/CLE","Raptors/Cavaliers","11642717","Single Stat","Single Stat","5844","true","2026-04-26T13:10:00.000-04:00","Points (Combo)","19","Points","pre_game",,,"2026-04-24T01:23:35.874-04:00"
"false","CLE","FDBB30","Cleveland","Cavaliers","2026-04-24T00:40:00.000-04:00",,"CLE/TOR","Full",,"combo",,,"false","2026-04-26T13:00:00.000-04:00","scheduled","TOR","CE1141","Toronto","Raptors",,"false","false","true","false","NBA","7","40.5","standard","true","314783","https://static.prizepicks.com/images/players/CMBO_group_DClpStjYvntNJanhKHICd4tW.webp","9 + 1",,"RJ Barrett + James Harden","F-G","TOR/CLE","Raptors/Cavaliers","11642757","Single Stat","Single Stat","5845","true","2026-04-26T13:10:00.000-04:00","Points (Combo)","19","Points","pre_game",,,"2026-04-24T00:43:06.938-04:00"
"false","CLE","FDBB30","Cleveland","Cavaliers","2026-04-24T00:40:00.000-04:00",,"CLE/TOR","Full",,"combo",,,"false","2026-04-26T13:00:00.000-04:00","scheduled","TOR","CE1141","Toronto","Raptors",,"false","false","true","false","NBA","7","39.5","standard","true","314780","https://static.prizepicks.com/images/players/CMBO_group_1TN5dRDDicThfQBjimYMf7bt.webp","4 + 1",,"Scottie Barnes + James Harden","F-G","TOR/CLE","Raptors/Cavaliers","11642706","Single Stat","Single Stat","5855","true","2026-04-26T13:10:00.000-04:00","Points (Combo)","19","Points","pre_game",,,"2026-04-24T09:44:36.281-04:00"
"false","CLE","FDBB30","Cleveland","Cavaliers","2026-04-24T00:40:00.000-04:00",,"CLE/TOR","Full",,"combo",,,"false","2026-04-26T13:00:00.000-04:00","scheduled","TOR","CE1141","Toronto","Raptors",,"false","false","true","false","NBA","7","37.5","standard","true","314782","https://static.prizepicks.com/images/players/CMBO_group_k5h9nqYMUcok7qLHtAxOHYQ7.webp","9 + 4",,"RJ Barrett + Evan Mobley","F-G","TOR/CLE","Raptors/Cavaliers","11642708","Single Stat","Single Stat","5856","true","2026-04-26T13:10:00.000-04:00","Points (Combo)","19","Points","pre_game",,,"2026-04-24T09:38:11.641-04:00"
"false","CLE","FDBB30","Cleveland","Cavaliers","2026-04-24T00:40:00.000-04:00",,"CLE/TOR","Full",,"combo",,,"false","2026-04-26T13:00:00.000-04:00","scheduled","TOR","CE1141","Toronto","Raptors",,"false","false","true","false","NBA","7","37.5","standard","true","314781","https://static.prizepicks.com/images/players/CMBO_group_GS5mnHZB98fOQWWZ8htXVmVu.webp","3 + 4",,"Brandon Ingram + Evan Mobley","F","TOR/CLE","Raptors/Cavaliers","11642756","Single Stat","Single Stat","5857","true","2026-04-26T13:10:00.000-04:00","Points (Combo)","19","Points","pre_game",,,"2026-04-24T00:43:06.938-04:00"
,"CLE","FDBB30","Cleveland","Cavaliers","2026-04-23T22:58:12.867-04:00",,"TOR","Full",,"team",,,"false","2026-04-26T13:00:00.000-04:00","scheduled","TOR","CE1141","Toronto","Raptors",,"false","false","true","false","NBA","7","35.5","standard","false","188006","https://static.prizepicks.com/images/players/NBA/Donovan_Mitchell_NBA_player_0rXe2XnXarwUqJPvhfPBDUy2.webp","45","Cleveland","Donovan Mitchell","G","CLE","Cavaliers","11640256","Single Stat","Single Stat","5859","true","2026-04-26T13:10:00.000-04:00","Pts+Rebs+Asts","1","PRA","pre_game",,,"2026-04-24T02:56:10.627-04:00"
,"CLE","FDBB30","Cleveland","Cavaliers","2026-04-23T22:58:25.488-04:00",,"CLE","Full",,"team",,,"false","2026-04-26T13:00:00.000-04:00","scheduled","TOR","CE1141","Toronto","Raptors",,"false","false","true","false","NBA","7","34","standard","false","188002","https://static.prizepicks.com/images/players/NBA/Scottie_Barnes_NBA_player_CA6jRIM1PBTqp5mxIeLVkhys.webp","4","Toronto","Scottie Barnes","F-G","TOR","Raptors","11640326","Single Stat","Single Stat","5877","true","2026-04-26T13:10:00.000-04:00","Pts+Rebs+Asts","1","PRA","pre_game",,,"2026-04-24T13:23:30.448-04:00"
,"CLE","FDBB30","Cleveland","Cavaliers","2026-04-23T22:58:12.408-04:00",,"TOR","Full",,"team",,,"false","2026-04-26T13:00:00.000-04:00","scheduled","TOR","CE1141","Toronto","Raptors",,"false","false","true","false","NBA","7","31.5","standard","false","188006","https://static.prizepicks.com/images/players/NBA/Donovan_Mitchell_NBA_player_0rXe2XnXarwUqJPvhfPBDUy2.webp","45","Cleveland","Donovan Mitchell","G","CLE","Cavaliers","11640254","Single Stat","Single Stat","5878","true","2026-04-26T13:10:00.000-04:00","Pts+Asts","10","Pts+Asts","pre_game",,,"2026-04-24T13:51:46.832-04:00"
,"CLE","FDBB30","Cleveland","Cavaliers","2026-04-23T22:58:12.633-04:00",,"TOR","Full",,"team",,,"false","2026-04-26T13:00:00.000-04:00","scheduled","TOR","CE1141","Toronto","Raptors",,"false","false","true","false","NBA","7","31","standard","false","188006","https://static.prizepicks.com/images/players/NBA/Donovan_Mitchell_NBA_player_0rXe2XnXarwUqJPvhfPBDUy2.webp","45","Cleveland","Donovan Mitchell","G","CLE","Cavaliers","11640255","Single Stat","Single Stat","5884","true","2026-04-26T13:10:00.000-04:00","Pts+Rebs","18","Pts+Rebs","pre_game",,,"2026-04-24T11:07:00.833-04:00"
,"CLE","FDBB30","Cleveland","Cavaliers","2026-04-23T22:58:18.626-04:00",,"TOR","Full",,"team",,,"false","2026-04-26T13:00:00.000-04:00","scheduled","TOR","CE1141","Toronto","Raptors",,"false","false","true","false","NBA","7","30.5","standard","false","299373","https://static.prizepicks.com/images/manual/James Harden CLE.png","1","Cleveland","James Harden","G","CLE","Cavaliers","11640287","Single Stat","Single Stat","5885","true","2026-04-26T13:10:00.000-04:00","Pts+Rebs+Asts","1","PRA","pre_game",,,"2026-04-23T23:43:37.632-04:00"
,"CLE","FDBB30","Cleveland","Cavaliers","2026-04-23T22:58:09.894-04:00",,"CLE","Full",,"team",,,"false","2026-04-26T13:00:00.000-04:00","scheduled","TOR","CE1141","Toronto","Raptors",,"false","false","true","false","NBA","7","29.5","standard","false","269517","https://static.prizepicks.com/images/manual/Brandon_Ingramm.png","3","Toronto","Brandon Ingram","F","TOR","Raptors","11640240","Single Stat","Single Stat","5888","true","2026-04-26T13:10:00.000-04:00","Pts+Rebs+Asts","1","PRA","pre_game",,,"2026-04-23T23:01:35.459-04:00"
,"CLE","FDBB30","Cleveland","Cavaliers","2026-04-23T22:58:22.475-04:00",,"CLE","Full",,"team",,,"false","2026-04-26T13:00:00.000-04:00","scheduled","TOR","CE1141","Toronto","Raptors",,"false","false","true","false","NBA","7","29.5","standard","false","183185","https://static.prizepicks.com/images/players/NBA/R.J._Barrett_NBA_player_Xqi7opqaKQcXtcUIWPhwOB6j.webp","9","Toronto","RJ Barrett","F-G","TOR","Raptors","11640308","Single Stat","Single Stat","5891","true","2026-04-26T13:10:00.000-04:00","Pts+Rebs+Asts","1","PRA","pre_game",,,"2026-04-23T23:36:41.764-04:00"
,"CLE","FDBB30","Cleveland","Cavaliers","2026-04-23T22:58:15.589-04:00",,"TOR","Full",,"team",,,"false","2026-04-26T13:00:00.000-04:00","scheduled","TOR","CE1141","Toronto","Raptors",,"false","false","true","false","NBA","7","29","standard","false","53979","https://static.prizepicks.com/images/players/NBA/Evan_Mobley_NBA_player_V3d2qMMdbw05huQpocNNRwVe.webp","4","Cleveland","Evan Mobley","C","CLE","Cavaliers","11640270","Single Stat","Single Stat","5909","true","2026-04-26T13:10:00.000-04:00","Pts+Rebs+Asts","1","PRA","pre_game",,,"2026-04-23T23:53:25.172-04:00"
,"CLE","FDBB30","Cleveland","Cavaliers","2026-04-23T22:58:25.295-04:00",,"CLE","Full",,"team",,,"false","2026-04-26T13:00:00.000-04:00","scheduled","TOR","CE1141","Toronto","Raptors",,"false","false","true","false","NBA","7","27.5","standard","false","188002","https://static.prizepicks.com/images/players/NBA/Scottie_Barnes_NBA_player_CA6jRIM1PBTqp5mxIeLVkhys.webp","4","Toronto","Scottie Barnes","F-G","TOR","Raptors","11640325","Single Stat","Single Stat","5911","true","2026-04-26T13:10:00.000-04:00","Pts+Rebs","18","Pts+Rebs","pre_game",,,"2026-04-24T12:33:26.813-04:00"
,"CLE","FDBB30","Cleveland","Cavaliers","2026-04-23T22:58:11.819-04:00",,"TOR","Full",,"team",,,"false","2026-04-26T13:00:00.000-04:00","scheduled","TOR","CE1141","Toronto","Raptors",,"false","false","true","false","NBA","7","26.5","standard","false","188006","https://static.prizepicks.com/images/players/NBA/Donovan_Mitchell_NBA_player_0rXe2XnXarwUqJPvhfPBDUy2.webp","45","Cleveland","Donovan Mitchell","G","CLE","Cavaliers","11640251","Single Stat","Single Stat","5914","true","2026-04-26T13:10:00.000-04:00","Points","0","Points","pre_game",,,"2026-04-24T02:56:25.865-04:00"
,"CLE","FDBB30","Cleveland","Cavaliers","2026-04-23T22:58:18.163-04:00",,"TOR","Full",,"team",,,"false","2026-04-26T13:00:00.000-04:00","scheduled","TOR","CE1141","Toronto","Raptors",,"false","false","true","false","NBA","7","26.5","standard","false","299373","https://static.prizepicks.com/images/manual/James Harden CLE.png","1","Cleveland","James Harden","G","CLE","Cavaliers","11640285","Single Stat","Single Stat","5915","true","2026-04-26T13:10:00.000-04:00","Pts+Asts","10","Pts+Asts","pre_game",,,"2026-04-24T00:40:38.159-04:00"
,"CLE","FDBB30","Cleveland","Cavaliers","2026-04-23T22:58:25.108-04:00",,"CLE","Full",,"team",,,"false","2026-04-26T13:00:00.000-04:00","scheduled","TOR","CE1141","Toronto","Raptors",,"false","false","true","false","NBA","7","26.5","standard","false","188002","https://static.prizepicks.com/images/players/NBA/Scottie_Barnes_NBA_player_CA6jRIM1PBTqp5mxIeLVkhys.webp","4","Toronto","Scottie Barnes","F-G","TOR","Raptors","11640324","Single Stat","Single Stat","5916","true","2026-04-26T13:10:00.000-04:00","Pts+Asts","10","Pts+Asts","pre_game",,,"2026-04-23T23:39:41.878-04:00"
,"CLE","FDBB30","Cleveland","Cavaliers","2026-04-23T22:58:09.667-04:00",,"CLE","Full",,"team",,,"false","2026-04-26T13:00:00.000-04:00","scheduled","TOR","CE1141","Toronto","Raptors",,"false","false","true","false","NBA","7","25.5","standard","false","269517","https://static.prizepicks.com/images/manual/Brandon_Ingramm.png","3","Toronto","Brandon Ingram","F","TOR","Raptors","11640239","Single Stat","Single Stat","5919","true","2026-04-26T13:10:00.000-04:00","Pts+Rebs","18","Pts+Rebs","pre_game",,,"2026-04-23T23:28:27.287-04:00"
,"CLE","FDBB30","Cleveland","Cavaliers","2026-04-23T22:58:15.361-04:00",,"TOR","Full",,"team",,,"false","2026-04-26T13:00:00.000-04:00","scheduled","TOR","CE1141","Toronto","Raptors",,"false","false","true","false","NBA","7","25.5","standard","false","53979","https://static.prizepicks.com/images/players/NBA/Evan_Mobley_NBA_player_V3d2qMMdbw05huQpocNNRwVe.webp","4","Cleveland","Evan Mobley","C","CLE","Cavaliers","11640269","Single Stat","Single Stat","5920","true","2026-04-26T13:10:00.000-04:00","Pts+Rebs","18","Pts+Rebs","pre_game",,,"2026-04-23T23:21:16.000-04:00"
,"CLE","FDBB30","Cleveland","Cavaliers","2026-04-23T22:58:22.254-04:00",,"CLE","Full",,"team",,,"false","2026-04-26T13:00:00.000-04:00","scheduled","TOR","CE1141","Toronto","Raptors",,"false","false","true","false","NBA","7","25.5","standard","false","183185","https://static.prizepicks.com/images/players/NBA/R.J._Barrett_NBA_player_Xqi7opqaKQcXtcUIWPhwOB6j.webp","9","Toronto","RJ Barrett","F-G","TOR","Raptors","11640307","Single Stat","Single Stat","5921","true","2026-04-26T13:10:00.000-04:00","Pts+Rebs","18","Pts+Rebs","pre_game",,,"2026-04-24T07:57:38.301-04:00"
,"CLE","FDBB30","Cleveland","Cavaliers","2026-04-23T22:58:18.386-04:00",,"TOR","Full",,"team",,,"false","2026-04-26T13:00:00.000-04:00","scheduled","TOR","CE1141","Toronto","Raptors",,"false","false","true","false","NBA","7","24","standard","false","299373","https://static.prizepicks.com/images/manual/James Harden CLE.png","1","Cleveland","James Harden","G","CLE","Cavaliers","11640286","Single Stat","Single Stat","5951","true","2026-04-26T13:10:00.000-04:00","Pts+Rebs","18","Pts+Rebs","pre_game",,,"2026-04-24T02:31:59.413-04:00"
,"CLE","FDBB30","Cleveland","Cavaliers","2026-04-23T23:20:41.857-04:00",,"CLE","Full",,"team",,,"false","2026-04-26T13:00:00.000-04:00","scheduled","TOR","CE1141","Toronto","Raptors",,"false","false","true","false","NBA","7","23.5","standard","false","269517","https://static.prizepicks.com/images/manual/Brandon_Ingramm.png","3","Toronto","Brandon Ingram","F","TOR","Raptors","11640492","Single Stat","Single Stat","5952","true","2026-04-26T13:10:00.000-04:00","Pts+Asts","10","Pts+Asts","pre_game",,,"2026-04-24T05:59:50.523-04:00"
,"CLE","FDBB30","Cleveland","Cavaliers","2026-04-23T23:20:43.902-04:00",,"CLE","Full",,"team",,,"false","2026-04-26T13:00:00.000-04:00","scheduled","TOR","CE1141","Toronto","Raptors",,"false","false","true","false","NBA","7","23.5","standard","false","183185","https://static.prizepicks.com/images/players/NBA/R.J._Barrett_NBA_player_Xqi7opqaKQcXtcUIWPhwOB6j.webp","9","Toronto","RJ Barrett","F-G","TOR","Raptors","11640498","Single Stat","Single Stat","5953","true","2026-04-26T13:10:00.000-04:00","Pts+Asts","10","Pts+Asts","pre_game",,,"2026-04-24T06:08:17.789-04:00"
,"CLE","FDBB30","Cleveland","Cavaliers","2026-04-24T03:20:54.751-04:00",,"TOR","Full",,"team",,,"false","2026-04-26T13:00:00.000-04:00","scheduled","TOR","CE1141","Toronto","Raptors",,"false","false","true","false","NBA","7","21.5","standard","false","26792","https://static.prizepicks.com/images/players/NBA/Jarrett_Allen_NBA_player_IBSK04adajN6nXaTEpotn53R.webp","31","Cleveland","Jarrett Allen","C","CLE","Cavaliers","11645111","Single Stat","Single Stat","5970","true","2026-04-26T13:10:00.000-04:00","Pts+Rebs+Asts","1","PRA","pre_game",,,"2026-04-24T07:04:38.775-04:00"
,"CLE","FDBB30","Cleveland","Cavaliers","2026-04-23T22:58:20.279-04:00",,"TOR","Full",,"team",,,"false","2026-04-26T13:00:00.000-04:00","scheduled","TOR","CE1141","Toronto","Raptors",,"false","false","true","false","NBA","7","21","standard","false","26792","https://static.prizepicks.com/images/players/NBA/Jarrett_Allen_NBA_player_IBSK04adajN6nXaTEpotn53R.webp","31","Cleveland","Jarrett Allen","C","CLE","Cavaliers","11640296","Single Stat","Single Stat","5972","true","2026-04-26T13:10:00.000-04:00","Pts+Rebs","18","Pts+Rebs","pre_game",,,"2026-04-23T23:53:14.447-04:00"
,"CLE","FDBB30","Cleveland","Cavaliers","2026-04-23T22:58:09.029-04:00",,"CLE","Full",,"team",,,"false","2026-04-26T13:00:00.000-04:00","scheduled","TOR","CE1141","Toronto","Raptors",,"false","false","true","false","NBA","7","20.5","standard","false","269517","https://static.prizepicks.com/images/manual/Brandon_Ingramm.png","3","Toronto","Brandon Ingram","F","TOR","Raptors","11640236","Single Stat","Single Stat","5973","true","2026-04-26T13:10:00.000-04:00","Points","0","Points","pre_game",,,"2026-04-23T23:03:29.032-04:00"
,"CLE","FDBB30","Cleveland","Cavaliers","2026-04-23T22:58:15.142-04:00",,"TOR","Full",,"team",,,"false","2026-04-26T13:00:00.000-04:00","scheduled","TOR","CE1141","Toronto","Raptors",,"false","false","true","false","NBA","7","20.5","standard","false","53979","https://static.prizepicks.com/images/players/NBA/Evan_Mobley_NBA_player_V3d2qMMdbw05huQpocNNRwVe.webp","4","Cleveland","Evan Mobley","C","CLE","Cavaliers","11640268","Single Stat","Single Stat","5974","true","2026-04-26T13:10:00.000-04:00","Pts+Asts","10","Pts+Asts","pre_game",,,"2026-04-23T23:21:24.764-04:00"
,"CLE","FDBB30","Cleveland","Cavaliers","2026-04-23T22:58:21.634-04:00",,"CLE","Full",,"team",,,"false","2026-04-26T13:00:00.000-04:00","scheduled","TOR","CE1141","Toronto","Raptors",,"false","false","true","false","NBA","7","20.5","standard","false","183185","https://static.prizepicks.com/images/players/NBA/R.J._Barrett_NBA_player_Xqi7opqaKQcXtcUIWPhwOB6j.webp","9","Toronto","RJ Barrett","F-G","TOR","Raptors","11640304","Single Stat","Single Stat","5975","true","2026-04-26T13:10:00.000-04:00","Points","0","Points","pre_game",,,"2026-04-23T23:01:26.666-04:00"
,"CLE","FDBB30","Cleveland","Cavaliers","2026-04-23T22:58:17.688-04:00",,"TOR","Full",,"team",,,"false","2026-04-26T13:00:00.000-04:00","scheduled","TOR","CE1141","Toronto","Raptors",,"false","false","true","false","NBA","7","19.5","standard","false","299373","https://static.prizepicks.com/images/manual/James Harden CLE.png","1","Cleveland","James Harden","G","CLE","Cavaliers","11640283","Single Stat","Single Stat","5979","true","2026-04-26T13:10:00.000-04:00","Points","0","Points","pre_game",,,"2026-04-23T23:04:01.059-04:00"
,"CLE","FDBB30","Cleveland","Cavaliers","2026-04-23T22:58:24.688-04:00",,"CLE","Full",,"team",,,"false","2026-04-26T13:00:00.000-04:00","scheduled","TOR","CE1141","Toronto","Raptors",,"false","false","true","false","NBA","7","19.5","standard","false","188002","https://static.prizepicks.com/images/players/NBA/Scottie_Barnes_NBA_player_CA6jRIM1PBTqp5mxIeLVkhys.webp","4","Toronto","Scottie Barnes","F-G","TOR","Raptors","11640322","Single Stat","Single Stat","5982","true","2026-04-26T13:10:00.000-04:00","Points","0","Points","pre_game",,,"2026-04-23T23:04:01.067-04:00"
,"CLE","FDBB30","Cleveland","Cavaliers","2026-04-23T22:58:14.567-04:00",,"TOR","Full",,"team",,,"false","2026-04-26T13:00:00.000-04:00","scheduled","TOR","CE1141","Toronto","Raptors",,"false","false","true","false","NBA","7","17.5","standard","false","53979","https://static.prizepicks.com/images/players/NBA/Evan_Mobley_NBA_player_V3d2qMMdbw05huQpocNNRwVe.webp","4","Cleveland","Evan Mobley","C","CLE","Cavaliers","11640265","Single Stat","Single Stat","6004","true","2026-04-26T13:10:00.000-04:00","Points","0","Points","pre_game",,,"2026-04-24T13:27:40.271-04:00"
,"CLE","FDBB30","Cleveland","Cavaliers","2026-04-24T02:28:28.215-04:00",,"CLE","Full",,"team",,,"false","2026-04-26T13:00:00.000-04:00","scheduled","TOR","CE1141","Toronto","Raptors",,"false","false","true","false","NBA","7","17.5","standard","false","274051","https://static.prizepicks.com/images/players/NBA/Collin_Murray-Boyles_NBA_player_5vDHYOLgMDjXl9RpPYPdWwoz.webp","12","Toronto","Collin Murray-Boyles","F","TOR","Raptors","11644301","Single Stat","Single Stat","6011","true","2026-04-26T13:10:00.000-04:00","Pts+Rebs","18","Pts+Rebs","pre_game",,,"2026-04-24T12:31:23.097-04:00"
,"CLE","FDBB30","Cleveland","Cavaliers","2026-04-24T02:28:34.147-04:00",,"CLE","Full",,"team",,,"false","2026-04-26T13:00:00.000-04:00","scheduled","TOR","CE1141","Toronto","Raptors",,"false","false","true","false","NBA","7","17.5","standard","false","183194","https://static.prizepicks.com/images/players/NBA/Immanuel_Quickley_NBA_player_2bcjDxyPSx8mw8a96yMcDl8k.webp","5","Toronto","Immanuel Quickley","G","TOR","Raptors","11644336","Single Stat","Single Stat","6012","true","2026-04-26T13:10:00.000-04:00","Pts+Rebs+Asts","1","PRA","pre_game",,,"2026-04-24T05:32:00.136-04:00"
,"CLE","FDBB30","Cleveland","Cavaliers","2026-04-24T01:41:59.664-04:00",,"TOR","Full",,"team",,,"false","2026-04-26T13:00:00.000-04:00","scheduled","TOR","CE1141","Toronto","Raptors",,"false","false","true","false","NBA","7","16.5","standard","false","173778","https://static.prizepicks.com/images/players/NBA/Max_Strus_NBA_player_1w4QyUAxm1OzfHDFdDAodyRe.webp","2","Cleveland","Max Strus","G-F","CLE","Cavaliers","11643672","Single Stat","Single Stat","6015","true","2026-04-26T13:10:00.000-04:00","Pts+Rebs+Asts","1","PRA","pre_game",,,"2026-04-24T01:50:47.086-04:00"
,"CLE","FDBB30","Cleveland","Cavaliers","2026-04-07T13:10:00.000-04:00",,"CLE","Full",,"team",,,"false","2026-04-26T13:00:00.000-04:00","scheduled","TOR","CE1141","Toronto","Raptors",,"false","false","true","false","NBA","7","15.5","standard","false","183185","https://static.prizepicks.com/images/players/NBA/R.J._Barrett_NBA_player_Xqi7opqaKQcXtcUIWPhwOB6j.webp","9","Toronto","RJ Barrett","F-G","TOR","Raptors","11643684","Single Stat","Single Stat","6019","true","2026-04-26T13:10:00.000-04:00","FG Attempted","12","FG Attempted","pre_game",,,"2026-04-24T13:01:08.447-04:00"
,"CLE","FDBB30","Cleveland","Cavaliers","2026-04-07T13:10:00.000-04:00",,"CLE","Full",,"team",,,"false","2026-04-26T13:00:00.000-04:00","scheduled","TOR","CE1141","Toronto","Raptors",,"false","false","true","false","NBA","7","15.5","standard","false","188002","https://static.prizepicks.com/images/players/NBA/Scottie_Barnes_NBA_player_CA6jRIM1PBTqp5mxIeLVkhys.webp","4","Toronto","Scottie Barnes","F-G","TOR","Raptors","11643711","Single Stat","Single Stat","6020","true","2026-04-26T13:10:00.000-04:00","FG Attempted","12","FG Attempted","pre_game",,,"2026-04-24T13:01:08.520-04:00"
,"CLE","FDBB30","Cleveland","Cavaliers","2026-04-24T01:41:47.589-04:00",,"CLE","Full",,"team",,,"false","2026-04-26T13:00:00.000-04:00","scheduled","TOR","CE1141","Toronto","Raptors",,"false","false","true","false","NBA","7","14.5","standard","false","183194","https://static.prizepicks.com/images/players/NBA/Immanuel_Quickley_NBA_player_2bcjDxyPSx8mw8a96yMcDl8k.webp","5","Toronto","Immanuel Quickley","G","TOR","Raptors","11643613","Single Stat","Single Stat","6034","true","2026-04-26T13:10:00.000-04:00","Pts+Asts","10","Pts+Asts","pre_game",,,"2026-04-24T10:41:19.268-04:00"
,"CLE","FDBB30","Cleveland","Cavaliers","2026-04-24T01:41:59.475-04:00",,"TOR","Full",,"team",,,"false","2026-04-26T13:00:00.000-04:00","scheduled","TOR","CE1141","Toronto","Raptors",,"false","false","true","false","NBA","7","14.5","standard","false","173778","https://static.prizepicks.com/images/players/NBA/Max_Strus_NBA_player_1w4QyUAxm1OzfHDFdDAodyRe.webp","2","Cleveland","Max Strus","G-F","CLE","Cavaliers","11643671","Single Stat","Single Stat","6035","true","2026-04-26T13:10:00.000-04:00","Pts+Rebs","18","Pts+Rebs","pre_game",,,"2026-04-24T01:39:59.540-04:00"
,"CLE","FDBB30","Cleveland","Cavaliers","2026-04-23T23:09:19.645-04:00",,"CLE","Full",,"team",,,"false","2026-04-26T13:00:00.000-04:00","scheduled","TOR","CE1141","Toronto","Raptors",,"false","false","true","false","NBA","7","13.5","standard","false","188002","https://static.prizepicks.com/images/players/NBA/Scottie_Barnes_NBA_player_CA6jRIM1PBTqp5mxIeLVkhys.webp","4","Toronto","Scottie Barnes","F-G","TOR","Raptors","11640455","Single Stat","Single Stat","6047","true","2026-04-26T13:10:00.000-04:00","Rebs+Asts","7","Rebs+Asts","pre_game",,,"2026-04-24T03:22:23.816-04:00"
"false","CLE","FDBB30","Cleveland","Cavaliers","2026-04-24T00:40:00.000-04:00",,"CLE/TOR","Full",,"combo",,,"false","2026-04-26T13:00:00.000-04:00","scheduled","TOR","CE1141","Toronto","Raptors",,"false","false","true","false","NBA","7","13.5","standard","true","314780","https://static.prizepicks.com/images/players/CMBO_group_1TN5dRDDicThfQBjimYMf7bt.webp","4 + 1",,"Scottie Barnes + James Harden","F-G","TOR/CLE","Raptors/Cavaliers","11642707","Single Stat","Single Stat","6048","true","2026-04-26T13:10:00.000-04:00","Assists (Combo)","10","Assists","pre_game",,,"2026-04-24T01:23:03.654-04:00"
,"CLE","FDBB30","Cleveland","Cavaliers","2026-04-24T01:41:47.776-04:00",,"CLE","Full",,"team",,,"false","2026-04-26T13:00:00.000-04:00","scheduled","TOR","CE1141","Toronto","Raptors",,"false","false","true","false","NBA","7","13.5","standard","false","183194","https://static.prizepicks.com/images/players/NBA/Immanuel_Quickley_NBA_player_2bcjDxyPSx8mw8a96yMcDl8k.webp","5","Toronto","Immanuel Quickley","G","TOR","Raptors","11643614","Single Stat","Single Stat","6049","true","2026-04-26T13:10:00.000-04:00","Pts+Rebs","18","Pts+Rebs","pre_game",,,"2026-04-24T01:39:47.841-04:00"
,"CLE","FDBB30","Cleveland","Cavaliers","2026-04-24T03:20:54.559-04:00",,"TOR","Full",,"team",,,"false","2026-04-26T13:00:00.000-04:00","scheduled","TOR","CE1141","Toronto","Raptors",,"false","false","true","false","NBA","7","13.5","standard","false","26792","https://static.prizepicks.com/images/players/NBA/Jarrett_Allen_NBA_player_IBSK04adajN6nXaTEpotn53R.webp","31","Cleveland","Jarrett Allen","C","CLE","Cavaliers","11645110","Single Stat","Single Stat","6053","true","2026-04-26T13:10:00.000-04:00","Pts+Asts","10","Pts+Asts","pre_game",,,"2026-04-24T12:27:33.848-04:00"
,"CLE","FDBB30","Cleveland","Cavaliers","2026-04-24T08:37:35.813-04:00",,"CLE","Full",,"team",,,"false","2026-04-26T13:00:00.000-04:00","scheduled","TOR","CE1141","Toronto","Raptors",,"false","false","true","false","NBA","7","13.5","standard","false","96540","https://static.prizepicks.com/images/players/NBA/Jakob_Poeltl_NBA_player_ju9rfJBLTXIDW3saYYyfg8xR.webp","19","Toronto","Jakob Poeltl","C","TOR","Raptors","11651616","Single Stat","Single Stat","6055","true","2026-04-26T13:10:00.000-04:00","Pts+Rebs+Asts","1","PRA","pre_game",,,"2026-04-24T08:35:35.875-04:00"
,"CLE","FDBB30","Cleveland","Cavaliers","2026-04-23T22:58:19.678-04:00",,"TOR","Full",,"team",,,"false","2026-04-26T13:00:00.000-04:00","scheduled","TOR","CE1141","Toronto","Raptors",,"false","false","true","false","NBA","7","12.5","standard","false","26792","https://static.prizepicks.com/images/players/NBA/Jarrett_Allen_NBA_player_IBSK04adajN6nXaTEpotn53R.webp","31","Cleveland","Jarrett Allen","C","CLE","Cavaliers","11640293","Single Stat","Single Stat","6057","true","2026-04-26T13:10:00.000-04:00","Points","0","Points","pre_game",,,"2026-04-23T23:16:52.382-04:00"
,"CLE","FDBB30","Cleveland","Cavaliers","2026-03-29T13:10:00.000-04:00",,"TOR","Full",,"team",,,"false","2026-04-26T13:00:00.000-04:00","scheduled","TOR","CE1141","Toronto","Raptors",,"false","false","true","false","NBA","7","12.5","standard","false","188006","https://static.prizepicks.com/images/players/NBA/Donovan_Mitchell_NBA_player_0rXe2XnXarwUqJPvhfPBDUy2.webp","45","Cleveland","Donovan Mitchell","G","CLE","Cavaliers","11643585","Single Stat","Single Stat","6058","true","2026-04-26T13:10:00.000-04:00","Two Pointers Attempted","1000","2-PT Att","pre_game",,,"2026-04-24T13:01:09.057-04:00"
,"CLE","FDBB30","Cleveland","Cavaliers","2026-03-01T13:10:00.000-05:00",,"TOR","Full",,"team",,,"false","2026-04-26T13:00:00.000-04:00","scheduled","TOR","CE1141","Toronto","Raptors",,"false","false","true","false","NBA","7","12.5","standard","false","53979","https://static.prizepicks.com/images/players/NBA/Evan_Mobley_NBA_player_V3d2qMMdbw05huQpocNNRwVe.webp","4","Cleveland","Evan Mobley","C","CLE","Cavaliers","11643589","Single Stat","Single Stat","6059","true","2026-04-26T13:10:00.000-04:00","FG Attempted","12","FG Attempted","pre_game",,,"2026-04-24T13:01:08.506-04:00"
,"CLE","FDBB30","Cleveland","Cavaliers","2026-04-24T01:41:59.286-04:00",,"TOR","Full",,"team",,,"false","2026-04-26T13:00:00.000-04:00","scheduled","TOR","CE1141","Toronto","Raptors",,"false","false","true","false","NBA","7","12.5","standard","false","173778","https://static.prizepicks.com/images/players/NBA/Max_Strus_NBA_player_1w4QyUAxm1OzfHDFdDAodyRe.webp","2","Cleveland","Max Strus","G-F","CLE","Cavaliers","11643670","Single Stat","Single Stat","6060","true","2026-04-26T13:10:00.000-04:00","Pts+Asts","10","Pts+Asts","pre_game",,,"2026-04-24T13:01:08.730-04:00"
,"CLE","FDBB30","Cleveland","Cavaliers","2026-04-24T01:41:50.795-04:00",,"CLE","Full",,"team",,,"false","2026-04-26T13:00:00.000-04:00","scheduled","TOR","CE1141","Toronto","Raptors",,"false","false","true","false","NBA","7","12","standard","false","96540","https://static.prizepicks.com/images/players/NBA/Jakob_Poeltl_NBA_player_ju9rfJBLTXIDW3saYYyfg8xR.webp","19","Toronto","Jakob Poeltl","C","TOR","Raptors","11643629","Single Stat","Single Stat","6067","true","2026-04-26T13:10:00.000-04:00","Pts+Rebs","18","Pts+Rebs","pre_game",,,"2026-04-24T08:55:09.773-04:00"
,"CLE","FDBB30","Cleveland","Cavaliers","2026-04-24T00:06:42.322-04:00",,"TOR","Full",,"team",,,"false","2026-04-26T13:00:00.000-04:00","scheduled","TOR","CE1141","Toronto","Raptors",,"false","false","true","false","NBA","7","11.5","standard","false","53979","https://static.prizepicks.com/images/players/NBA/Evan_Mobley_NBA_player_V3d2qMMdbw05huQpocNNRwVe.webp","4","Cleveland","Evan Mobley","C","CLE","Cavaliers","11641560","Single Stat","Single Stat","6073","true","2026-04-26T13:10:00.000-04:00","Rebs+Asts","7","Rebs+Asts","pre_game",,,"2026-04-24T00:13:04.066-04:00"
,"CLE","FDBB30","Cleveland","Cavaliers","2026-04-13T13:10:00.000-04:00",,"CLE","Full",,"team",,,"false","2026-04-26T13:00:00.000-04:00","scheduled","TOR","CE1141","Toronto","Raptors",,"false","false","true","false","NBA","7","11.5","standard","false","269517","https://static.prizepicks.com/images/manual/Brandon_Ingramm.png","3","Toronto","Brandon Ingram","F","TOR","Raptors","11643556","Single Stat","Single Stat","6077","true","2026-04-26T13:10:00.000-04:00","Two Pointers Attempted","1000","2-PT Att","pre_game",,,"2026-04-24T13:01:09.241-04:00"
,"CLE","FDBB30","Cleveland","Cavaliers","2026-04-13T13:10:00.000-04:00",,"CLE","Full",,"team",,,"false","2026-04-26T13:00:00.000-04:00","scheduled","TOR","CE1141","Toronto","Raptors",,"false","false","true","false","NBA","7","11.5","standard","false","188002","https://static.prizepicks.com/images/players/NBA/Scottie_Barnes_NBA_player_CA6jRIM1PBTqp5mxIeLVkhys.webp","4","Toronto","Scottie Barnes","F-G","TOR","Raptors","11643721","Single Stat","Single Stat","6078","true","2026-04-26T13:10:00.000-04:00","Two Pointers Attempted","1000","2-PT Att","pre_game",,,"2026-04-24T13:31:17.803-04:00"
"false","CLE","FDBB30","Cleveland","Cavaliers","2026-04-24T00:40:00.000-04:00",,"CLE/TOR","Full",,"combo",,,"false","2026-04-26T13:00:00.000-04:00","scheduled","TOR","CE1141","Toronto","Raptors",,"false","false","true","false","NBA","7","11","standard","true","314789","https://static.prizepicks.com/images/players/CMBO_group_vq65U7LGesRzNmXtSpVtpo38.webp","4 + 45",,"Scottie Barnes + Donovan Mitchell","F-G","TOR/CLE","Raptors/Cavaliers","11642760","Single Stat","Single Stat","6089","true","2026-04-26T13:10:00.000-04:00","Assists (Combo)","10","Assists","pre_game",,,"2026-04-24T00:43:06.938-04:00"
,"CLE","FDBB30","Cleveland","Cavaliers","2026-03-29T13:10:00.000-04:00",,"TOR","Full",,"team",,,"false","2026-04-26T13:00:00.000-04:00","scheduled","TOR","CE1141","Toronto","Raptors",,"false","false","true","false","NBA","7","10.5","standard","false","53979","https://static.prizepicks.com/images/players/NBA/Evan_Mobley_NBA_player_V3d2qMMdbw05huQpocNNRwVe.webp","4","Cleveland","Evan Mobley","C","CLE","Cavaliers","11643599","Single Stat","Single Stat","6093","true","2026-04-26T13:10:00.000-04:00","Two Pointers Attempted","1000","2-PT Att","pre_game",,,"2026-04-24T13:01:09.125-04:00"
,"CLE","FDBB30","Cleveland","Cavaliers","2026-04-24T01:41:47.408-04:00",,"CLE","Full",,"team",,,"false","2026-04-26T13:00:00.000-04:00","scheduled","TOR","CE1141","Toronto","Raptors",,"false","false","true","false","NBA","7","10.5","standard","false","183194","https://static.prizepicks.com/images/players/NBA/Immanuel_Quickley_NBA_player_2bcjDxyPSx8mw8a96yMcDl8k.webp","5","Toronto","Immanuel Quickley","G","TOR","Raptors","11643612","Single Stat","Single Stat","6094","true","2026-04-26T13:10:00.000-04:00","Points","0","Points","pre_game",,,"2026-04-24T02:23:42.448-04:00"
,"CLE","FDBB30","Cleveland","Cavaliers","2026-04-24T01:41:59.110-04:00",,"TOR","Full",,"team",,,"false","2026-04-26T13:00:00.000-04:00","scheduled","TOR","CE1141","Toronto","Raptors",,"false","false","true","false","NBA","7","10.5","standard","false","173778","https://static.prizepicks.com/images/players/NBA/Max_Strus_NBA_player_1w4QyUAxm1OzfHDFdDAodyRe.webp","2","Cleveland","Max Strus","G-F","CLE","Cavaliers","11643669","Single Stat","Single Stat","6095","true","2026-04-26T13:10:00.000-04:00","Points","0","Points","pre_game",,,"2026-04-24T13:20:36.099-04:00"
,"CLE","FDBB30","Cleveland","Cavaliers","2026-04-13T13:10:00.000-04:00",,"CLE","Full",,"team",,,"false","2026-04-26T13:00:00.000-04:00","scheduled","TOR","CE1141","Toronto","Raptors",,"false","false","true","false","NBA","7","10.5","standard","false","183185","https://static.prizepicks.com/images/players/NBA/R.J._Barrett_NBA_player_Xqi7opqaKQcXtcUIWPhwOB6j.webp","9","Toronto","RJ Barrett","F-G","TOR","Raptors","11643693","Single Stat","Single Stat","6096","true","2026-04-26T13:10:00.000-04:00","Two Pointers Attempted","1000","2-PT Att","pre_game",,,"2026-04-24T13:31:17.792-04:00"
,"CLE","FDBB30","Cleveland","Cavaliers","2026-04-24T02:28:36.456-04:00",,"CLE","Full",,"team",,,"false","2026-04-26T13:00:00.000-04:00","scheduled","TOR","CE1141","Toronto","Raptors",,"false","false","true","false","NBA","7","10.5","standard","false","220934","https://static.prizepicks.com/images/players/NBA/Ja'Kobe_Walter_NBA_player_4doPm9Lbi8qPzZMbOibxbZs.webp","14","Toronto","Ja'Kobe Walter","G","TOR","Raptors","11644349","Single Stat","Single Stat","6099","true","2026-04-26T13:10:00.000-04:00","Pts+Rebs","18","Pts+Rebs","pre_game",,,"2026-04-24T06:03:43.904-04:00"
,"CLE","FDBB30","Cleveland","Cavaliers","2026-04-24T08:37:32.570-04:00",,"CLE","Full",,"team",,,"false","2026-04-26T13:00:00.000-04:00","scheduled","TOR","CE1141","Toronto","Raptors",,"false","false","true","false","NBA","7","10.5","standard","false","274051","https://static.prizepicks.com/images/players/NBA/Collin_Murray-Boyles_NBA_player_5vDHYOLgMDjXl9RpPYPdWwoz.webp","12","Toronto","Collin Murray-Boyles","F","TOR","Raptors","11651610","Single Stat","Single Stat","6106","true","2026-04-26T13:10:00.000-04:00","Points","0","Points","pre_game",,,"2026-04-24T11:33:06.152-04:00"
"false","CLE","FDBB30","Cleveland","Cavaliers","2026-04-24T06:28:39.232-04:00",,"CLE","Full",,"team",,,"false","2026-04-26T13:00:00.000-04:00","scheduled","TOR","CE1141","Toronto","Raptors",,"false","false","true","false","NBA","7","10","standard","false","274051","https://static.prizepicks.com/images/players/NBA/Collin_Murray-Boyles_NBA_player_5vDHYOLgMDjXl9RpPYPdWwoz.webp","12","Toronto","Collin Murray-Boyles","F","TOR","Raptors","11648865","Single Stat","Single Stat","6107","true","2026-04-26T13:10:00.000-04:00","Points","0","Points","pre_game",,,"2026-04-24T07:16:19.503-04:00"
,"CLE","FDBB30","Cleveland","Cavaliers","2026-04-24T08:37:33.406-04:00",,"TOR","Full",,"team",,,"false","2026-04-26T13:00:00.000-04:00","scheduled","TOR","CE1141","Toronto","Raptors",,"false","false","true","false","NBA","7","9.5","standard","false","10740","https://static.prizepicks.com/images/players/NBA/Dean_Wade_NBA_player_EhvdBRkE23hJZocoUd1EiCTz.webp","32","Cleveland","Dean Wade","F-C","CLE","Cavaliers","11651613","Single Stat","Single Stat","6130","true","2026-04-26T13:10:00.000-04:00","Pts+Rebs+Asts","1","PRA","pre_game",,,"2026-04-24T10:29:11.706-04:00"
,"CLE","FDBB30","Cleveland","Cavaliers","2026-04-23T22:58:10.657-04:00",,"CLE","Full",,"team",,,"false","2026-04-26T13:00:00.000-04:00","scheduled","TOR","CE1141","Toronto","Raptors",,"false","false","true","false","NBA","7","8.5","standard","false","269517","https://static.prizepicks.com/images/manual/Brandon_Ingramm.png","3","Toronto","Brandon Ingram","F","TOR","Raptors","11640244","Single Stat","Single Stat","6132","true","2026-04-26T13:10:00.000-04:00","Rebs+Asts","7","Rebs+Asts","pre_game",,,"2026-04-24T03:07:23.292-04:00"
,"CLE","FDBB30","Cleveland","Cavaliers","2026-04-23T22:58:15.820-04:00",,"TOR","Full",,"team",,,"false","2026-04-26T13:00:00.000-04:00","scheduled","TOR","CE1141","Toronto","Raptors",,"false","false","true","false","NBA","7","8.5","standard","false","53979","https://static.prizepicks.com/images/players/NBA/Evan_Mobley_NBA_player_V3d2qMMdbw05huQpocNNRwVe.webp","4","Cleveland","Evan Mobley","C","CLE","Cavaliers","11640272","Single Stat","Single Stat","6133","true","2026-04-26T13:10:00.000-04:00","Rebounds","2","Rebounds","pre_game",,,"2026-04-23T23:28:27.298-04:00"
,"CLE","FDBB30","Cleveland","Cavaliers","2026-04-23T22:58:23.250-04:00",,"CLE","Full",,"team",,,"false","2026-04-26T13:00:00.000-04:00","scheduled","TOR","CE1141","Toronto","Raptors",,"false","false","true","false","NBA","7","8.5","standard","false","183185","https://static.prizepicks.com/images/players/NBA/R.J._Barrett_NBA_player_Xqi7opqaKQcXtcUIWPhwOB6j.webp","9","Toronto","RJ Barrett","F-G","TOR","Raptors","11640312","Single Stat","Single Stat","6134","true","2026-04-26T13:10:00.000-04:00","Rebs+Asts","7","Rebs+Asts","pre_game",,,"2026-04-23T23:30:50.896-04:00"
,"CLE","FDBB30","Cleveland","Cavaliers","2026-04-24T00:06:41.072-04:00",,"TOR","Full",,"team",,,"false","2026-04-26T13:00:00.000-04:00","scheduled","TOR","CE1141","Toronto","Raptors",,"false","false","true","false","NBA","7","8.5","standard","false","188006","https://static.prizepicks.com/images/players/NBA/Donovan_Mitchell_NBA_player_0rXe2XnXarwUqJPvhfPBDUy2.webp","45","Cleveland","Donovan Mitchell","G","CLE","Cavaliers","11641552","Single Stat","Single Stat","6135","true","2026-04-26T13:10:00.000-04:00","Rebs+Asts","7","Rebs+Asts","pre_game",,,"2026-04-24T08:51:41.922-04:00"
,"CLE","FDBB30","Cleveland","Cavaliers","2026-04-24T01:41:38.805-04:00",,"TOR","Full",,"team",,,"false","2026-04-26T13:00:00.000-04:00","scheduled","TOR","CE1141","Toronto","Raptors",,"false","false","true","false","NBA","7","8.5","standard","false","10740","https://static.prizepicks.com/images/players/NBA/Dean_Wade_NBA_player_EhvdBRkE23hJZocoUd1EiCTz.webp","32","Cleveland","Dean Wade","F-C","CLE","Cavaliers","11643568","Single Stat","Single Stat","6139","true","2026-04-26T13:10:00.000-04:00","Pts+Rebs","18","Pts+Rebs","pre_game",,,"2026-04-24T02:50:46.460-04:00"
,"CLE","FDBB30","Cleveland","Cavaliers","2026-04-07T13:10:00.000-04:00",,"CLE","Full",,"team",,,"false","2026-04-26T13:00:00.000-04:00","scheduled","TOR","CE1141","Toronto","Raptors",,"false","false","true","false","NBA","7","8.5","standard","false","183194","https://static.prizepicks.com/images/players/NBA/Immanuel_Quickley_NBA_player_2bcjDxyPSx8mw8a96yMcDl8k.webp","5","Toronto","Immanuel Quickley","G","TOR","Raptors","11643607","Single Stat","Single Stat","6140","true","2026-04-26T13:10:00.000-04:00","FG Attempted","12","FG Attempted","pre_game",,,"2026-04-24T13:01:08.528-04:00"
,"CLE","FDBB30","Cleveland","Cavaliers","2026-04-24T06:28:41.257-04:00",,"CLE","Full",,"team",,,"false","2026-04-26T13:00:00.000-04:00","scheduled","TOR","CE1141","Toronto","Raptors",,"false","false","true","false","NBA","7","7.5","standard","false","220934","https://static.prizepicks.com/images/players/NBA/Ja'Kobe_Walter_NBA_player_4doPm9Lbi8qPzZMbOibxbZs.webp","14","Toronto","Ja'Kobe Walter","G","TOR","Raptors","11648867","Single Stat","Single Stat","6175","true","2026-04-26T13:10:00.000-04:00","Points","0","Points","pre_game",,,"2026-04-24T08:43:34.681-04:00"
,"CLE","FDBB30","Cleveland","Cavaliers","2026-04-23T22:58:16.801-04:00",,"TOR","Full",,"team",,,"false","2026-04-26T13:00:00.000-04:00","scheduled","TOR","CE1141","Toronto","Raptors",,"false","false","true","false","NBA","7","6.5","standard","false","299373","https://static.prizepicks.com/images/manual/James Harden CLE.png","1","Cleveland","James Harden","G","CLE","Cavaliers","11640278","Single Stat","Single Stat","6179","true","2026-04-26T13:10:00.000-04:00","Assists","5","Assists","pre_game",,,"2026-04-23T23:52:40.135-04:00"
,"CLE","FDBB30","Cleveland","Cavaliers","2026-04-23T22:58:23.919-04:00",,"CLE","Full",,"team",,,"false","2026-04-26T13:00:00.000-04:00","scheduled","TOR","CE1141","Toronto","Raptors",,"false","false","true","false","NBA","7","6.5","standard","false","188002","https://static.prizepicks.com/images/players/NBA/Scottie_Barnes_NBA_player_CA6jRIM1PBTqp5mxIeLVkhys.webp","4","Toronto","Scottie Barnes","F-G","TOR","Raptors","11640317","Single Stat","Single Stat","6180","true","2026-04-26T13:10:00.000-04:00","Assists","5","Assists","pre_game",,,"2026-04-24T00:15:07.784-04:00"
,"CLE","FDBB30","Cleveland","Cavaliers","2026-03-02T13:10:00.000-05:00",,"TOR","Full",,"team",,,"false","2026-04-26T13:00:00.000-04:00","scheduled","TOR","CE1141","Toronto","Raptors",,"false","false","true","false","NBA","7","6.5","standard","false","188006","https://static.prizepicks.com/images/players/NBA/Donovan_Mitchell_NBA_player_0rXe2XnXarwUqJPvhfPBDUy2.webp","45","Cleveland","Donovan Mitchell","G","CLE","Cavaliers","11643578","Single Stat","Single Stat","6190","true","2026-04-26T13:10:00.000-04:00","Free Throws Attempted","30","FTA","pre_game",,,"2026-04-24T13:01:07.179-04:00"
,"CLE","FDBB30","Cleveland","Cavaliers","2026-04-24T01:41:50.607-04:00",,"CLE","Full",,"team",,,"false","2026-04-26T13:00:00.000-04:00","scheduled","TOR","CE1141","Toronto","Raptors",,"false","false","true","false","NBA","7","6.5","standard","false","96540","https://static.prizepicks.com/images/players/NBA/Jakob_Poeltl_NBA_player_ju9rfJBLTXIDW3saYYyfg8xR.webp","19","Toronto","Jakob Poeltl","C","TOR","Raptors","11643628","Single Stat","Single Stat","6192","true","2026-04-26T13:10:00.000-04:00","Points","0","Points","pre_game",,,"2026-04-24T06:49:20.326-04:00"
,"CLE","FDBB30","Cleveland","Cavaliers","2026-03-29T13:10:00.000-04:00",,"TOR","Full",,"team",,,"false","2026-04-26T13:00:00.000-04:00","scheduled","TOR","CE1141","Toronto","Raptors",,"false","false","true","false","NBA","7","6.5","standard","false","299373","https://static.prizepicks.com/images/manual/James Harden CLE.png","1","Cleveland","James Harden","G","CLE","Cavaliers","11643648","Single Stat","Single Stat","6193","true","2026-04-26T13:10:00.000-04:00","Two Pointers Attempted","1000","2-PT Att","pre_game",,,"2026-04-24T14:06:53.979-04:00"
,"CLE","FDBB30","Cleveland","Cavaliers","2026-04-24T01:42:00.257-04:00",,"TOR","Full",,"team",,,"false","2026-04-26T13:00:00.000-04:00","scheduled","TOR","CE1141","Toronto","Raptors",,"false","false","true","false","NBA","7","6.5","standard","false","173778","https://static.prizepicks.com/images/players/NBA/Max_Strus_NBA_player_1w4QyUAxm1OzfHDFdDAodyRe.webp","2","Cleveland","Max Strus","G-F","CLE","Cavaliers","11643675","Single Stat","Single Stat","6194","true","2026-04-26T13:10:00.000-04:00","Rebs+Asts","7","Rebs+Asts","pre_game",,,"2026-04-24T13:01:07.292-04:00"
,"CLE","FDBB30","Cleveland","Cavaliers","2026-04-24T01:42:06.400-04:00",,"TOR","Full",,"team",,,"false","2026-04-26T13:00:00.000-04:00","scheduled","TOR","CE1141","Toronto","Raptors",,"false","false","true","false","NBA","7","6.5","standard","false","125464","https://static.prizepicks.com/images/players/NBA/Sam_Merrill_NBA_player_2dFXT8dkmznuwBwNkkn0SZSv.webp","5","Cleveland","Sam Merrill","G","CLE","Cavaliers","11643702","Single Stat","Single Stat","6195","true","2026-04-26T13:10:00.000-04:00","Points","0","Points","pre_game",,,"2026-04-24T06:18:55.009-04:00"
,"CLE","FDBB30","Cleveland","Cavaliers","2026-04-24T02:28:35.182-04:00",,"CLE","Full",,"team",,,"false","2026-04-26T13:00:00.000-04:00","scheduled","TOR","CE1141","Toronto","Raptors",,"false","false","true","false","NBA","7","6.5","standard","false","183194","https://static.prizepicks.com/images/players/NBA/Immanuel_Quickley_NBA_player_2bcjDxyPSx8mw8a96yMcDl8k.webp","5","Toronto","Immanuel Quickley","G","TOR","Raptors","11644342","Single Stat","Single Stat","6199","true","2026-04-26T13:10:00.000-04:00","Rebs+Asts","7","Rebs+Asts","pre_game",,,"2026-04-24T07:41:35.253-04:00"
,"CLE","FDBB30","Cleveland","Cavaliers","2026-04-05T13:10:00.000-04:00",,"CLE","Full",,"team",,,"false","2026-04-26T13:00:00.000-04:00","scheduled","TOR","CE1141","Toronto","Raptors",,"false","false","true","false","NBA","7","5.5","standard","false","269517","https://static.prizepicks.com/images/manual/Brandon_Ingramm.png","3","Toronto","Brandon Ingram","F","TOR","Raptors","11643557","Single Stat","Single Stat","6218","true","2026-04-26T13:10:00.000-04:00","Two Pointers Made","1001","2-PT Made","pre_game",,,"2026-04-24T13:01:08.819-04:00"
,"CLE","FDBB30","Cleveland","Cavaliers","2026-03-31T13:10:00.000-04:00",,"TOR","Full",,"team",,,"false","2026-04-26T13:00:00.000-04:00","scheduled","TOR","CE1141","Toronto","Raptors",,"false","false","true","false","NBA","7","5.5","standard","false","188006","https://static.prizepicks.com/images/players/NBA/Donovan_Mitchell_NBA_player_0rXe2XnXarwUqJPvhfPBDUy2.webp","45","Cleveland","Donovan Mitchell","G","CLE","Cavaliers","11643579","Single Stat","Single Stat","6219","true","2026-04-26T13:10:00.000-04:00","Free Throws Made","11","FTM","pre_game",,,"2026-04-24T13:01:09.043-04:00"
,"CLE","FDBB30","Cleveland","Cavaliers","2026-03-02T13:10:00.000-05:00",,"TOR","Full",,"team",,,"false","2026-04-26T13:00:00.000-04:00","scheduled","TOR","CE1141","Toronto","Raptors",,"false","false","true","false","NBA","7","5.5","standard","false","299373","https://static.prizepicks.com/images/manual/James Harden CLE.png","1","Cleveland","James Harden","G","CLE","Cavaliers","11643640","Single Stat","Single Stat","6220","true","2026-04-26T13:10:00.000-04:00","Free Throws Attempted","30","FTA","pre_game",,,"2026-04-24T13:01:07.224-04:00"
,"CLE","FDBB30","Cleveland","Cavaliers","2026-04-24T08:37:33.212-04:00",,"TOR","Full",,"team",,,"false","2026-04-26T13:00:00.000-04:00","scheduled","TOR","CE1141","Toronto","Raptors",,"false","false","true","false","NBA","7","5.5","standard","false","10740","https://static.prizepicks.com/images/players/NBA/Dean_Wade_NBA_player_EhvdBRkE23hJZocoUd1EiCTz.webp","32","Cleveland","Dean Wade","F-C","CLE","Cavaliers","11651612","Single Stat","Single Stat","6234","true","2026-04-26T13:10:00.000-04:00","Pts+Asts","10","Pts+Asts","pre_game",,,"2026-04-24T08:35:33.271-04:00"
"false","CLE","FDBB30","Cleveland","Cavaliers","2026-04-24T01:41:51.155-04:00",,"CLE","Full",,"team",,,"false","2026-04-26T13:00:00.000-04:00","scheduled","TOR","CE1141","Toronto","Raptors",,"false","false","true","false","NBA","7","5","standard","false","96540","https://static.prizepicks.com/images/players/NBA/Jakob_Poeltl_NBA_player_ju9rfJBLTXIDW3saYYyfg8xR.webp","19","Toronto","Jakob Poeltl","C","TOR","Raptors","11643631","Single Stat","Single Stat","6237","true","2026-04-26T13:10:00.000-04:00","Rebounds","2","Rebounds","pre_game",,,"2026-04-24T11:12:15.486-04:00"
"false","CLE","FDBB30","Cleveland","Cavaliers","2026-04-24T00:40:00.000-04:00",,"CLE/TOR","Full",,"combo",,,"false","2026-04-26T13:00:00.000-04:00","scheduled","TOR","CE1141","Toronto","Raptors",,"false","false","true","false","NBA","7","4.5","standard","true","314792","https://static.prizepicks.com/images/players/CMBO_group_d0RLIDzDDhAnmpouWIu2zb6Y.webp","9 + 45",,"RJ Barrett + Donovan Mitchell","F-G","TOR/CLE","Raptors/Cavaliers","11642720","Single Stat","Single Stat","6249","true","2026-04-26T13:10:00.000-04:00","3-PT Made (Combo)","10","3PTM","pre_game",,,"2026-04-24T01:47:08.577-04:00"
"false","CLE","FDBB30","Cleveland","Cavaliers","2026-04-24T00:40:00.000-04:00",,"CLE/TOR","Full",,"combo",,,"false","2026-04-26T13:00:00.000-04:00","scheduled","TOR","CE1141","Toronto","Raptors",,"false","false","true","false","NBA","7","4.5","standard","true","314783","https://static.prizepicks.com/images/players/CMBO_group_DClpStjYvntNJanhKHICd4tW.webp","9 + 1",,"RJ Barrett + James Harden","F-G","TOR/CLE","Raptors/Cavaliers","11642758","Single Stat","Single Stat","6250","true","2026-04-26T13:10:00.000-04:00","3-PT Made (Combo)","10","3PTM","pre_game",,,"2026-04-24T01:39:06.946-04:00"
,"CLE","FDBB30","Cleveland","Cavaliers","2026-04-24T01:41:38.619-04:00",,"TOR","Full",,"team",,,"false","2026-04-26T13:00:00.000-04:00","scheduled","TOR","CE1141","Toronto","Raptors",,"false","false","true","false","NBA","7","4.5","standard","false","10740","https://static.prizepicks.com/images/players/NBA/Dean_Wade_NBA_player_EhvdBRkE23hJZocoUd1EiCTz.webp","32","Cleveland","Dean Wade","F-C","CLE","Cavaliers","11643567","Single Stat","Single Stat","6251","true","2026-04-26T13:10:00.000-04:00","Points","0","Points","pre_game",,,"2026-04-24T06:49:20.314-04:00"
,"CLE","FDBB30","Cleveland","Cavaliers","2026-03-02T13:10:00.000-05:00",,"TOR","Full",,"team",,,"false","2026-04-26T13:00:00.000-04:00","scheduled","TOR","CE1141","Toronto","Raptors",,"false","false","true","false","NBA","7","4.5","standard","false","53979","https://static.prizepicks.com/images/players/NBA/Evan_Mobley_NBA_player_V3d2qMMdbw05huQpocNNRwVe.webp","4","Cleveland","Evan Mobley","C","CLE","Cavaliers","11643591","Single Stat","Single Stat","6252","true","2026-04-26T13:10:00.000-04:00","Free Throws Attempted","30","FTA","pre_game",,,"2026-04-24T13:01:07.216-04:00"
,"CLE","FDBB30","Cleveland","Cavaliers","2026-04-07T13:10:00.000-04:00",,"CLE","Full",,"team",,,"false","2026-04-26T13:00:00.000-04:00","scheduled","TOR","CE1141","Toronto","Raptors",,"false","false","true","false","NBA","7","4.5","standard","false","96540","https://static.prizepicks.com/images/players/NBA/Jakob_Poeltl_NBA_player_ju9rfJBLTXIDW3saYYyfg8xR.webp","19","Toronto","Jakob Poeltl","C","TOR","Raptors","11643623","Single Stat","Single Stat","6253","true","2026-04-26T13:10:00.000-04:00","FG Attempted","12","FG Attempted","pre_game",,,"2026-04-24T13:01:08.474-04:00"
,"CLE","FDBB30","Cleveland","Cavaliers","2026-04-13T13:10:00.000-04:00",,"CLE","Full",,"team",,,"false","2026-04-26T13:00:00.000-04:00","scheduled","TOR","CE1141","Toronto","Raptors",,"false","false","true","false","NBA","7","4.5","standard","false","96540","https://static.prizepicks.com/images/players/NBA/Jakob_Poeltl_NBA_player_ju9rfJBLTXIDW3saYYyfg8xR.webp","19","Toronto","Jakob Poeltl","C","TOR","Raptors","11643634","Single Stat","Single Stat","6254","true","2026-04-26T13:10:00.000-04:00","Two Pointers Attempted","1000","2-PT Att","pre_game",,,"2026-04-24T13:01:09.113-04:00"
,"CLE","FDBB30","Cleveland","Cavaliers","2026-03-31T13:10:00.000-04:00",,"TOR","Full",,"team",,,"false","2026-04-26T13:00:00.000-04:00","scheduled","TOR","CE1141","Toronto","Raptors",,"false","false","true","false","NBA","7","4.5","standard","false","299373","https://static.prizepicks.com/images/manual/James Harden CLE.png","1","Cleveland","James Harden","G","CLE","Cavaliers","11643641","Single Stat","Single Stat","6256","true","2026-04-26T13:10:00.000-04:00","Free Throws Made","11","FTM","pre_game",,,"2026-04-24T13:01:08.992-04:00"
,"CLE","FDBB30","Cleveland","Cavaliers","2026-04-06T13:10:00.000-04:00",,"CLE","Full",,"team",,,"false","2026-04-26T13:00:00.000-04:00","scheduled","TOR","CE1141","Toronto","Raptors",,"false","false","true","false","NBA","7","4.5","standard","false","183185","https://static.prizepicks.com/images/players/NBA/R.J._Barrett_NBA_player_Xqi7opqaKQcXtcUIWPhwOB6j.webp","9","Toronto","RJ Barrett","F-G","TOR","Raptors","11643686","Single Stat","Single Stat","6258","true","2026-04-26T13:10:00.000-04:00","Free Throws Made","11","FTM","pre_game",,,"2026-04-24T13:01:08.870-04:00"
,"CLE","FDBB30","Cleveland","Cavaliers","2026-04-07T13:10:00.000-04:00",,"CLE","Full",,"team",,,"false","2026-04-26T13:00:00.000-04:00","scheduled","TOR","CE1141","Toronto","Raptors",,"false","false","true","false","NBA","7","4.5","standard","false","188002","https://static.prizepicks.com/images/players/NBA/Scottie_Barnes_NBA_player_CA6jRIM1PBTqp5mxIeLVkhys.webp","4","Toronto","Scottie Barnes","F-G","TOR","Raptors","11643712","Single Stat","Single Stat","6259","true","2026-04-26T13:10:00.000-04:00","Free Throws Attempted","30","FTA","pre_game",,,"2026-04-24T13:01:07.259-04:00"
,"CLE","FDBB30","Cleveland","Cavaliers","2026-04-23T22:58:08.670-04:00",,"CLE","Full",,"team",,,"false","2026-04-26T13:00:00.000-04:00","scheduled","TOR","CE1141","Toronto","Raptors",,"false","false","true","false","NBA","7","3.5","standard","false","269517","https://static.prizepicks.com/images/manual/Brandon_Ingramm.png","3","Toronto","Brandon Ingram","F","TOR","Raptors","11640233","Single Stat","Single Stat","6276","true","2026-04-26T13:10:00.000-04:00","Assists","5","Assists","pre_game",,,"2026-04-24T13:46:20.503-04:00"
"true","CLE","FDBB30","Cleveland","Cavaliers","2026-04-24T01:41:39.170-04:00",,"TOR","Full",,"team",,,"false","2026-04-26T13:00:00.000-04:00","scheduled","TOR","CE1141","Toronto","Raptors",,"false","false","true","false","NBA","7","3.5","standard","false","10740","https://static.prizepicks.com/images/players/NBA/Dean_Wade_NBA_player_EhvdBRkE23hJZocoUd1EiCTz.webp","32","Cleveland","Dean Wade","F-C","CLE","Cavaliers","11643570","Single Stat","Single Stat","6288","true","2026-04-26T13:10:00.000-04:00","Rebounds","2","Rebounds","pre_game",,,"2026-04-24T11:12:23.943-04:00"
,"CLE","FDBB30","Cleveland","Cavaliers","2026-04-13T13:10:00.000-04:00",,"CLE","Full",,"team",,,"false","2026-04-26T13:00:00.000-04:00","scheduled","TOR","CE1141","Toronto","Raptors",,"false","false","true","false","NBA","7","3.5","standard","false","183194","https://static.prizepicks.com/images/players/NBA/Immanuel_Quickley_NBA_player_2bcjDxyPSx8mw8a96yMcDl8k.webp","5","Toronto","Immanuel Quickley","G","TOR","Raptors","11643619","Single Stat","Single Stat","6290","true","2026-04-26T13:10:00.000-04:00","Two Pointers Attempted","1000","2-PT Att","pre_game",,,"2026-04-24T13:01:09.355-04:00"
,"CLE","FDBB30","Cleveland","Cavaliers","2026-04-24T01:41:54.535-04:00",,"TOR","Full",,"team",,,"false","2026-04-26T13:00:00.000-04:00","scheduled","TOR","CE1141","Toronto","Raptors",,"false","false","true","false","NBA","7","3.5","standard","false","299373","https://static.prizepicks.com/images/manual/James Harden CLE.png","1","Cleveland","James Harden","G","CLE","Cavaliers","11643647","Single Stat","Single Stat","6291","true","2026-04-26T13:10:00.000-04:00","Turnovers","33","Turnovers","pre_game",,,"2026-04-24T13:01:06.155-04:00"
,"CLE","FDBB30","Cleveland","Cavaliers","2026-04-23T13:10:00.000-04:00",,"TOR","Full",,"team",,,"false","2026-04-26T13:00:00.000-04:00","scheduled","TOR","CE1141","Toronto","Raptors",,"false","false","true","false","NBA","7","2.5","standard","false","299373","https://static.prizepicks.com/images/manual/James Harden CLE.png","1","Cleveland","James Harden","G","CLE","Cavaliers","11640275","Single Stat","Single Stat","6313","true","2026-04-26T13:10:00.000-04:00","3-PT Made","4","3PTM","pre_game",,,"2026-04-24T10:57:01.989-04:00"
,"CLE","FDBB30","Cleveland","Cavaliers","2026-04-08T13:10:00.000-04:00",,"CLE","Full",,"team",,,"false","2026-04-26T13:00:00.000-04:00","scheduled","TOR","CE1141","Toronto","Raptors",,"false","false","true","false","NBA","7","2.5","standard","false","269517","https://static.prizepicks.com/images/manual/Brandon_Ingramm.png","3","Toronto","Brandon Ingram","F","TOR","Raptors","11643551","Single Stat","Single Stat","6322","true","2026-04-26T13:10:00.000-04:00","Personal Fouls","30","Personal Fouls","pre_game",,,"2026-04-24T13:01:06.124-04:00"
,"CLE","FDBB30","Cleveland","Cavaliers","2026-03-02T13:10:00.000-05:00",,"TOR","Full",,"team",,,"false","2026-04-26T13:00:00.000-04:00","scheduled","TOR","CE1141","Toronto","Raptors",,"false","false","true","false","NBA","7","2.5","standard","false","26792","https://static.prizepicks.com/images/players/NBA/Jarrett_Allen_NBA_player_IBSK04adajN6nXaTEpotn53R.webp","31","Cleveland","Jarrett Allen","C","CLE","Cavaliers","11643655","Single Stat","Single Stat","6329","true","2026-04-26T13:10:00.000-04:00","Free Throws Attempted","30","FTA","pre_game",,,"2026-04-24T13:01:07.189-04:00"
,"CLE","FDBB30","Cleveland","Cavaliers","2026-03-08T13:10:00.000-04:00",,"TOR","Full",,"team",,,"false","2026-04-26T13:00:00.000-04:00","scheduled","TOR","CE1141","Toronto","Raptors",,"false","false","true","false","NBA","7","2.5","standard","false","173778","https://static.prizepicks.com/images/players/NBA/Max_Strus_NBA_player_1w4QyUAxm1OzfHDFdDAodyRe.webp","2","Cleveland","Max Strus","G-F","CLE","Cavaliers","11643668","Single Stat","Single Stat","6333","true","2026-04-26T13:10:00.000-04:00","Personal Fouls","30","Personal Fouls","pre_game",,,"2026-04-24T13:01:06.085-04:00"
,"CLE","FDBB30","Cleveland","Cavaliers","2026-04-24T01:42:09.997-04:00",,"CLE","Full",,"team",,,"false","2026-04-26T13:00:00.000-04:00","scheduled","TOR","CE1141","Toronto","Raptors",,"false","false","true","false","NBA","7","2.5","standard","false","188002","https://static.prizepicks.com/images/players/NBA/Scottie_Barnes_NBA_player_CA6jRIM1PBTqp5mxIeLVkhys.webp","4","Toronto","Scottie Barnes","F-G","TOR","Raptors","11643720","Single Stat","Single Stat","6335","true","2026-04-26T13:10:00.000-04:00","Turnovers","33","Turnovers","pre_game",,,"2026-04-24T13:18:19.975-04:00"
,"CLE","FDBB30","Cleveland","Cavaliers","2026-04-24T13:39:22.409-04:00",,"TOR","Full",,"team",,,"false","2026-04-26T13:00:00.000-04:00","scheduled","TOR","CE1141","Toronto","Raptors",,"false","false","true","false","NBA","7","2.5","standard","false","188006","https://static.prizepicks.com/images/players/NBA/Donovan_Mitchell_NBA_player_0rXe2XnXarwUqJPvhfPBDUy2.webp","45","Cleveland","Donovan Mitchell","G","CLE","Cavaliers","11655251","Single Stat","Single Stat","6360","true","2026-04-26T13:10:00.000-04:00","Turnovers","33","Turnovers","pre_game",,,"2026-04-24T13:37:22.481-04:00"
,"CLE","FDBB30","Cleveland","Cavaliers","2026-04-23T13:10:00.000-04:00",,"CLE","Full",,"team",,,"false","2026-04-26T13:00:00.000-04:00","scheduled","TOR","CE1141","Toronto","Raptors",,"false","false","true","false","NBA","7","1.5","standard","false","183185","https://static.prizepicks.com/images/players/NBA/R.J._Barrett_NBA_player_Xqi7opqaKQcXtcUIWPhwOB6j.webp","9","Toronto","RJ Barrett","F-G","TOR","Raptors","11640299","Single Stat","Single Stat","6364","true","2026-04-26T13:10:00.000-04:00","3-PT Made","4","3PTM","pre_game",,,"2026-04-24T10:53:25.849-04:00"
,"CLE","FDBB30","Cleveland","Cavaliers","2026-04-06T13:10:00.000-04:00",,"CLE","Full",,"team",,,"false","2026-04-26T13:00:00.000-04:00","scheduled","TOR","CE1141","Toronto","Raptors",,"false","false","true","false","NBA","7","1.5","standard","false","183194","https://static.prizepicks.com/images/players/NBA/Immanuel_Quickley_NBA_player_2bcjDxyPSx8mw8a96yMcDl8k.webp","5","Toronto","Immanuel Quickley","G","TOR","Raptors","11643610","Single Stat","Single Stat","6374","true","2026-04-26T13:10:00.000-04:00","Free Throws Made","11","FTM","pre_game",,,"2026-04-24T13:33:59.909-04:00"
,"CLE","FDBB30","Cleveland","Cavaliers","2026-03-29T13:10:00.000-04:00",,"TOR","Full",,"team",,,"false","2026-04-26T13:00:00.000-04:00","scheduled","TOR","CE1141","Toronto","Raptors",,"false","false","true","false","NBA","7","1.5","standard","false","173778","https://static.prizepicks.com/images/players/NBA/Max_Strus_NBA_player_1w4QyUAxm1OzfHDFdDAodyRe.webp","2","Cleveland","Max Strus","G-F","CLE","Cavaliers","11643678","Single Stat","Single Stat","6382","true","2026-04-26T13:10:00.000-04:00","Two Pointers Attempted","1000","2-PT Att","pre_game",,,"2026-04-24T13:01:09.118-04:00"
"true","CLE","FDBB30","Cleveland","Cavaliers","2026-04-23T13:10:00.000-04:00",,"TOR","Full",,"team",,,"false","2026-04-26T13:00:00.000-04:00","scheduled","TOR","CE1141","Toronto","Raptors",,"false","false","true","false","NBA","7","1.5","standard","false","125464","https://static.prizepicks.com/images/players/NBA/Sam_Merrill_NBA_player_2dFXT8dkmznuwBwNkkn0SZSv.webp","5","Cleveland","Sam Merrill","G","CLE","Cavaliers","11643695","Single Stat","Single Stat","6383","true","2026-04-26T13:10:00.000-04:00","3-PT Made","4","3PTM","pre_game",,,"2026-04-24T10:39:10.287-04:00"
,"CLE","FDBB30","Cleveland","Cavaliers","2026-03-08T13:10:00.000-04:00",,"TOR","Full",,"team",,,"false","2026-04-26T13:00:00.000-04:00","scheduled","TOR","CE1141","Toronto","Raptors",,"false","false","true","false","NBA","7","1.5","standard","false","125464","https://static.prizepicks.com/images/players/NBA/Sam_Merrill_NBA_player_2dFXT8dkmznuwBwNkkn0SZSv.webp","5","Cleveland","Sam Merrill","G","CLE","Cavaliers","11643701","Single Stat","Single Stat","6385","true","2026-04-26T13:10:00.000-04:00","Personal Fouls","30","Personal Fouls","pre_game",,,"2026-04-24T13:01:06.050-04:00"
,"CLE","FDBB30","Cleveland","Cavaliers","2026-04-24T01:42:09.821-04:00",,"CLE","Full",,"team",,,"false","2026-04-26T13:00:00.000-04:00","scheduled","TOR","CE1141","Toronto","Raptors",,"false","false","true","false","NBA","7","1.5","standard","false","188002","https://static.prizepicks.com/images/players/NBA/Scottie_Barnes_NBA_player_CA6jRIM1PBTqp5mxIeLVkhys.webp","4","Toronto","Scottie Barnes","F-G","TOR","Raptors","11643719","Single Stat","Single Stat","6387","true","2026-04-26T13:10:00.000-04:00","Steals","24","Steals","pre_game",,,"2026-04-24T04:38:25.260-04:00"
,"CLE","FDBB30","Cleveland","Cavaliers","2026-04-23T13:10:00.000-04:00",,"CLE","Full",,"team",,,"false","2026-04-26T13:00:00.000-04:00","scheduled","TOR","CE1141","Toronto","Raptors",,"false","false","true","false","NBA","7","1.5","standard","false","220934","https://static.prizepicks.com/images/players/NBA/Ja'Kobe_Walter_NBA_player_4doPm9Lbi8qPzZMbOibxbZs.webp","14","Toronto","Ja'Kobe Walter","G","TOR","Raptors","11644345","Single Stat","Single Stat","6395","true","2026-04-26T13:10:00.000-04:00","3-PT Made","4","3PTM","pre_game",,,"2026-04-24T11:00:03.248-04:00"
,"CLE","FDBB30","Cleveland","Cavaliers","2026-04-24T03:20:53.630-04:00",,"TOR","Full",,"team",,,"false","2026-04-26T13:00:00.000-04:00","scheduled","TOR","CE1141","Toronto","Raptors",,"false","false","true","false","NBA","7","1.5","standard","false","299373","https://static.prizepicks.com/images/manual/James Harden CLE.png","1","Cleveland","James Harden","G","CLE","Cavaliers","11645108","Single Stat","Single Stat","6406","true","2026-04-26T13:10:00.000-04:00","Blks+Stls","31","Blks+Stls","pre_game",,,"2026-04-24T13:01:09.190-04:00"
"true","CLE","FDBB30","Cleveland","Cavaliers","2026-04-23T13:10:00.000-04:00",,"TOR","Full",,"team",,,"false","2026-04-26T13:00:00.000-04:00","scheduled","TOR","CE1141","Toronto","Raptors",,"false","false","true","false","NBA","7","0.5","standard","false","53979","https://static.prizepicks.com/images/players/NBA/Evan_Mobley_NBA_player_V3d2qMMdbw05huQpocNNRwVe.webp","4","Cleveland","Evan Mobley","C","CLE","Cavaliers","11643014","Single Stat","Single Stat","6416","true","2026-04-26T13:10:00.000-04:00","3-PT Made","4","3PTM","pre_game",,,"2026-04-24T11:25:16.462-04:00"
,"CLE","FDBB30","Cleveland","Cavaliers","2026-04-24T01:41:34.718-04:00",,"CLE","Full",,"team",,,"false","2026-04-26T13:00:00.000-04:00","scheduled","TOR","CE1141","Toronto","Raptors",,"false","false","true","false","NBA","7","0.5","standard","false","269517","https://static.prizepicks.com/images/manual/Brandon_Ingramm.png","3","Toronto","Brandon Ingram","F","TOR","Raptors","11643548","Single Stat","Single Stat","6418","true","2026-04-26T13:10:00.000-04:00","Blocked Shots","23","Blocked Shots","pre_game",,,"2026-04-24T02:39:56.367-04:00"
,"CLE","FDBB30","Cleveland","Cavaliers","2026-04-13T13:10:00.000-04:00",,"TOR","Full",,"team",,,"false","2026-04-26T13:00:00.000-04:00","scheduled","TOR","CE1141","Toronto","Raptors",,"false","false","true","false","NBA","7","0.5","standard","false","10740","https://static.prizepicks.com/images/players/NBA/Dean_Wade_NBA_player_EhvdBRkE23hJZocoUd1EiCTz.webp","32","Cleveland","Dean Wade","F-C","CLE","Cavaliers","11643574","Single Stat","Single Stat","6425","true","2026-04-26T13:10:00.000-04:00","Two Pointers Made","1001","2-PT Made","pre_game",,,"2026-04-24T13:01:09.087-04:00"
,"CLE","FDBB30","Cleveland","Cavaliers","2026-04-24T01:41:49.470-04:00",,"CLE","Full",,"team",,,"false","2026-04-26T13:00:00.000-04:00","scheduled","TOR","CE1141","Toronto","Raptors",,"false","false","true","false","NBA","7","0.5","standard","false","96540","https://static.prizepicks.com/images/players/NBA/Jakob_Poeltl_NBA_player_ju9rfJBLTXIDW3saYYyfg8xR.webp","19","Toronto","Jakob Poeltl","C","TOR","Raptors","11643622","Single Stat","Single Stat","6429","true","2026-04-26T13:10:00.000-04:00","Blocked Shots","23","Blocked Shots","pre_game",,,"2026-04-24T02:39:56.383-04:00"
,"CLE","FDBB30","Cleveland","Cavaliers","2026-04-06T13:10:00.000-04:00",,"CLE","Full",,"team",,,"false","2026-04-26T13:00:00.000-04:00","scheduled","TOR","CE1141","Toronto","Raptors",,"false","false","true","false","NBA","7","0.5","standard","false","96540","https://static.prizepicks.com/images/players/NBA/Jakob_Poeltl_NBA_player_ju9rfJBLTXIDW3saYYyfg8xR.webp","19","Toronto","Jakob Poeltl","C","TOR","Raptors","11643626","Single Stat","Single Stat","6430","true","2026-04-26T13:10:00.000-04:00","Free Throws Made","11","FTM","pre_game",,,"2026-04-24T13:20:35.893-04:00"
,"CLE","FDBB30","Cleveland","Cavaliers","2026-04-24T01:41:51.331-04:00",,"CLE","Full",,"team",,,"false","2026-04-26T13:00:00.000-04:00","scheduled","TOR","CE1141","Toronto","Raptors",,"false","false","true","false","NBA","7","0.5","standard","false","96540","https://static.prizepicks.com/images/players/NBA/Jakob_Poeltl_NBA_player_ju9rfJBLTXIDW3saYYyfg8xR.webp","19","Toronto","Jakob Poeltl","C","TOR","Raptors","11643632","Single Stat","Single Stat","6431","true","2026-04-26T13:10:00.000-04:00","Steals","24","Steals","pre_game",,,"2026-04-24T06:43:30.128-04:00"
,"CLE","FDBB30","Cleveland","Cavaliers","2026-04-24T13:24:30.841-04:00",,"TOR","Full",,"team",,,"false","2026-04-26T13:00:00.000-04:00","scheduled","TOR","CE1141","Toronto","Raptors",,"false","false","true","false","NBA","7","0.5","standard","false","173778","https://static.prizepicks.com/images/players/NBA/Max_Strus_NBA_player_1w4QyUAxm1OzfHDFdDAodyRe.webp","2","Cleveland","Max Strus","G-F","CLE","Cavaliers","11655097","Single Stat","Single Stat","6459","true","2026-04-26T13:10:00.000-04:00","Blks+Stls","31","Blks+Stls","pre_game",,,"2026-04-24T14:06:58.749-04:00"
